Copyright 1986-2022 Xilinx, Inc. All Rights Reserved. Copyright 2022-2026 Advanced Micro Devices, Inc. All Rights Reserved.
------------------------------------------------------------------------------------------------------------------------------------------------------------------------------------------------------------------------------------------------------------
| Tool Version : Vivado v.2026.1 (win64) Build 6511674 Tue Jun 16 11:02:23 MDT 2026
| Date         : Sat Sep 12 23:43:25 2026
| Host         : DiabloMobDragon running 64-bit major release  (build 9200)
| Command      : report_timing_summary -max_paths 10 -routable_nets -report_unconstrained -file lab_1b_top_level_timing_summary_routed.rpt -pb lab_1b_top_level_timing_summary_routed.pb -rpx lab_1b_top_level_timing_summary_routed.rpx -warn_on_violation
| Design       : lab_1b_top_level
| Device       : 7a35t-cpg236
| Speed File   : -1  PRODUCTION 1.23 2018-06-13
| Design State : Routed
------------------------------------------------------------------------------------------------------------------------------------------------------------------------------------------------------------------------------------------------------------

Timing Summary Report

------------------------------------------------------------------------------------------------
| Timer Settings
| --------------
------------------------------------------------------------------------------------------------

  Enable Multi Corner Analysis               :  Yes
  Enable Pessimism Removal                   :  Yes
  Pessimism Removal Resolution               :  Nearest Common Node
  Enable Input Delay Default Clock           :  No
  Enable Preset / Clear Arcs                 :  No
  Disable Flight Delays                      :  No
  Ignore I/O Paths                           :  No
  Timing Early Launch at Borrowing Latches   :  No
  Borrow Time for Max Delay Exceptions       :  Yes
  Merge Timing Exceptions                    :  Yes
  Inter-SLR Compensation                     :  Conservative

  Corner  Analyze    Analyze    
  Name    Max Paths  Min Paths  
  ------  ---------  ---------  
  Slow    Yes        Yes        
  Fast    Yes        Yes        


------------------------------------------------------------------------------------------------
| Report Methodology
| ------------------
------------------------------------------------------------------------------------------------

Rule       Severity  Description                    Violations  
---------  --------  -----------------------------  ----------  
TIMING-18  Warning   Missing input or output delay  28          

Note: This report is based on the most recent report_methodology run and may not be up-to-date. Run report_methodology on the current design for the latest report.



check_timing report

Table of Contents
-----------------
1. checking no_clock (0)
2. checking constant_clock (0)
3. checking pulse_width_clock (0)
4. checking unconstrained_internal_endpoints (0)
5. checking no_input_delay (17)
6. checking no_output_delay (11)
7. checking multiple_clock (0)
8. checking generated_clocks (0)
9. checking loops (0)
10. checking partial_input_delay (0)
11. checking partial_output_delay (0)
12. checking latch_loops (0)

1. checking no_clock (0)
------------------------
 There are 0 register/latch pins with no clock.


2. checking constant_clock (0)
------------------------------
 There are 0 register/latch pins with constant_clock.


3. checking pulse_width_clock (0)
---------------------------------
 There are 0 register/latch pins which need pulse_width check


4. checking unconstrained_internal_endpoints (0)
------------------------------------------------
 There are 0 pins that are not constrained for maximum delay.

 There are 0 pins that are not constrained for maximum delay due to constant clock.


5. checking no_input_delay (17)
-------------------------------
 There are 17 input ports with no input delay specified. (HIGH)

 There are 0 input ports with no input delay but user has a false path constraint.


6. checking no_output_delay (11)
--------------------------------
 There are 11 ports with no output delay specified. (HIGH)

 There are 0 ports with no output delay but user has a false path constraint

 There are 0 ports with no output delay but with a timing clock defined on it or propagating through it


7. checking multiple_clock (0)
------------------------------
 There are 0 register/latch pins with multiple clocks.


8. checking generated_clocks (0)
--------------------------------
 There are 0 generated clocks that are not connected to a clock source.


9. checking loops (0)
---------------------
 There are 0 combinational loops in the design.


10. checking partial_input_delay (0)
------------------------------------
 There are 0 input ports with partial input delay specified.


11. checking partial_output_delay (0)
-------------------------------------
 There are 0 ports with partial output delay specified.


12. checking latch_loops (0)
----------------------------
 There are 0 combinational latch loops in the design through latch input



------------------------------------------------------------------------------------------------
| Design Timing Summary
| ---------------------
------------------------------------------------------------------------------------------------

    WNS(ns)      TNS(ns)  TNS Failing Endpoints  TNS Total Endpoints      WHS(ns)      THS(ns)  THS Failing Endpoints  THS Total Endpoints     WPWS(ns)     TPWS(ns)  TPWS Failing Endpoints  TPWS Total Endpoints  
    -------      -------  ---------------------  -------------------      -------      -------  ---------------------  -------------------     --------     --------  ----------------------  --------------------  
      6.659        0.000                      0                  122        0.134        0.000                      0                  122        4.500        0.000                       0                    75  


All user specified timing constraints are met.


------------------------------------------------------------------------------------------------
| Clock Summary
| -------------
------------------------------------------------------------------------------------------------

Clock        Waveform(ns)       Period(ns)      Frequency(MHz)
-----        ------------       ----------      --------------
sys_clk_pin  {0.000 5.000}      10.000          100.000         


------------------------------------------------------------------------------------------------
| Intra Clock Table
| -----------------
------------------------------------------------------------------------------------------------

Clock             WNS(ns)      TNS(ns)  TNS Failing Endpoints  TNS Total Endpoints      WHS(ns)      THS(ns)  THS Failing Endpoints  THS Total Endpoints     WPWS(ns)     TPWS(ns)  TPWS Failing Endpoints  TPWS Total Endpoints  
-----             -------      -------  ---------------------  -------------------      -------      -------  ---------------------  -------------------     --------     --------  ----------------------  --------------------  
sys_clk_pin         6.659        0.000                      0                  122        0.134        0.000                      0                  122        4.500        0.000                       0                    75  


------------------------------------------------------------------------------------------------
| Inter Clock Table
| -----------------
------------------------------------------------------------------------------------------------

From Clock    To Clock          WNS(ns)      TNS(ns)  TNS Failing Endpoints  TNS Total Endpoints      WHS(ns)      THS(ns)  THS Failing Endpoints  THS Total Endpoints  
----------    --------          -------      -------  ---------------------  -------------------      -------      -------  ---------------------  -------------------  


------------------------------------------------------------------------------------------------
| Other Path Groups Table
| -----------------------
------------------------------------------------------------------------------------------------

Path Group    From Clock    To Clock          WNS(ns)      TNS(ns)  TNS Failing Endpoints  TNS Total Endpoints      WHS(ns)      THS(ns)  THS Failing Endpoints  THS Total Endpoints  
----------    ----------    --------          -------      -------  ---------------------  -------------------      -------      -------  ---------------------  -------------------  


------------------------------------------------------------------------------------------------
| User Ignored Path Table
| -----------------------
------------------------------------------------------------------------------------------------

Path Group    From Clock    To Clock    
----------    ----------    --------    


------------------------------------------------------------------------------------------------
| Unconstrained Path Table
| ------------------------
------------------------------------------------------------------------------------------------

Path Group    From Clock    To Clock    
----------    ----------    --------    
(none)                                    
(none)        sys_clk_pin                 
(none)                      sys_clk_pin   


------------------------------------------------------------------------------------------------
| Timing Details
| --------------
------------------------------------------------------------------------------------------------


---------------------------------------------------------------------------------------------------
From Clock:  sys_clk_pin
  To Clock:  sys_clk_pin

Setup :            0  Failing Endpoints,  Worst Slack        6.659ns,  Total Violation        0.000ns
Hold  :            0  Failing Endpoints,  Worst Slack        0.134ns,  Total Violation        0.000ns
PW    :            0  Failing Endpoints,  Worst Slack        4.500ns,  Total Violation        0.000ns
---------------------------------------------------------------------------------------------------


Max Delay Paths
--------------------------------------------------------------------------------------
Slack (MET) :             6.659ns  (required time - arrival time)
  Source:                 BCD_CONVERTER/count_reg[0]/C
                            (rising edge-triggered cell FDRE clocked by sys_clk_pin  {rise@0.000ns fall@5.000ns period=10.000ns})
  Destination:            BCD_CONVERTER/scratch_reg[19]/D
                            (rising edge-triggered cell FDRE clocked by sys_clk_pin  {rise@0.000ns fall@5.000ns period=10.000ns})
  Path Group:             sys_clk_pin
  Path Type:              Setup (Max at Slow Process Corner)
  Requirement:            10.000ns  (sys_clk_pin rise@10.000ns - sys_clk_pin rise@0.000ns)
  Data Path Delay:        3.295ns  (logic 0.704ns (21.366%)  route 2.591ns (78.634%))
  Logic Levels:           2  (LUT5=2)
  Clock Path Skew:        -0.042ns (DCD - SCD + CPR)
    Destination Clock Delay (DCD):    4.848ns = ( 14.848 - 10.000 ) 
    Source Clock Delay      (SCD):    5.150ns
    Clock Pessimism Removal (CPR):    0.260ns
  Clock Uncertainty:      0.035ns  ((TSJ^2 + TIJ^2)^1/2 + DJ) / 2 + PE
    Total System Jitter     (TSJ):    0.071ns
    Total Input Jitter      (TIJ):    0.000ns
    Discrete Jitter          (DJ):    0.000ns
    Phase Error              (PE):    0.000ns

    Location             Delay type                Incr(ns)  Path(ns)    Netlist Resource(s)
  -------------------------------------------------------------------    -------------------
                         (clock sys_clk_pin rise edge)
                                                      0.000     0.000 r  <hidden>
    W5                                                0.000     0.000 r  clk
                         net (fo=0)                   0.000     0.000    clk
    W5                   IBUF (Prop_ibuf_I_O)         1.458     1.458 r  clk_IBUF_inst/O
                         net (fo=1, routed)           1.967     3.425    clk_IBUF
    BUFGCTRL_X0Y0        BUFG (Prop_bufg_I_O)         0.096     3.521 r  clk_IBUF_BUFG_inst/O
                         net (fo=74, routed)          1.629     5.150    BCD_CONVERTER/CLK
    SLICE_X63Y17         FDRE                                         r  BCD_CONVERTER/count_reg[0]/C
  -------------------------------------------------------------------    -------------------
    SLICE_X63Y17         FDRE (Prop_fdre_C_Q)         0.456     5.606 r  BCD_CONVERTER/count_reg[0]/Q
                         net (fo=11, routed)          0.986     6.593    BCD_CONVERTER/count_reg_n_0_[0]
    SLICE_X63Y16         LUT5 (Prop_lut5_I0_O)        0.124     6.717 r  BCD_CONVERTER/scratch[31]_i_3/O
                         net (fo=30, routed)          1.605     8.321    BCD_CONVERTER/scratch[31]_i_3_n_0
    SLICE_X61Y19         LUT5 (Prop_lut5_I0_O)        0.124     8.445 r  BCD_CONVERTER/scratch[19]_i_1/O
                         net (fo=1, routed)           0.000     8.445    BCD_CONVERTER/next_scratch[19]
    SLICE_X61Y19         FDRE                                         r  BCD_CONVERTER/scratch_reg[19]/D
  -------------------------------------------------------------------    -------------------

                         (clock sys_clk_pin rise edge)
                                                     10.000    10.000 r  <hidden>
    W5                                                0.000    10.000 r  clk
                         net (fo=0)                   0.000    10.000    clk
    W5                   IBUF (Prop_ibuf_I_O)         1.388    11.388 r  clk_IBUF_inst/O
                         net (fo=1, routed)           1.862    13.250    clk_IBUF
    BUFGCTRL_X0Y0        BUFG (Prop_bufg_I_O)         0.091    13.341 r  clk_IBUF_BUFG_inst/O
                         net (fo=74, routed)          1.507    14.848    BCD_CONVERTER/CLK
    SLICE_X61Y19         FDRE                                         r  BCD_CONVERTER/scratch_reg[19]/C
                         clock pessimism              0.260    15.108    <hidden>
                         clock uncertainty           -0.035    15.073    <hidden>
    SLICE_X61Y19         FDRE (Setup_fdre_C_D)        0.031    15.104    BCD_CONVERTER/scratch_reg[19]
  -------------------------------------------------------------------
                         required time                         15.104    <hidden>
                         arrival time                          -8.445    <hidden>
  -------------------------------------------------------------------
                         slack                                  6.659    <hidden>

Slack (MET) :             6.659ns  (required time - arrival time)
  Source:                 BCD_CONVERTER/count_reg[0]/C
                            (rising edge-triggered cell FDRE clocked by sys_clk_pin  {rise@0.000ns fall@5.000ns period=10.000ns})
  Destination:            BCD_CONVERTER/scratch_reg[17]/D
                            (rising edge-triggered cell FDRE clocked by sys_clk_pin  {rise@0.000ns fall@5.000ns period=10.000ns})
  Path Group:             sys_clk_pin
  Path Type:              Setup (Max at Slow Process Corner)
  Requirement:            10.000ns  (sys_clk_pin rise@10.000ns - sys_clk_pin rise@0.000ns)
  Data Path Delay:        3.293ns  (logic 0.704ns (21.379%)  route 2.589ns (78.621%))
  Logic Levels:           2  (LUT5=2)
  Clock Path Skew:        -0.042ns (DCD - SCD + CPR)
    Destination Clock Delay (DCD):    4.848ns = ( 14.848 - 10.000 ) 
    Source Clock Delay      (SCD):    5.150ns
    Clock Pessimism Removal (CPR):    0.260ns
  Clock Uncertainty:      0.035ns  ((TSJ^2 + TIJ^2)^1/2 + DJ) / 2 + PE
    Total System Jitter     (TSJ):    0.071ns
    Total Input Jitter      (TIJ):    0.000ns
    Discrete Jitter          (DJ):    0.000ns
    Phase Error              (PE):    0.000ns

    Location             Delay type                Incr(ns)  Path(ns)    Netlist Resource(s)
  -------------------------------------------------------------------    -------------------
                         (clock sys_clk_pin rise edge)
                                                      0.000     0.000 r  <hidden>
    W5                                                0.000     0.000 r  clk
                         net (fo=0)                   0.000     0.000    clk
    W5                   IBUF (Prop_ibuf_I_O)         1.458     1.458 r  clk_IBUF_inst/O
                         net (fo=1, routed)           1.967     3.425    clk_IBUF
    BUFGCTRL_X0Y0        BUFG (Prop_bufg_I_O)         0.096     3.521 r  clk_IBUF_BUFG_inst/O
                         net (fo=74, routed)          1.629     5.150    BCD_CONVERTER/CLK
    SLICE_X63Y17         FDRE                                         r  BCD_CONVERTER/count_reg[0]/C
  -------------------------------------------------------------------    -------------------
    SLICE_X63Y17         FDRE (Prop_fdre_C_Q)         0.456     5.606 r  BCD_CONVERTER/count_reg[0]/Q
                         net (fo=11, routed)          0.986     6.593    BCD_CONVERTER/count_reg_n_0_[0]
    SLICE_X63Y16         LUT5 (Prop_lut5_I0_O)        0.124     6.717 r  BCD_CONVERTER/scratch[31]_i_3/O
                         net (fo=30, routed)          1.603     8.319    BCD_CONVERTER/scratch[31]_i_3_n_0
    SLICE_X61Y19         LUT5 (Prop_lut5_I4_O)        0.124     8.443 r  BCD_CONVERTER/scratch[17]_i_1/O
                         net (fo=1, routed)           0.000     8.443    BCD_CONVERTER/next_scratch[17]
    SLICE_X61Y19         FDRE                                         r  BCD_CONVERTER/scratch_reg[17]/D
  -------------------------------------------------------------------    -------------------

                         (clock sys_clk_pin rise edge)
                                                     10.000    10.000 r  <hidden>
    W5                                                0.000    10.000 r  clk
                         net (fo=0)                   0.000    10.000    clk
    W5                   IBUF (Prop_ibuf_I_O)         1.388    11.388 r  clk_IBUF_inst/O
                         net (fo=1, routed)           1.862    13.250    clk_IBUF
    BUFGCTRL_X0Y0        BUFG (Prop_bufg_I_O)         0.091    13.341 r  clk_IBUF_BUFG_inst/O
                         net (fo=74, routed)          1.507    14.848    BCD_CONVERTER/CLK
    SLICE_X61Y19         FDRE                                         r  BCD_CONVERTER/scratch_reg[17]/C
                         clock pessimism              0.260    15.108    <hidden>
                         clock uncertainty           -0.035    15.073    <hidden>
    SLICE_X61Y19         FDRE (Setup_fdre_C_D)        0.029    15.102    BCD_CONVERTER/scratch_reg[17]
  -------------------------------------------------------------------
                         required time                         15.102    <hidden>
                         arrival time                          -8.443    <hidden>
  -------------------------------------------------------------------
                         slack                                  6.659    <hidden>

Slack (MET) :             6.675ns  (required time - arrival time)
  Source:                 BCD_CONVERTER/count_reg[0]/C
                            (rising edge-triggered cell FDRE clocked by sys_clk_pin  {rise@0.000ns fall@5.000ns period=10.000ns})
  Destination:            BCD_CONVERTER/scratch_reg[20]/D
                            (rising edge-triggered cell FDRE clocked by sys_clk_pin  {rise@0.000ns fall@5.000ns period=10.000ns})
  Path Group:             sys_clk_pin
  Path Type:              Setup (Max at Slow Process Corner)
  Requirement:            10.000ns  (sys_clk_pin rise@10.000ns - sys_clk_pin rise@0.000ns)
  Data Path Delay:        3.323ns  (logic 0.732ns (22.029%)  route 2.591ns (77.971%))
  Logic Levels:           2  (LUT5=2)
  Clock Path Skew:        -0.042ns (DCD - SCD + CPR)
    Destination Clock Delay (DCD):    4.848ns = ( 14.848 - 10.000 ) 
    Source Clock Delay      (SCD):    5.150ns
    Clock Pessimism Removal (CPR):    0.260ns
  Clock Uncertainty:      0.035ns  ((TSJ^2 + TIJ^2)^1/2 + DJ) / 2 + PE
    Total System Jitter     (TSJ):    0.071ns
    Total Input Jitter      (TIJ):    0.000ns
    Discrete Jitter          (DJ):    0.000ns
    Phase Error              (PE):    0.000ns

    Location             Delay type                Incr(ns)  Path(ns)    Netlist Resource(s)
  -------------------------------------------------------------------    -------------------
                         (clock sys_clk_pin rise edge)
                                                      0.000     0.000 r  <hidden>
    W5                                                0.000     0.000 r  clk
                         net (fo=0)                   0.000     0.000    clk
    W5                   IBUF (Prop_ibuf_I_O)         1.458     1.458 r  clk_IBUF_inst/O
                         net (fo=1, routed)           1.967     3.425    clk_IBUF
    BUFGCTRL_X0Y0        BUFG (Prop_bufg_I_O)         0.096     3.521 r  clk_IBUF_BUFG_inst/O
                         net (fo=74, routed)          1.629     5.150    BCD_CONVERTER/CLK
    SLICE_X63Y17         FDRE                                         r  BCD_CONVERTER/count_reg[0]/C
  -------------------------------------------------------------------    -------------------
    SLICE_X63Y17         FDRE (Prop_fdre_C_Q)         0.456     5.606 r  BCD_CONVERTER/count_reg[0]/Q
                         net (fo=11, routed)          0.986     6.593    BCD_CONVERTER/count_reg_n_0_[0]
    SLICE_X63Y16         LUT5 (Prop_lut5_I0_O)        0.124     6.717 r  BCD_CONVERTER/scratch[31]_i_3/O
                         net (fo=30, routed)          1.605     8.321    BCD_CONVERTER/scratch[31]_i_3_n_0
    SLICE_X61Y19         LUT5 (Prop_lut5_I0_O)        0.152     8.473 r  BCD_CONVERTER/scratch[20]_i_1/O
                         net (fo=1, routed)           0.000     8.473    BCD_CONVERTER/next_scratch[20]
    SLICE_X61Y19         FDRE                                         r  BCD_CONVERTER/scratch_reg[20]/D
  -------------------------------------------------------------------    -------------------

                         (clock sys_clk_pin rise edge)
                                                     10.000    10.000 r  <hidden>
    W5                                                0.000    10.000 r  clk
                         net (fo=0)                   0.000    10.000    clk
    W5                   IBUF (Prop_ibuf_I_O)         1.388    11.388 r  clk_IBUF_inst/O
                         net (fo=1, routed)           1.862    13.250    clk_IBUF
    BUFGCTRL_X0Y0        BUFG (Prop_bufg_I_O)         0.091    13.341 r  clk_IBUF_BUFG_inst/O
                         net (fo=74, routed)          1.507    14.848    BCD_CONVERTER/CLK
    SLICE_X61Y19         FDRE                                         r  BCD_CONVERTER/scratch_reg[20]/C
                         clock pessimism              0.260    15.108    <hidden>
                         clock uncertainty           -0.035    15.073    <hidden>
    SLICE_X61Y19         FDRE (Setup_fdre_C_D)        0.075    15.148    BCD_CONVERTER/scratch_reg[20]
  -------------------------------------------------------------------
                         required time                         15.148    <hidden>
                         arrival time                          -8.473    <hidden>
  -------------------------------------------------------------------
                         slack                                  6.675    <hidden>

Slack (MET) :             6.677ns  (required time - arrival time)
  Source:                 BCD_CONVERTER/count_reg[0]/C
                            (rising edge-triggered cell FDRE clocked by sys_clk_pin  {rise@0.000ns fall@5.000ns period=10.000ns})
  Destination:            BCD_CONVERTER/scratch_reg[18]/D
                            (rising edge-triggered cell FDRE clocked by sys_clk_pin  {rise@0.000ns fall@5.000ns period=10.000ns})
  Path Group:             sys_clk_pin
  Path Type:              Setup (Max at Slow Process Corner)
  Requirement:            10.000ns  (sys_clk_pin rise@10.000ns - sys_clk_pin rise@0.000ns)
  Data Path Delay:        3.321ns  (logic 0.732ns (22.042%)  route 2.589ns (77.958%))
  Logic Levels:           2  (LUT5=2)
  Clock Path Skew:        -0.042ns (DCD - SCD + CPR)
    Destination Clock Delay (DCD):    4.848ns = ( 14.848 - 10.000 ) 
    Source Clock Delay      (SCD):    5.150ns
    Clock Pessimism Removal (CPR):    0.260ns
  Clock Uncertainty:      0.035ns  ((TSJ^2 + TIJ^2)^1/2 + DJ) / 2 + PE
    Total System Jitter     (TSJ):    0.071ns
    Total Input Jitter      (TIJ):    0.000ns
    Discrete Jitter          (DJ):    0.000ns
    Phase Error              (PE):    0.000ns

    Location             Delay type                Incr(ns)  Path(ns)    Netlist Resource(s)
  -------------------------------------------------------------------    -------------------
                         (clock sys_clk_pin rise edge)
                                                      0.000     0.000 r  <hidden>
    W5                                                0.000     0.000 r  clk
                         net (fo=0)                   0.000     0.000    clk
    W5                   IBUF (Prop_ibuf_I_O)         1.458     1.458 r  clk_IBUF_inst/O
                         net (fo=1, routed)           1.967     3.425    clk_IBUF
    BUFGCTRL_X0Y0        BUFG (Prop_bufg_I_O)         0.096     3.521 r  clk_IBUF_BUFG_inst/O
                         net (fo=74, routed)          1.629     5.150    BCD_CONVERTER/CLK
    SLICE_X63Y17         FDRE                                         r  BCD_CONVERTER/count_reg[0]/C
  -------------------------------------------------------------------    -------------------
    SLICE_X63Y17         FDRE (Prop_fdre_C_Q)         0.456     5.606 r  BCD_CONVERTER/count_reg[0]/Q
                         net (fo=11, routed)          0.986     6.593    BCD_CONVERTER/count_reg_n_0_[0]
    SLICE_X63Y16         LUT5 (Prop_lut5_I0_O)        0.124     6.717 r  BCD_CONVERTER/scratch[31]_i_3/O
                         net (fo=30, routed)          1.603     8.319    BCD_CONVERTER/scratch[31]_i_3_n_0
    SLICE_X61Y19         LUT5 (Prop_lut5_I4_O)        0.152     8.471 r  BCD_CONVERTER/scratch[18]_i_1/O
                         net (fo=1, routed)           0.000     8.471    BCD_CONVERTER/next_scratch[18]
    SLICE_X61Y19         FDRE                                         r  BCD_CONVERTER/scratch_reg[18]/D
  -------------------------------------------------------------------    -------------------

                         (clock sys_clk_pin rise edge)
                                                     10.000    10.000 r  <hidden>
    W5                                                0.000    10.000 r  clk
                         net (fo=0)                   0.000    10.000    clk
    W5                   IBUF (Prop_ibuf_I_O)         1.388    11.388 r  clk_IBUF_inst/O
                         net (fo=1, routed)           1.862    13.250    clk_IBUF
    BUFGCTRL_X0Y0        BUFG (Prop_bufg_I_O)         0.091    13.341 r  clk_IBUF_BUFG_inst/O
                         net (fo=74, routed)          1.507    14.848    BCD_CONVERTER/CLK
    SLICE_X61Y19         FDRE                                         r  BCD_CONVERTER/scratch_reg[18]/C
                         clock pessimism              0.260    15.108    <hidden>
                         clock uncertainty           -0.035    15.073    <hidden>
    SLICE_X61Y19         FDRE (Setup_fdre_C_D)        0.075    15.148    BCD_CONVERTER/scratch_reg[18]
  -------------------------------------------------------------------
                         required time                         15.148    <hidden>
                         arrival time                          -8.471    <hidden>
  -------------------------------------------------------------------
                         slack                                  6.677    <hidden>

Slack (MET) :             6.745ns  (required time - arrival time)
  Source:                 SEVEN_SEGMENT_DISPLAY/DIGIT_SELECTOR/count_reg[16]/C
                            (rising edge-triggered cell FDRE clocked by sys_clk_pin  {rise@0.000ns fall@5.000ns period=10.000ns})
  Destination:            SEVEN_SEGMENT_DISPLAY/DIGIT_SELECTOR/q_reg[2]/D
                            (rising edge-triggered cell FDSE clocked by sys_clk_pin  {rise@0.000ns fall@5.000ns period=10.000ns})
  Path Group:             sys_clk_pin
  Path Type:              Setup (Max at Slow Process Corner)
  Requirement:            10.000ns  (sys_clk_pin rise@10.000ns - sys_clk_pin rise@0.000ns)
  Data Path Delay:        3.213ns  (logic 0.828ns (25.771%)  route 2.385ns (74.229%))
  Logic Levels:           3  (LUT4=1 LUT5=1 LUT6=1)
  Clock Path Skew:        -0.038ns (DCD - SCD + CPR)
    Destination Clock Delay (DCD):    4.852ns = ( 14.852 - 10.000 ) 
    Source Clock Delay      (SCD):    5.150ns
    Clock Pessimism Removal (CPR):    0.260ns
  Clock Uncertainty:      0.035ns  ((TSJ^2 + TIJ^2)^1/2 + DJ) / 2 + PE
    Total System Jitter     (TSJ):    0.071ns
    Total Input Jitter      (TIJ):    0.000ns
    Discrete Jitter          (DJ):    0.000ns
    Phase Error              (PE):    0.000ns

    Location             Delay type                Incr(ns)  Path(ns)    Netlist Resource(s)
  -------------------------------------------------------------------    -------------------
                         (clock sys_clk_pin rise edge)
                                                      0.000     0.000 r  <hidden>
    W5                                                0.000     0.000 r  clk
                         net (fo=0)                   0.000     0.000    clk
    W5                   IBUF (Prop_ibuf_I_O)         1.458     1.458 r  clk_IBUF_inst/O
                         net (fo=1, routed)           1.967     3.425    clk_IBUF
    BUFGCTRL_X0Y0        BUFG (Prop_bufg_I_O)         0.096     3.521 r  clk_IBUF_BUFG_inst/O
                         net (fo=74, routed)          1.629     5.150    SEVEN_SEGMENT_DISPLAY/DIGIT_SELECTOR/CLK
    SLICE_X65Y17         FDRE                                         r  SEVEN_SEGMENT_DISPLAY/DIGIT_SELECTOR/count_reg[16]/C
  -------------------------------------------------------------------    -------------------
    SLICE_X65Y17         FDRE (Prop_fdre_C_Q)         0.456     5.606 r  SEVEN_SEGMENT_DISPLAY/DIGIT_SELECTOR/count_reg[16]/Q
                         net (fo=3, routed)           1.155     6.762    SEVEN_SEGMENT_DISPLAY/DIGIT_SELECTOR/count_reg[16]
    SLICE_X64Y15         LUT5 (Prop_lut5_I0_O)        0.124     6.886 r  SEVEN_SEGMENT_DISPLAY/DIGIT_SELECTOR/q[3]_i_5/O
                         net (fo=1, routed)           0.661     7.547    SEVEN_SEGMENT_DISPLAY/DIGIT_SELECTOR/q[3]_i_5_n_0
    SLICE_X64Y16         LUT6 (Prop_lut6_I2_O)        0.124     7.671 r  SEVEN_SEGMENT_DISPLAY/DIGIT_SELECTOR/q[3]_i_2/O
                         net (fo=4, routed)           0.568     8.239    SEVEN_SEGMENT_DISPLAY/DIGIT_SELECTOR/q[3]_i_2_n_0
    SLICE_X61Y16         LUT4 (Prop_lut4_I2_O)        0.124     8.363 r  SEVEN_SEGMENT_DISPLAY/DIGIT_SELECTOR/q[2]_i_1/O
                         net (fo=1, routed)           0.000     8.363    SEVEN_SEGMENT_DISPLAY/DIGIT_SELECTOR/q[2]_i_1_n_0
    SLICE_X61Y16         FDSE                                         r  SEVEN_SEGMENT_DISPLAY/DIGIT_SELECTOR/q_reg[2]/D
  -------------------------------------------------------------------    -------------------

                         (clock sys_clk_pin rise edge)
                                                     10.000    10.000 r  <hidden>
    W5                                                0.000    10.000 r  clk
                         net (fo=0)                   0.000    10.000    clk
    W5                   IBUF (Prop_ibuf_I_O)         1.388    11.388 r  clk_IBUF_inst/O
                         net (fo=1, routed)           1.862    13.250    clk_IBUF
    BUFGCTRL_X0Y0        BUFG (Prop_bufg_I_O)         0.091    13.341 r  clk_IBUF_BUFG_inst/O
                         net (fo=74, routed)          1.511    14.852    SEVEN_SEGMENT_DISPLAY/DIGIT_SELECTOR/CLK
    SLICE_X61Y16         FDSE                                         r  SEVEN_SEGMENT_DISPLAY/DIGIT_SELECTOR/q_reg[2]/C
                         clock pessimism              0.260    15.112    <hidden>
                         clock uncertainty           -0.035    15.077    <hidden>
    SLICE_X61Y16         FDSE (Setup_fdse_C_D)        0.031    15.108    SEVEN_SEGMENT_DISPLAY/DIGIT_SELECTOR/q_reg[2]
  -------------------------------------------------------------------
                         required time                         15.108    <hidden>
                         arrival time                          -8.363    <hidden>
  -------------------------------------------------------------------
                         slack                                  6.745    <hidden>

Slack (MET) :             6.747ns  (required time - arrival time)
  Source:                 SEVEN_SEGMENT_DISPLAY/DIGIT_SELECTOR/count_reg[16]/C
                            (rising edge-triggered cell FDRE clocked by sys_clk_pin  {rise@0.000ns fall@5.000ns period=10.000ns})
  Destination:            SEVEN_SEGMENT_DISPLAY/DIGIT_SELECTOR/q_reg[0]/D
                            (rising edge-triggered cell FDSE clocked by sys_clk_pin  {rise@0.000ns fall@5.000ns period=10.000ns})
  Path Group:             sys_clk_pin
  Path Type:              Setup (Max at Slow Process Corner)
  Requirement:            10.000ns  (sys_clk_pin rise@10.000ns - sys_clk_pin rise@0.000ns)
  Data Path Delay:        3.209ns  (logic 0.828ns (25.803%)  route 2.381ns (74.197%))
  Logic Levels:           3  (LUT4=1 LUT5=1 LUT6=1)
  Clock Path Skew:        -0.038ns (DCD - SCD + CPR)
    Destination Clock Delay (DCD):    4.852ns = ( 14.852 - 10.000 ) 
    Source Clock Delay      (SCD):    5.150ns
    Clock Pessimism Removal (CPR):    0.260ns
  Clock Uncertainty:      0.035ns  ((TSJ^2 + TIJ^2)^1/2 + DJ) / 2 + PE
    Total System Jitter     (TSJ):    0.071ns
    Total Input Jitter      (TIJ):    0.000ns
    Discrete Jitter          (DJ):    0.000ns
    Phase Error              (PE):    0.000ns

    Location             Delay type                Incr(ns)  Path(ns)    Netlist Resource(s)
  -------------------------------------------------------------------    -------------------
                         (clock sys_clk_pin rise edge)
                                                      0.000     0.000 r  <hidden>
    W5                                                0.000     0.000 r  clk
                         net (fo=0)                   0.000     0.000    clk
    W5                   IBUF (Prop_ibuf_I_O)         1.458     1.458 r  clk_IBUF_inst/O
                         net (fo=1, routed)           1.967     3.425    clk_IBUF
    BUFGCTRL_X0Y0        BUFG (Prop_bufg_I_O)         0.096     3.521 r  clk_IBUF_BUFG_inst/O
                         net (fo=74, routed)          1.629     5.150    SEVEN_SEGMENT_DISPLAY/DIGIT_SELECTOR/CLK
    SLICE_X65Y17         FDRE                                         r  SEVEN_SEGMENT_DISPLAY/DIGIT_SELECTOR/count_reg[16]/C
  -------------------------------------------------------------------    -------------------
    SLICE_X65Y17         FDRE (Prop_fdre_C_Q)         0.456     5.606 r  SEVEN_SEGMENT_DISPLAY/DIGIT_SELECTOR/count_reg[16]/Q
                         net (fo=3, routed)           1.155     6.762    SEVEN_SEGMENT_DISPLAY/DIGIT_SELECTOR/count_reg[16]
    SLICE_X64Y15         LUT5 (Prop_lut5_I0_O)        0.124     6.886 r  SEVEN_SEGMENT_DISPLAY/DIGIT_SELECTOR/q[3]_i_5/O
                         net (fo=1, routed)           0.661     7.547    SEVEN_SEGMENT_DISPLAY/DIGIT_SELECTOR/q[3]_i_5_n_0
    SLICE_X64Y16         LUT6 (Prop_lut6_I2_O)        0.124     7.671 r  SEVEN_SEGMENT_DISPLAY/DIGIT_SELECTOR/q[3]_i_2/O
                         net (fo=4, routed)           0.564     8.235    SEVEN_SEGMENT_DISPLAY/DIGIT_SELECTOR/q[3]_i_2_n_0
    SLICE_X61Y16         LUT4 (Prop_lut4_I3_O)        0.124     8.359 r  SEVEN_SEGMENT_DISPLAY/DIGIT_SELECTOR/q[0]_i_1/O
                         net (fo=1, routed)           0.000     8.359    SEVEN_SEGMENT_DISPLAY/DIGIT_SELECTOR/q[0]_i_1_n_0
    SLICE_X61Y16         FDSE                                         r  SEVEN_SEGMENT_DISPLAY/DIGIT_SELECTOR/q_reg[0]/D
  -------------------------------------------------------------------    -------------------

                         (clock sys_clk_pin rise edge)
                                                     10.000    10.000 r  <hidden>
    W5                                                0.000    10.000 r  clk
                         net (fo=0)                   0.000    10.000    clk
    W5                   IBUF (Prop_ibuf_I_O)         1.388    11.388 r  clk_IBUF_inst/O
                         net (fo=1, routed)           1.862    13.250    clk_IBUF
    BUFGCTRL_X0Y0        BUFG (Prop_bufg_I_O)         0.091    13.341 r  clk_IBUF_BUFG_inst/O
                         net (fo=74, routed)          1.511    14.852    SEVEN_SEGMENT_DISPLAY/DIGIT_SELECTOR/CLK
    SLICE_X61Y16         FDSE                                         r  SEVEN_SEGMENT_DISPLAY/DIGIT_SELECTOR/q_reg[0]/C
                         clock pessimism              0.260    15.112    <hidden>
                         clock uncertainty           -0.035    15.077    <hidden>
    SLICE_X61Y16         FDSE (Setup_fdse_C_D)        0.029    15.106    SEVEN_SEGMENT_DISPLAY/DIGIT_SELECTOR/q_reg[0]
  -------------------------------------------------------------------
                         required time                         15.106    <hidden>
                         arrival time                          -8.359    <hidden>
  -------------------------------------------------------------------
                         slack                                  6.747    <hidden>

Slack (MET) :             6.799ns  (required time - arrival time)
  Source:                 SEVEN_SEGMENT_DISPLAY/DIGIT_SELECTOR/count_reg[16]/C
                            (rising edge-triggered cell FDRE clocked by sys_clk_pin  {rise@0.000ns fall@5.000ns period=10.000ns})
  Destination:            SEVEN_SEGMENT_DISPLAY/DIGIT_SELECTOR/q_reg[1]/D
                            (rising edge-triggered cell FDSE clocked by sys_clk_pin  {rise@0.000ns fall@5.000ns period=10.000ns})
  Path Group:             sys_clk_pin
  Path Type:              Setup (Max at Slow Process Corner)
  Requirement:            10.000ns  (sys_clk_pin rise@10.000ns - sys_clk_pin rise@0.000ns)
  Data Path Delay:        3.203ns  (logic 0.822ns (25.664%)  route 2.381ns (74.336%))
  Logic Levels:           3  (LUT3=1 LUT5=1 LUT6=1)
  Clock Path Skew:        -0.038ns (DCD - SCD + CPR)
    Destination Clock Delay (DCD):    4.852ns = ( 14.852 - 10.000 ) 
    Source Clock Delay      (SCD):    5.150ns
    Clock Pessimism Removal (CPR):    0.260ns
  Clock Uncertainty:      0.035ns  ((TSJ^2 + TIJ^2)^1/2 + DJ) / 2 + PE
    Total System Jitter     (TSJ):    0.071ns
    Total Input Jitter      (TIJ):    0.000ns
    Discrete Jitter          (DJ):    0.000ns
    Phase Error              (PE):    0.000ns

    Location             Delay type                Incr(ns)  Path(ns)    Netlist Resource(s)
  -------------------------------------------------------------------    -------------------
                         (clock sys_clk_pin rise edge)
                                                      0.000     0.000 r  <hidden>
    W5                                                0.000     0.000 r  clk
                         net (fo=0)                   0.000     0.000    clk
    W5                   IBUF (Prop_ibuf_I_O)         1.458     1.458 r  clk_IBUF_inst/O
                         net (fo=1, routed)           1.967     3.425    clk_IBUF
    BUFGCTRL_X0Y0        BUFG (Prop_bufg_I_O)         0.096     3.521 r  clk_IBUF_BUFG_inst/O
                         net (fo=74, routed)          1.629     5.150    SEVEN_SEGMENT_DISPLAY/DIGIT_SELECTOR/CLK
    SLICE_X65Y17         FDRE                                         r  SEVEN_SEGMENT_DISPLAY/DIGIT_SELECTOR/count_reg[16]/C
  -------------------------------------------------------------------    -------------------
    SLICE_X65Y17         FDRE (Prop_fdre_C_Q)         0.456     5.606 r  SEVEN_SEGMENT_DISPLAY/DIGIT_SELECTOR/count_reg[16]/Q
                         net (fo=3, routed)           1.155     6.762    SEVEN_SEGMENT_DISPLAY/DIGIT_SELECTOR/count_reg[16]
    SLICE_X64Y15         LUT5 (Prop_lut5_I0_O)        0.124     6.886 r  SEVEN_SEGMENT_DISPLAY/DIGIT_SELECTOR/q[3]_i_5/O
                         net (fo=1, routed)           0.661     7.547    SEVEN_SEGMENT_DISPLAY/DIGIT_SELECTOR/q[3]_i_5_n_0
    SLICE_X64Y16         LUT6 (Prop_lut6_I2_O)        0.124     7.671 r  SEVEN_SEGMENT_DISPLAY/DIGIT_SELECTOR/q[3]_i_2/O
                         net (fo=4, routed)           0.564     8.235    SEVEN_SEGMENT_DISPLAY/DIGIT_SELECTOR/q[3]_i_2_n_0
    SLICE_X61Y16         LUT3 (Prop_lut3_I2_O)        0.118     8.353 r  SEVEN_SEGMENT_DISPLAY/DIGIT_SELECTOR/q[1]_i_1/O
                         net (fo=1, routed)           0.000     8.353    SEVEN_SEGMENT_DISPLAY/DIGIT_SELECTOR/q[1]_i_1_n_0
    SLICE_X61Y16         FDSE                                         r  SEVEN_SEGMENT_DISPLAY/DIGIT_SELECTOR/q_reg[1]/D
  -------------------------------------------------------------------    -------------------

                         (clock sys_clk_pin rise edge)
                                                     10.000    10.000 r  <hidden>
    W5                                                0.000    10.000 r  clk
                         net (fo=0)                   0.000    10.000    clk
    W5                   IBUF (Prop_ibuf_I_O)         1.388    11.388 r  clk_IBUF_inst/O
                         net (fo=1, routed)           1.862    13.250    clk_IBUF
    BUFGCTRL_X0Y0        BUFG (Prop_bufg_I_O)         0.091    13.341 r  clk_IBUF_BUFG_inst/O
                         net (fo=74, routed)          1.511    14.852    SEVEN_SEGMENT_DISPLAY/DIGIT_SELECTOR/CLK
    SLICE_X61Y16         FDSE                                         r  SEVEN_SEGMENT_DISPLAY/DIGIT_SELECTOR/q_reg[1]/C
                         clock pessimism              0.260    15.112    <hidden>
                         clock uncertainty           -0.035    15.077    <hidden>
    SLICE_X61Y16         FDSE (Setup_fdse_C_D)        0.075    15.152    SEVEN_SEGMENT_DISPLAY/DIGIT_SELECTOR/q_reg[1]
  -------------------------------------------------------------------
                         required time                         15.152    <hidden>
                         arrival time                          -8.353    <hidden>
  -------------------------------------------------------------------
                         slack                                  6.799    <hidden>

Slack (MET) :             6.800ns  (required time - arrival time)
  Source:                 BCD_CONVERTER/count_reg[0]/C
                            (rising edge-triggered cell FDRE clocked by sys_clk_pin  {rise@0.000ns fall@5.000ns period=10.000ns})
  Destination:            BCD_CONVERTER/scratch_reg[25]/D
                            (rising edge-triggered cell FDRE clocked by sys_clk_pin  {rise@0.000ns fall@5.000ns period=10.000ns})
  Path Group:             sys_clk_pin
  Path Type:              Setup (Max at Slow Process Corner)
  Requirement:            10.000ns  (sys_clk_pin rise@10.000ns - sys_clk_pin rise@0.000ns)
  Data Path Delay:        3.167ns  (logic 0.704ns (22.226%)  route 2.463ns (77.774%))
  Logic Levels:           2  (LUT5=2)
  Clock Path Skew:        -0.026ns (DCD - SCD + CPR)
    Destination Clock Delay (DCD):    4.850ns = ( 14.850 - 10.000 ) 
    Source Clock Delay      (SCD):    5.150ns
    Clock Pessimism Removal (CPR):    0.274ns
  Clock Uncertainty:      0.035ns  ((TSJ^2 + TIJ^2)^1/2 + DJ) / 2 + PE
    Total System Jitter     (TSJ):    0.071ns
    Total Input Jitter      (TIJ):    0.000ns
    Discrete Jitter          (DJ):    0.000ns
    Phase Error              (PE):    0.000ns

    Location             Delay type                Incr(ns)  Path(ns)    Netlist Resource(s)
  -------------------------------------------------------------------    -------------------
                         (clock sys_clk_pin rise edge)
                                                      0.000     0.000 r  <hidden>
    W5                                                0.000     0.000 r  clk
                         net (fo=0)                   0.000     0.000    clk
    W5                   IBUF (Prop_ibuf_I_O)         1.458     1.458 r  clk_IBUF_inst/O
                         net (fo=1, routed)           1.967     3.425    clk_IBUF
    BUFGCTRL_X0Y0        BUFG (Prop_bufg_I_O)         0.096     3.521 r  clk_IBUF_BUFG_inst/O
                         net (fo=74, routed)          1.629     5.150    BCD_CONVERTER/CLK
    SLICE_X63Y17         FDRE                                         r  BCD_CONVERTER/count_reg[0]/C
  -------------------------------------------------------------------    -------------------
    SLICE_X63Y17         FDRE (Prop_fdre_C_Q)         0.456     5.606 r  BCD_CONVERTER/count_reg[0]/Q
                         net (fo=11, routed)          0.986     6.593    BCD_CONVERTER/count_reg_n_0_[0]
    SLICE_X63Y16         LUT5 (Prop_lut5_I0_O)        0.124     6.717 r  BCD_CONVERTER/scratch[31]_i_3/O
                         net (fo=30, routed)          1.477     8.194    BCD_CONVERTER/scratch[31]_i_3_n_0
    SLICE_X62Y18         LUT5 (Prop_lut5_I4_O)        0.124     8.318 r  BCD_CONVERTER/scratch[25]_i_1/O
                         net (fo=1, routed)           0.000     8.318    BCD_CONVERTER/next_scratch[25]
    SLICE_X62Y18         FDRE                                         r  BCD_CONVERTER/scratch_reg[25]/D
  -------------------------------------------------------------------    -------------------

                         (clock sys_clk_pin rise edge)
                                                     10.000    10.000 r  <hidden>
    W5                                                0.000    10.000 r  clk
                         net (fo=0)                   0.000    10.000    clk
    W5                   IBUF (Prop_ibuf_I_O)         1.388    11.388 r  clk_IBUF_inst/O
                         net (fo=1, routed)           1.862    13.250    clk_IBUF
    BUFGCTRL_X0Y0        BUFG (Prop_bufg_I_O)         0.091    13.341 r  clk_IBUF_BUFG_inst/O
                         net (fo=74, routed)          1.509    14.850    BCD_CONVERTER/CLK
    SLICE_X62Y18         FDRE                                         r  BCD_CONVERTER/scratch_reg[25]/C
                         clock pessimism              0.274    15.124    <hidden>
                         clock uncertainty           -0.035    15.089    <hidden>
    SLICE_X62Y18         FDRE (Setup_fdre_C_D)        0.029    15.118    BCD_CONVERTER/scratch_reg[25]
  -------------------------------------------------------------------
                         required time                         15.118    <hidden>
                         arrival time                          -8.318    <hidden>
  -------------------------------------------------------------------
                         slack                                  6.800    <hidden>

Slack (MET) :             6.809ns  (required time - arrival time)
  Source:                 BCD_CONVERTER/count_reg[0]/C
                            (rising edge-triggered cell FDRE clocked by sys_clk_pin  {rise@0.000ns fall@5.000ns period=10.000ns})
  Destination:            BCD_CONVERTER/scratch_reg[23]/D
                            (rising edge-triggered cell FDRE clocked by sys_clk_pin  {rise@0.000ns fall@5.000ns period=10.000ns})
  Path Group:             sys_clk_pin
  Path Type:              Setup (Max at Slow Process Corner)
  Requirement:            10.000ns  (sys_clk_pin rise@10.000ns - sys_clk_pin rise@0.000ns)
  Data Path Delay:        3.146ns  (logic 0.704ns (22.379%)  route 2.442ns (77.621%))
  Logic Levels:           2  (LUT5=2)
  Clock Path Skew:        -0.041ns (DCD - SCD + CPR)
    Destination Clock Delay (DCD):    4.849ns = ( 14.849 - 10.000 ) 
    Source Clock Delay      (SCD):    5.150ns
    Clock Pessimism Removal (CPR):    0.260ns
  Clock Uncertainty:      0.035ns  ((TSJ^2 + TIJ^2)^1/2 + DJ) / 2 + PE
    Total System Jitter     (TSJ):    0.071ns
    Total Input Jitter      (TIJ):    0.000ns
    Discrete Jitter          (DJ):    0.000ns
    Phase Error              (PE):    0.000ns

    Location             Delay type                Incr(ns)  Path(ns)    Netlist Resource(s)
  -------------------------------------------------------------------    -------------------
                         (clock sys_clk_pin rise edge)
                                                      0.000     0.000 r  <hidden>
    W5                                                0.000     0.000 r  clk
                         net (fo=0)                   0.000     0.000    clk
    W5                   IBUF (Prop_ibuf_I_O)         1.458     1.458 r  clk_IBUF_inst/O
                         net (fo=1, routed)           1.967     3.425    clk_IBUF
    BUFGCTRL_X0Y0        BUFG (Prop_bufg_I_O)         0.096     3.521 r  clk_IBUF_BUFG_inst/O
                         net (fo=74, routed)          1.629     5.150    BCD_CONVERTER/CLK
    SLICE_X63Y17         FDRE                                         r  BCD_CONVERTER/count_reg[0]/C
  -------------------------------------------------------------------    -------------------
    SLICE_X63Y17         FDRE (Prop_fdre_C_Q)         0.456     5.606 r  BCD_CONVERTER/count_reg[0]/Q
                         net (fo=11, routed)          0.986     6.593    BCD_CONVERTER/count_reg_n_0_[0]
    SLICE_X63Y16         LUT5 (Prop_lut5_I0_O)        0.124     6.717 r  BCD_CONVERTER/scratch[31]_i_3/O
                         net (fo=30, routed)          1.456     8.172    BCD_CONVERTER/scratch[31]_i_3_n_0
    SLICE_X61Y18         LUT5 (Prop_lut5_I0_O)        0.124     8.296 r  BCD_CONVERTER/scratch[23]_i_1/O
                         net (fo=1, routed)           0.000     8.296    BCD_CONVERTER/next_scratch[23]
    SLICE_X61Y18         FDRE                                         r  BCD_CONVERTER/scratch_reg[23]/D
  -------------------------------------------------------------------    -------------------

                         (clock sys_clk_pin rise edge)
                                                     10.000    10.000 r  <hidden>
    W5                                                0.000    10.000 r  clk
                         net (fo=0)                   0.000    10.000    clk
    W5                   IBUF (Prop_ibuf_I_O)         1.388    11.388 r  clk_IBUF_inst/O
                         net (fo=1, routed)           1.862    13.250    clk_IBUF
    BUFGCTRL_X0Y0        BUFG (Prop_bufg_I_O)         0.091    13.341 r  clk_IBUF_BUFG_inst/O
                         net (fo=74, routed)          1.508    14.849    BCD_CONVERTER/CLK
    SLICE_X61Y18         FDRE                                         r  BCD_CONVERTER/scratch_reg[23]/C
                         clock pessimism              0.260    15.109    <hidden>
                         clock uncertainty           -0.035    15.074    <hidden>
    SLICE_X61Y18         FDRE (Setup_fdre_C_D)        0.031    15.105    BCD_CONVERTER/scratch_reg[23]
  -------------------------------------------------------------------
                         required time                         15.105    <hidden>
                         arrival time                          -8.296    <hidden>
  -------------------------------------------------------------------
                         slack                                  6.809    <hidden>

Slack (MET) :             6.809ns  (required time - arrival time)
  Source:                 BCD_CONVERTER/count_reg[0]/C
                            (rising edge-triggered cell FDRE clocked by sys_clk_pin  {rise@0.000ns fall@5.000ns period=10.000ns})
  Destination:            BCD_CONVERTER/scratch_reg[21]/D
                            (rising edge-triggered cell FDRE clocked by sys_clk_pin  {rise@0.000ns fall@5.000ns period=10.000ns})
  Path Group:             sys_clk_pin
  Path Type:              Setup (Max at Slow Process Corner)
  Requirement:            10.000ns  (sys_clk_pin rise@10.000ns - sys_clk_pin rise@0.000ns)
  Data Path Delay:        3.144ns  (logic 0.704ns (22.393%)  route 2.440ns (77.607%))
  Logic Levels:           2  (LUT5=2)
  Clock Path Skew:        -0.041ns (DCD - SCD + CPR)
    Destination Clock Delay (DCD):    4.849ns = ( 14.849 - 10.000 ) 
    Source Clock Delay      (SCD):    5.150ns
    Clock Pessimism Removal (CPR):    0.260ns
  Clock Uncertainty:      0.035ns  ((TSJ^2 + TIJ^2)^1/2 + DJ) / 2 + PE
    Total System Jitter     (TSJ):    0.071ns
    Total Input Jitter      (TIJ):    0.000ns
    Discrete Jitter          (DJ):    0.000ns
    Phase Error              (PE):    0.000ns

    Location             Delay type                Incr(ns)  Path(ns)    Netlist Resource(s)
  -------------------------------------------------------------------    -------------------
                         (clock sys_clk_pin rise edge)
                                                      0.000     0.000 r  <hidden>
    W5                                                0.000     0.000 r  clk
                         net (fo=0)                   0.000     0.000    clk
    W5                   IBUF (Prop_ibuf_I_O)         1.458     1.458 r  clk_IBUF_inst/O
                         net (fo=1, routed)           1.967     3.425    clk_IBUF
    BUFGCTRL_X0Y0        BUFG (Prop_bufg_I_O)         0.096     3.521 r  clk_IBUF_BUFG_inst/O
                         net (fo=74, routed)          1.629     5.150    BCD_CONVERTER/CLK
    SLICE_X63Y17         FDRE                                         r  BCD_CONVERTER/count_reg[0]/C
  -------------------------------------------------------------------    -------------------
    SLICE_X63Y17         FDRE (Prop_fdre_C_Q)         0.456     5.606 r  BCD_CONVERTER/count_reg[0]/Q
                         net (fo=11, routed)          0.986     6.593    BCD_CONVERTER/count_reg_n_0_[0]
    SLICE_X63Y16         LUT5 (Prop_lut5_I0_O)        0.124     6.717 r  BCD_CONVERTER/scratch[31]_i_3/O
                         net (fo=30, routed)          1.454     8.170    BCD_CONVERTER/scratch[31]_i_3_n_0
    SLICE_X61Y18         LUT5 (Prop_lut5_I4_O)        0.124     8.294 r  BCD_CONVERTER/scratch[21]_i_1/O
                         net (fo=1, routed)           0.000     8.294    BCD_CONVERTER/next_scratch[21]
    SLICE_X61Y18         FDRE                                         r  BCD_CONVERTER/scratch_reg[21]/D
  -------------------------------------------------------------------    -------------------

                         (clock sys_clk_pin rise edge)
                                                     10.000    10.000 r  <hidden>
    W5                                                0.000    10.000 r  clk
                         net (fo=0)                   0.000    10.000    clk
    W5                   IBUF (Prop_ibuf_I_O)         1.388    11.388 r  clk_IBUF_inst/O
                         net (fo=1, routed)           1.862    13.250    clk_IBUF
    BUFGCTRL_X0Y0        BUFG (Prop_bufg_I_O)         0.091    13.341 r  clk_IBUF_BUFG_inst/O
                         net (fo=74, routed)          1.508    14.849    BCD_CONVERTER/CLK
    SLICE_X61Y18         FDRE                                         r  BCD_CONVERTER/scratch_reg[21]/C
                         clock pessimism              0.260    15.109    <hidden>
                         clock uncertainty           -0.035    15.074    <hidden>
    SLICE_X61Y18         FDRE (Setup_fdre_C_D)        0.029    15.103    BCD_CONVERTER/scratch_reg[21]
  -------------------------------------------------------------------
                         required time                         15.103    <hidden>
                         arrival time                          -8.294    <hidden>
  -------------------------------------------------------------------
                         slack                                  6.809    <hidden>





Min Delay Paths
--------------------------------------------------------------------------------------
Slack (MET) :             0.134ns  (arrival time - required time)
  Source:                 BCD_CONVERTER/scratch_reg[9]/C
                            (rising edge-triggered cell FDRE clocked by sys_clk_pin  {rise@0.000ns fall@5.000ns period=10.000ns})
  Destination:            BCD_CONVERTER/scratch_reg[10]/D
                            (rising edge-triggered cell FDRE clocked by sys_clk_pin  {rise@0.000ns fall@5.000ns period=10.000ns})
  Path Group:             sys_clk_pin
  Path Type:              Hold (Min at Fast Process Corner)
  Requirement:            0.000ns  (sys_clk_pin rise@0.000ns - sys_clk_pin rise@0.000ns)
  Data Path Delay:        0.239ns  (logic 0.186ns (77.839%)  route 0.053ns (22.161%))
  Logic Levels:           1  (LUT4=1)
  Clock Path Skew:        0.013ns (DCD - SCD - CPR)
    Destination Clock Delay (DCD):    1.984ns
    Source Clock Delay      (SCD):    1.471ns
    Clock Pessimism Removal (CPR):    0.500ns

    Location             Delay type                Incr(ns)  Path(ns)    Netlist Resource(s)
  -------------------------------------------------------------------    -------------------
                         (clock sys_clk_pin rise edge)
                                                      0.000     0.000 r  <hidden>
    W5                                                0.000     0.000 r  clk
                         net (fo=0)                   0.000     0.000    clk
    W5                   IBUF (Prop_ibuf_I_O)         0.226     0.226 r  clk_IBUF_inst/O
                         net (fo=1, routed)           0.631     0.858    clk_IBUF
    BUFGCTRL_X0Y0        BUFG (Prop_bufg_I_O)         0.026     0.884 r  clk_IBUF_BUFG_inst/O
                         net (fo=74, routed)          0.588     1.471    BCD_CONVERTER/CLK
    SLICE_X62Y18         FDRE                                         r  BCD_CONVERTER/scratch_reg[9]/C
  -------------------------------------------------------------------    -------------------
    SLICE_X62Y18         FDRE (Prop_fdre_C_Q)         0.141     1.612 r  BCD_CONVERTER/scratch_reg[9]/Q
                         net (fo=1, routed)           0.053     1.665    BCD_CONVERTER/scratch_reg_n_0_[9]
    SLICE_X63Y18         LUT4 (Prop_lut4_I1_O)        0.045     1.710 r  BCD_CONVERTER/scratch[10]_i_1/O
                         net (fo=1, routed)           0.000     1.710    BCD_CONVERTER/next_scratch[10]
    SLICE_X63Y18         FDRE                                         r  BCD_CONVERTER/scratch_reg[10]/D
  -------------------------------------------------------------------    -------------------

                         (clock sys_clk_pin rise edge)
                                                      0.000     0.000 r  <hidden>
    W5                                                0.000     0.000 r  clk
                         net (fo=0)                   0.000     0.000    clk
    W5                   IBUF (Prop_ibuf_I_O)         0.414     0.414 r  clk_IBUF_inst/O
                         net (fo=1, routed)           0.685     1.099    clk_IBUF
    BUFGCTRL_X0Y0        BUFG (Prop_bufg_I_O)         0.029     1.128 r  clk_IBUF_BUFG_inst/O
                         net (fo=74, routed)          0.857     1.984    BCD_CONVERTER/CLK
    SLICE_X63Y18         FDRE                                         r  BCD_CONVERTER/scratch_reg[10]/C
                         clock pessimism             -0.500     1.484    <hidden>
    SLICE_X63Y18         FDRE (Hold_fdre_C_D)         0.092     1.576    BCD_CONVERTER/scratch_reg[10]
  -------------------------------------------------------------------
                         required time                         -1.576    <hidden>
                         arrival time                           1.710    <hidden>
  -------------------------------------------------------------------
                         slack                                  0.134    <hidden>

Slack (MET) :             0.163ns  (arrival time - required time)
  Source:                 BCD_CONVERTER/scratch_reg[17]/C
                            (rising edge-triggered cell FDRE clocked by sys_clk_pin  {rise@0.000ns fall@5.000ns period=10.000ns})
  Destination:            BCD_CONVERTER/bcd_out_reg[1]/D
                            (rising edge-triggered cell FDRE clocked by sys_clk_pin  {rise@0.000ns fall@5.000ns period=10.000ns})
  Path Group:             sys_clk_pin
  Path Type:              Hold (Min at Fast Process Corner)
  Requirement:            0.000ns  (sys_clk_pin rise@0.000ns - sys_clk_pin rise@0.000ns)
  Data Path Delay:        0.296ns  (logic 0.186ns (62.752%)  route 0.110ns (37.248%))
  Logic Levels:           1  (LUT5=1)
  Clock Path Skew:        0.013ns (DCD - SCD - CPR)
    Destination Clock Delay (DCD):    1.981ns
    Source Clock Delay      (SCD):    1.469ns
    Clock Pessimism Removal (CPR):    0.499ns

    Location             Delay type                Incr(ns)  Path(ns)    Netlist Resource(s)
  -------------------------------------------------------------------    -------------------
                         (clock sys_clk_pin rise edge)
                                                      0.000     0.000 r  <hidden>
    W5                                                0.000     0.000 r  clk
                         net (fo=0)                   0.000     0.000    clk
    W5                   IBUF (Prop_ibuf_I_O)         0.226     0.226 r  clk_IBUF_inst/O
                         net (fo=1, routed)           0.631     0.858    clk_IBUF
    BUFGCTRL_X0Y0        BUFG (Prop_bufg_I_O)         0.026     0.884 r  clk_IBUF_BUFG_inst/O
                         net (fo=74, routed)          0.586     1.469    BCD_CONVERTER/CLK
    SLICE_X61Y19         FDRE                                         r  BCD_CONVERTER/scratch_reg[17]/C
  -------------------------------------------------------------------    -------------------
    SLICE_X61Y19         FDRE (Prop_fdre_C_Q)         0.141     1.610 r  BCD_CONVERTER/scratch_reg[17]/Q
                         net (fo=5, routed)           0.110     1.721    BCD_CONVERTER/scratch_reg_n_0_[17]
    SLICE_X60Y19         LUT5 (Prop_lut5_I0_O)        0.045     1.766 r  BCD_CONVERTER/bcd_out[1]_i_1/O
                         net (fo=1, routed)           0.000     1.766    BCD_CONVERTER/bcd_out[1]_i_1_n_0
    SLICE_X60Y19         FDRE                                         r  BCD_CONVERTER/bcd_out_reg[1]/D
  -------------------------------------------------------------------    -------------------

                         (clock sys_clk_pin rise edge)
                                                      0.000     0.000 r  <hidden>
    W5                                                0.000     0.000 r  clk
                         net (fo=0)                   0.000     0.000    clk
    W5                   IBUF (Prop_ibuf_I_O)         0.414     0.414 r  clk_IBUF_inst/O
                         net (fo=1, routed)           0.685     1.099    clk_IBUF
    BUFGCTRL_X0Y0        BUFG (Prop_bufg_I_O)         0.029     1.128 r  clk_IBUF_BUFG_inst/O
                         net (fo=74, routed)          0.854     1.981    BCD_CONVERTER/CLK
    SLICE_X60Y19         FDRE                                         r  BCD_CONVERTER/bcd_out_reg[1]/C
                         clock pessimism             -0.499     1.482    <hidden>
    SLICE_X60Y19         FDRE (Hold_fdre_C_D)         0.120     1.602    BCD_CONVERTER/bcd_out_reg[1]
  -------------------------------------------------------------------
                         required time                         -1.602    <hidden>
                         arrival time                           1.766    <hidden>
  -------------------------------------------------------------------
                         slack                                  0.163    <hidden>

Slack (MET) :             0.187ns  (arrival time - required time)
  Source:                 BCD_CONVERTER/scratch_reg[16]/C
                            (rising edge-triggered cell FDRE clocked by sys_clk_pin  {rise@0.000ns fall@5.000ns period=10.000ns})
  Destination:            BCD_CONVERTER/bcd_out_reg[0]/D
                            (rising edge-triggered cell FDRE clocked by sys_clk_pin  {rise@0.000ns fall@5.000ns period=10.000ns})
  Path Group:             sys_clk_pin
  Path Type:              Hold (Min at Fast Process Corner)
  Requirement:            0.000ns  (sys_clk_pin rise@0.000ns - sys_clk_pin rise@0.000ns)
  Data Path Delay:        0.270ns  (logic 0.141ns (52.302%)  route 0.129ns (47.698%))
  Logic Levels:           0  
  Clock Path Skew:        0.013ns (DCD - SCD - CPR)
    Destination Clock Delay (DCD):    1.985ns
    Source Clock Delay      (SCD):    1.473ns
    Clock Pessimism Removal (CPR):    0.499ns

    Location             Delay type                Incr(ns)  Path(ns)    Netlist Resource(s)
  -------------------------------------------------------------------    -------------------
                         (clock sys_clk_pin rise edge)
                                                      0.000     0.000 r  <hidden>
    W5                                                0.000     0.000 r  clk
                         net (fo=0)                   0.000     0.000    clk
    W5                   IBUF (Prop_ibuf_I_O)         0.226     0.226 r  clk_IBUF_inst/O
                         net (fo=1, routed)           0.631     0.858    clk_IBUF
    BUFGCTRL_X0Y0        BUFG (Prop_bufg_I_O)         0.026     0.884 r  clk_IBUF_BUFG_inst/O
                         net (fo=74, routed)          0.590     1.473    BCD_CONVERTER/CLK
    SLICE_X62Y16         FDRE                                         r  BCD_CONVERTER/scratch_reg[16]/C
  -------------------------------------------------------------------    -------------------
    SLICE_X62Y16         FDRE (Prop_fdre_C_Q)         0.141     1.614 r  BCD_CONVERTER/scratch_reg[16]/Q
                         net (fo=5, routed)           0.129     1.743    BCD_CONVERTER/scratch_reg_n_0_[16]
    SLICE_X62Y17         FDRE                                         r  BCD_CONVERTER/bcd_out_reg[0]/D
  -------------------------------------------------------------------    -------------------

                         (clock sys_clk_pin rise edge)
                                                      0.000     0.000 r  <hidden>
    W5                                                0.000     0.000 r  clk
                         net (fo=0)                   0.000     0.000    clk
    W5                   IBUF (Prop_ibuf_I_O)         0.414     0.414 r  clk_IBUF_inst/O
                         net (fo=1, routed)           0.685     1.099    clk_IBUF
    BUFGCTRL_X0Y0        BUFG (Prop_bufg_I_O)         0.029     1.128 r  clk_IBUF_BUFG_inst/O
                         net (fo=74, routed)          0.858     1.985    BCD_CONVERTER/CLK
    SLICE_X62Y17         FDRE                                         r  BCD_CONVERTER/bcd_out_reg[0]/C
                         clock pessimism             -0.499     1.486    <hidden>
    SLICE_X62Y17         FDRE (Hold_fdre_C_D)         0.070     1.556    BCD_CONVERTER/bcd_out_reg[0]
  -------------------------------------------------------------------
                         required time                         -1.556    <hidden>
                         arrival time                           1.743    <hidden>
  -------------------------------------------------------------------
                         slack                                  0.187    <hidden>

Slack (MET) :             0.218ns  (arrival time - required time)
  Source:                 BCD_CONVERTER/scratch_reg[24]/C
                            (rising edge-triggered cell FDRE clocked by sys_clk_pin  {rise@0.000ns fall@5.000ns period=10.000ns})
  Destination:            BCD_CONVERTER/bcd_out_reg[8]/D
                            (rising edge-triggered cell FDRE clocked by sys_clk_pin  {rise@0.000ns fall@5.000ns period=10.000ns})
  Path Group:             sys_clk_pin
  Path Type:              Hold (Min at Fast Process Corner)
  Requirement:            0.000ns  (sys_clk_pin rise@0.000ns - sys_clk_pin rise@0.000ns)
  Data Path Delay:        0.270ns  (logic 0.128ns (47.366%)  route 0.142ns (52.634%))
  Logic Levels:           0  
  Clock Path Skew:        0.035ns (DCD - SCD - CPR)
    Destination Clock Delay (DCD):    1.983ns
    Source Clock Delay      (SCD):    1.470ns
    Clock Pessimism Removal (CPR):    0.478ns

    Location             Delay type                Incr(ns)  Path(ns)    Netlist Resource(s)
  -------------------------------------------------------------------    -------------------
                         (clock sys_clk_pin rise edge)
                                                      0.000     0.000 r  <hidden>
    W5                                                0.000     0.000 r  clk
                         net (fo=0)                   0.000     0.000    clk
    W5                   IBUF (Prop_ibuf_I_O)         0.226     0.226 r  clk_IBUF_inst/O
                         net (fo=1, routed)           0.631     0.858    clk_IBUF
    BUFGCTRL_X0Y0        BUFG (Prop_bufg_I_O)         0.026     0.884 r  clk_IBUF_BUFG_inst/O
                         net (fo=74, routed)          0.587     1.470    BCD_CONVERTER/CLK
    SLICE_X61Y18         FDRE                                         r  BCD_CONVERTER/scratch_reg[24]/C
  -------------------------------------------------------------------    -------------------
    SLICE_X61Y18         FDRE (Prop_fdre_C_Q)         0.128     1.598 r  BCD_CONVERTER/scratch_reg[24]/Q
                         net (fo=5, routed)           0.142     1.740    BCD_CONVERTER/scratch_reg_n_0_[24]
    SLICE_X62Y19         FDRE                                         r  BCD_CONVERTER/bcd_out_reg[8]/D
  -------------------------------------------------------------------    -------------------

                         (clock sys_clk_pin rise edge)
                                                      0.000     0.000 r  <hidden>
    W5                                                0.000     0.000 r  clk
                         net (fo=0)                   0.000     0.000    clk
    W5                   IBUF (Prop_ibuf_I_O)         0.414     0.414 r  clk_IBUF_inst/O
                         net (fo=1, routed)           0.685     1.099    clk_IBUF
    BUFGCTRL_X0Y0        BUFG (Prop_bufg_I_O)         0.029     1.128 r  clk_IBUF_BUFG_inst/O
                         net (fo=74, routed)          0.856     1.983    BCD_CONVERTER/CLK
    SLICE_X62Y19         FDRE                                         r  BCD_CONVERTER/bcd_out_reg[8]/C
                         clock pessimism             -0.478     1.505    <hidden>
    SLICE_X62Y19         FDRE (Hold_fdre_C_D)         0.017     1.522    BCD_CONVERTER/bcd_out_reg[8]
  -------------------------------------------------------------------
                         required time                         -1.522    <hidden>
                         arrival time                           1.740    <hidden>
  -------------------------------------------------------------------
                         slack                                  0.218    <hidden>

Slack (MET) :             0.230ns  (arrival time - required time)
  Source:                 BCD_CONVERTER/scratch_reg[29]/C
                            (rising edge-triggered cell FDRE clocked by sys_clk_pin  {rise@0.000ns fall@5.000ns period=10.000ns})
  Destination:            BCD_CONVERTER/scratch_reg[31]/D
                            (rising edge-triggered cell FDRE clocked by sys_clk_pin  {rise@0.000ns fall@5.000ns period=10.000ns})
  Path Group:             sys_clk_pin
  Path Type:              Hold (Min at Fast Process Corner)
  Requirement:            0.000ns  (sys_clk_pin rise@0.000ns - sys_clk_pin rise@0.000ns)
  Data Path Delay:        0.322ns  (logic 0.186ns (57.753%)  route 0.136ns (42.247%))
  Logic Levels:           1  (LUT5=1)
  Clock Path Skew:        0.000ns (DCD - SCD - CPR)
    Destination Clock Delay (DCD):    1.983ns
    Source Clock Delay      (SCD):    1.471ns
    Clock Pessimism Removal (CPR):    0.512ns

    Location             Delay type                Incr(ns)  Path(ns)    Netlist Resource(s)
  -------------------------------------------------------------------    -------------------
                         (clock sys_clk_pin rise edge)
                                                      0.000     0.000 r  <hidden>
    W5                                                0.000     0.000 r  clk
                         net (fo=0)                   0.000     0.000    clk
    W5                   IBUF (Prop_ibuf_I_O)         0.226     0.226 r  clk_IBUF_inst/O
                         net (fo=1, routed)           0.631     0.858    clk_IBUF
    BUFGCTRL_X0Y0        BUFG (Prop_bufg_I_O)         0.026     0.884 r  clk_IBUF_BUFG_inst/O
                         net (fo=74, routed)          0.588     1.471    BCD_CONVERTER/CLK
    SLICE_X61Y17         FDRE                                         r  BCD_CONVERTER/scratch_reg[29]/C
  -------------------------------------------------------------------    -------------------
    SLICE_X61Y17         FDRE (Prop_fdre_C_Q)         0.141     1.612 r  BCD_CONVERTER/scratch_reg[29]/Q
                         net (fo=4, routed)           0.136     1.748    BCD_CONVERTER/p_0_in[1]
    SLICE_X61Y17         LUT5 (Prop_lut5_I3_O)        0.045     1.793 r  BCD_CONVERTER/scratch[31]_i_2/O
                         net (fo=1, routed)           0.000     1.793    BCD_CONVERTER/next_scratch[31]
    SLICE_X61Y17         FDRE                                         r  BCD_CONVERTER/scratch_reg[31]/D
  -------------------------------------------------------------------    -------------------

                         (clock sys_clk_pin rise edge)
                                                      0.000     0.000 r  <hidden>
    W5                                                0.000     0.000 r  clk
                         net (fo=0)                   0.000     0.000    clk
    W5                   IBUF (Prop_ibuf_I_O)         0.414     0.414 r  clk_IBUF_inst/O
                         net (fo=1, routed)           0.685     1.099    clk_IBUF
    BUFGCTRL_X0Y0        BUFG (Prop_bufg_I_O)         0.029     1.128 r  clk_IBUF_BUFG_inst/O
                         net (fo=74, routed)          0.856     1.983    BCD_CONVERTER/CLK
    SLICE_X61Y17         FDRE                                         r  BCD_CONVERTER/scratch_reg[31]/C
                         clock pessimism             -0.512     1.471    <hidden>
    SLICE_X61Y17         FDRE (Hold_fdre_C_D)         0.092     1.563    BCD_CONVERTER/scratch_reg[31]
  -------------------------------------------------------------------
                         required time                         -1.563    <hidden>
                         arrival time                           1.793    <hidden>
  -------------------------------------------------------------------
                         slack                                  0.230    <hidden>

Slack (MET) :             0.231ns  (arrival time - required time)
  Source:                 BCD_CONVERTER/count_reg[3]/C
                            (rising edge-triggered cell FDRE clocked by sys_clk_pin  {rise@0.000ns fall@5.000ns period=10.000ns})
  Destination:            BCD_CONVERTER/scratch_reg[16]/D
                            (rising edge-triggered cell FDRE clocked by sys_clk_pin  {rise@0.000ns fall@5.000ns period=10.000ns})
  Path Group:             sys_clk_pin
  Path Type:              Hold (Min at Fast Process Corner)
  Requirement:            0.000ns  (sys_clk_pin rise@0.000ns - sys_clk_pin rise@0.000ns)
  Data Path Delay:        0.338ns  (logic 0.186ns (54.952%)  route 0.152ns (45.048%))
  Logic Levels:           1  (LUT6=1)
  Clock Path Skew:        0.015ns (DCD - SCD - CPR)
    Destination Clock Delay (DCD):    1.986ns
    Source Clock Delay      (SCD):    1.472ns
    Clock Pessimism Removal (CPR):    0.499ns

    Location             Delay type                Incr(ns)  Path(ns)    Netlist Resource(s)
  -------------------------------------------------------------------    -------------------
                         (clock sys_clk_pin rise edge)
                                                      0.000     0.000 r  <hidden>
    W5                                                0.000     0.000 r  clk
                         net (fo=0)                   0.000     0.000    clk
    W5                   IBUF (Prop_ibuf_I_O)         0.226     0.226 r  clk_IBUF_inst/O
                         net (fo=1, routed)           0.631     0.858    clk_IBUF
    BUFGCTRL_X0Y0        BUFG (Prop_bufg_I_O)         0.026     0.884 r  clk_IBUF_BUFG_inst/O
                         net (fo=74, routed)          0.589     1.472    BCD_CONVERTER/CLK
    SLICE_X63Y17         FDRE                                         r  BCD_CONVERTER/count_reg[3]/C
  -------------------------------------------------------------------    -------------------
    SLICE_X63Y17         FDRE (Prop_fdre_C_Q)         0.141     1.613 r  BCD_CONVERTER/count_reg[3]/Q
                         net (fo=9, routed)           0.152     1.766    BCD_CONVERTER/count_reg_n_0_[3]
    SLICE_X62Y16         LUT6 (Prop_lut6_I2_O)        0.045     1.811 r  BCD_CONVERTER/scratch[16]_i_1/O
                         net (fo=1, routed)           0.000     1.811    BCD_CONVERTER/next_scratch[16]
    SLICE_X62Y16         FDRE                                         r  BCD_CONVERTER/scratch_reg[16]/D
  -------------------------------------------------------------------    -------------------

                         (clock sys_clk_pin rise edge)
                                                      0.000     0.000 r  <hidden>
    W5                                                0.000     0.000 r  clk
                         net (fo=0)                   0.000     0.000    clk
    W5                   IBUF (Prop_ibuf_I_O)         0.414     0.414 r  clk_IBUF_inst/O
                         net (fo=1, routed)           0.685     1.099    clk_IBUF
    BUFGCTRL_X0Y0        BUFG (Prop_bufg_I_O)         0.029     1.128 r  clk_IBUF_BUFG_inst/O
                         net (fo=74, routed)          0.859     1.986    BCD_CONVERTER/CLK
    SLICE_X62Y16         FDRE                                         r  BCD_CONVERTER/scratch_reg[16]/C
                         clock pessimism             -0.499     1.487    <hidden>
    SLICE_X62Y16         FDRE (Hold_fdre_C_D)         0.092     1.579    BCD_CONVERTER/scratch_reg[16]
  -------------------------------------------------------------------
                         required time                         -1.579    <hidden>
                         arrival time                           1.811    <hidden>
  -------------------------------------------------------------------
                         slack                                  0.231    <hidden>

Slack (MET) :             0.241ns  (arrival time - required time)
  Source:                 BCD_CONVERTER/scratch_reg[23]/C
                            (rising edge-triggered cell FDRE clocked by sys_clk_pin  {rise@0.000ns fall@5.000ns period=10.000ns})
  Destination:            BCD_CONVERTER/bcd_out_reg[7]/D
                            (rising edge-triggered cell FDRE clocked by sys_clk_pin  {rise@0.000ns fall@5.000ns period=10.000ns})
  Path Group:             sys_clk_pin
  Path Type:              Hold (Min at Fast Process Corner)
  Requirement:            0.000ns  (sys_clk_pin rise@0.000ns - sys_clk_pin rise@0.000ns)
  Data Path Delay:        0.399ns  (logic 0.186ns (46.565%)  route 0.213ns (53.435%))
  Logic Levels:           1  (LUT5=1)
  Clock Path Skew:        0.037ns (DCD - SCD - CPR)
    Destination Clock Delay (DCD):    1.985ns
    Source Clock Delay      (SCD):    1.470ns
    Clock Pessimism Removal (CPR):    0.478ns

    Location             Delay type                Incr(ns)  Path(ns)    Netlist Resource(s)
  -------------------------------------------------------------------    -------------------
                         (clock sys_clk_pin rise edge)
                                                      0.000     0.000 r  <hidden>
    W5                                                0.000     0.000 r  clk
                         net (fo=0)                   0.000     0.000    clk
    W5                   IBUF (Prop_ibuf_I_O)         0.226     0.226 r  clk_IBUF_inst/O
                         net (fo=1, routed)           0.631     0.858    clk_IBUF
    BUFGCTRL_X0Y0        BUFG (Prop_bufg_I_O)         0.026     0.884 r  clk_IBUF_BUFG_inst/O
                         net (fo=74, routed)          0.587     1.470    BCD_CONVERTER/CLK
    SLICE_X61Y18         FDRE                                         r  BCD_CONVERTER/scratch_reg[23]/C
  -------------------------------------------------------------------    -------------------
    SLICE_X61Y18         FDRE (Prop_fdre_C_Q)         0.141     1.611 r  BCD_CONVERTER/scratch_reg[23]/Q
                         net (fo=5, routed)           0.213     1.825    BCD_CONVERTER/scratch_reg_n_0_[23]
    SLICE_X64Y17         LUT5 (Prop_lut5_I0_O)        0.045     1.870 r  BCD_CONVERTER/bcd_out[7]_i_1/O
                         net (fo=1, routed)           0.000     1.870    BCD_CONVERTER/bcd_out[7]_i_1_n_0
    SLICE_X64Y17         FDRE                                         r  BCD_CONVERTER/bcd_out_reg[7]/D
  -------------------------------------------------------------------    -------------------

                         (clock sys_clk_pin rise edge)
                                                      0.000     0.000 r  <hidden>
    W5                                                0.000     0.000 r  clk
                         net (fo=0)                   0.000     0.000    clk
    W5                   IBUF (Prop_ibuf_I_O)         0.414     0.414 r  clk_IBUF_inst/O
                         net (fo=1, routed)           0.685     1.099    clk_IBUF
    BUFGCTRL_X0Y0        BUFG (Prop_bufg_I_O)         0.029     1.128 r  clk_IBUF_BUFG_inst/O
                         net (fo=74, routed)          0.858     1.985    BCD_CONVERTER/CLK
    SLICE_X64Y17         FDRE                                         r  BCD_CONVERTER/bcd_out_reg[7]/C
                         clock pessimism             -0.478     1.507    <hidden>
    SLICE_X64Y17         FDRE (Hold_fdre_C_D)         0.121     1.628    BCD_CONVERTER/bcd_out_reg[7]
  -------------------------------------------------------------------
                         required time                         -1.628    <hidden>
                         arrival time                           1.870    <hidden>
  -------------------------------------------------------------------
                         slack                                  0.241    <hidden>

Slack (MET) :             0.243ns  (arrival time - required time)
  Source:                 BCD_CONVERTER/scratch_reg[31]/C
                            (rising edge-triggered cell FDRE clocked by sys_clk_pin  {rise@0.000ns fall@5.000ns period=10.000ns})
  Destination:            BCD_CONVERTER/scratch_reg[30]/D
                            (rising edge-triggered cell FDRE clocked by sys_clk_pin  {rise@0.000ns fall@5.000ns period=10.000ns})
  Path Group:             sys_clk_pin
  Path Type:              Hold (Min at Fast Process Corner)
  Requirement:            0.000ns  (sys_clk_pin rise@0.000ns - sys_clk_pin rise@0.000ns)
  Data Path Delay:        0.350ns  (logic 0.189ns (53.937%)  route 0.161ns (46.063%))
  Logic Levels:           1  (LUT5=1)
  Clock Path Skew:        0.000ns (DCD - SCD - CPR)
    Destination Clock Delay (DCD):    1.983ns
    Source Clock Delay      (SCD):    1.471ns
    Clock Pessimism Removal (CPR):    0.512ns

    Location             Delay type                Incr(ns)  Path(ns)    Netlist Resource(s)
  -------------------------------------------------------------------    -------------------
                         (clock sys_clk_pin rise edge)
                                                      0.000     0.000 r  <hidden>
    W5                                                0.000     0.000 r  clk
                         net (fo=0)                   0.000     0.000    clk
    W5                   IBUF (Prop_ibuf_I_O)         0.226     0.226 r  clk_IBUF_inst/O
                         net (fo=1, routed)           0.631     0.858    clk_IBUF
    BUFGCTRL_X0Y0        BUFG (Prop_bufg_I_O)         0.026     0.884 r  clk_IBUF_BUFG_inst/O
                         net (fo=74, routed)          0.588     1.471    BCD_CONVERTER/CLK
    SLICE_X61Y17         FDRE                                         r  BCD_CONVERTER/scratch_reg[31]/C
  -------------------------------------------------------------------    -------------------
    SLICE_X61Y17         FDRE (Prop_fdre_C_Q)         0.141     1.612 r  BCD_CONVERTER/scratch_reg[31]/Q
                         net (fo=4, routed)           0.161     1.774    BCD_CONVERTER/p_0_in[3]
    SLICE_X61Y17         LUT5 (Prop_lut5_I0_O)        0.048     1.822 r  BCD_CONVERTER/scratch[30]_i_1/O
                         net (fo=1, routed)           0.000     1.822    BCD_CONVERTER/next_scratch[30]
    SLICE_X61Y17         FDRE                                         r  BCD_CONVERTER/scratch_reg[30]/D
  -------------------------------------------------------------------    -------------------

                         (clock sys_clk_pin rise edge)
                                                      0.000     0.000 r  <hidden>
    W5                                                0.000     0.000 r  clk
                         net (fo=0)                   0.000     0.000    clk
    W5                   IBUF (Prop_ibuf_I_O)         0.414     0.414 r  clk_IBUF_inst/O
                         net (fo=1, routed)           0.685     1.099    clk_IBUF
    BUFGCTRL_X0Y0        BUFG (Prop_bufg_I_O)         0.029     1.128 r  clk_IBUF_BUFG_inst/O
                         net (fo=74, routed)          0.856     1.983    BCD_CONVERTER/CLK
    SLICE_X61Y17         FDRE                                         r  BCD_CONVERTER/scratch_reg[30]/C
                         clock pessimism             -0.512     1.471    <hidden>
    SLICE_X61Y17         FDRE (Hold_fdre_C_D)         0.107     1.578    BCD_CONVERTER/scratch_reg[30]
  -------------------------------------------------------------------
                         required time                         -1.578    <hidden>
                         arrival time                           1.822    <hidden>
  -------------------------------------------------------------------
                         slack                                  0.243    <hidden>

Slack (MET) :             0.246ns  (arrival time - required time)
  Source:                 BCD_CONVERTER/count_reg[4]/C
                            (rising edge-triggered cell FDRE clocked by sys_clk_pin  {rise@0.000ns fall@5.000ns period=10.000ns})
  Destination:            BCD_CONVERTER/count_reg[0]/D
                            (rising edge-triggered cell FDRE clocked by sys_clk_pin  {rise@0.000ns fall@5.000ns period=10.000ns})
  Path Group:             sys_clk_pin
  Path Type:              Hold (Min at Fast Process Corner)
  Requirement:            0.000ns  (sys_clk_pin rise@0.000ns - sys_clk_pin rise@0.000ns)
  Data Path Delay:        0.348ns  (logic 0.232ns (66.726%)  route 0.116ns (33.274%))
  Logic Levels:           1  (LUT5=1)
  Clock Path Skew:        0.000ns (DCD - SCD - CPR)
    Destination Clock Delay (DCD):    1.985ns
    Source Clock Delay      (SCD):    1.472ns
    Clock Pessimism Removal (CPR):    0.513ns

    Location             Delay type                Incr(ns)  Path(ns)    Netlist Resource(s)
  -------------------------------------------------------------------    -------------------
                         (clock sys_clk_pin rise edge)
                                                      0.000     0.000 r  <hidden>
    W5                                                0.000     0.000 r  clk
                         net (fo=0)                   0.000     0.000    clk
    W5                   IBUF (Prop_ibuf_I_O)         0.226     0.226 r  clk_IBUF_inst/O
                         net (fo=1, routed)           0.631     0.858    clk_IBUF
    BUFGCTRL_X0Y0        BUFG (Prop_bufg_I_O)         0.026     0.884 r  clk_IBUF_BUFG_inst/O
                         net (fo=74, routed)          0.589     1.472    BCD_CONVERTER/CLK
    SLICE_X63Y17         FDRE                                         r  BCD_CONVERTER/count_reg[4]/C
  -------------------------------------------------------------------    -------------------
    SLICE_X63Y17         FDRE (Prop_fdre_C_Q)         0.128     1.600 f  BCD_CONVERTER/count_reg[4]/Q
                         net (fo=11, routed)          0.116     1.716    BCD_CONVERTER/count_reg_n_0_[4]
    SLICE_X63Y17         LUT5 (Prop_lut5_I0_O)        0.104     1.820 r  BCD_CONVERTER/count[0]_i_1/O
                         net (fo=1, routed)           0.000     1.820    BCD_CONVERTER/count[0]_i_1_n_0
    SLICE_X63Y17         FDRE                                         r  BCD_CONVERTER/count_reg[0]/D
  -------------------------------------------------------------------    -------------------

                         (clock sys_clk_pin rise edge)
                                                      0.000     0.000 r  <hidden>
    W5                                                0.000     0.000 r  clk
                         net (fo=0)                   0.000     0.000    clk
    W5                   IBUF (Prop_ibuf_I_O)         0.414     0.414 r  clk_IBUF_inst/O
                         net (fo=1, routed)           0.685     1.099    clk_IBUF
    BUFGCTRL_X0Y0        BUFG (Prop_bufg_I_O)         0.029     1.128 r  clk_IBUF_BUFG_inst/O
                         net (fo=74, routed)          0.858     1.985    BCD_CONVERTER/CLK
    SLICE_X63Y17         FDRE                                         r  BCD_CONVERTER/count_reg[0]/C
                         clock pessimism             -0.513     1.472    <hidden>
    SLICE_X63Y17         FDRE (Hold_fdre_C_D)         0.102     1.574    BCD_CONVERTER/count_reg[0]
  -------------------------------------------------------------------
                         required time                         -1.574    <hidden>
                         arrival time                           1.820    <hidden>
  -------------------------------------------------------------------
                         slack                                  0.246    <hidden>

Slack (MET) :             0.251ns  (arrival time - required time)
  Source:                 BCD_CONVERTER/scratch_reg[3]/C
                            (rising edge-triggered cell FDRE clocked by sys_clk_pin  {rise@0.000ns fall@5.000ns period=10.000ns})
  Destination:            BCD_CONVERTER/scratch_reg[4]/D
                            (rising edge-triggered cell FDRE clocked by sys_clk_pin  {rise@0.000ns fall@5.000ns period=10.000ns})
  Path Group:             sys_clk_pin
  Path Type:              Hold (Min at Fast Process Corner)
  Requirement:            0.000ns  (sys_clk_pin rise@0.000ns - sys_clk_pin rise@0.000ns)
  Data Path Delay:        0.372ns  (logic 0.209ns (56.167%)  route 0.163ns (43.833%))
  Logic Levels:           1  (LUT4=1)
  Clock Path Skew:        0.000ns (DCD - SCD - CPR)
    Destination Clock Delay (DCD):    1.983ns
    Source Clock Delay      (SCD):    1.471ns
    Clock Pessimism Removal (CPR):    0.512ns

    Location             Delay type                Incr(ns)  Path(ns)    Netlist Resource(s)
  -------------------------------------------------------------------    -------------------
                         (clock sys_clk_pin rise edge)
                                                      0.000     0.000 r  <hidden>
    W5                                                0.000     0.000 r  clk
                         net (fo=0)                   0.000     0.000    clk
    W5                   IBUF (Prop_ibuf_I_O)         0.226     0.226 r  clk_IBUF_inst/O
                         net (fo=1, routed)           0.631     0.858    clk_IBUF
    BUFGCTRL_X0Y0        BUFG (Prop_bufg_I_O)         0.026     0.884 r  clk_IBUF_BUFG_inst/O
                         net (fo=74, routed)          0.588     1.471    BCD_CONVERTER/CLK
    SLICE_X60Y17         FDRE                                         r  BCD_CONVERTER/scratch_reg[3]/C
  -------------------------------------------------------------------    -------------------
    SLICE_X60Y17         FDRE (Prop_fdre_C_Q)         0.164     1.635 r  BCD_CONVERTER/scratch_reg[3]/Q
                         net (fo=1, routed)           0.163     1.798    BCD_CONVERTER/scratch_reg_n_0_[3]
    SLICE_X60Y17         LUT4 (Prop_lut4_I1_O)        0.045     1.843 r  BCD_CONVERTER/scratch[4]_i_1/O
                         net (fo=1, routed)           0.000     1.843    BCD_CONVERTER/next_scratch[4]
    SLICE_X60Y17         FDRE                                         r  BCD_CONVERTER/scratch_reg[4]/D
  -------------------------------------------------------------------    -------------------

                         (clock sys_clk_pin rise edge)
                                                      0.000     0.000 r  <hidden>
    W5                                                0.000     0.000 r  clk
                         net (fo=0)                   0.000     0.000    clk
    W5                   IBUF (Prop_ibuf_I_O)         0.414     0.414 r  clk_IBUF_inst/O
                         net (fo=1, routed)           0.685     1.099    clk_IBUF
    BUFGCTRL_X0Y0        BUFG (Prop_bufg_I_O)         0.029     1.128 r  clk_IBUF_BUFG_inst/O
                         net (fo=74, routed)          0.856     1.983    BCD_CONVERTER/CLK
    SLICE_X60Y17         FDRE                                         r  BCD_CONVERTER/scratch_reg[4]/C
                         clock pessimism             -0.512     1.471    <hidden>
    SLICE_X60Y17         FDRE (Hold_fdre_C_D)         0.121     1.592    BCD_CONVERTER/scratch_reg[4]
  -------------------------------------------------------------------
                         required time                         -1.592    <hidden>
                         arrival time                           1.843    <hidden>
  -------------------------------------------------------------------
                         slack                                  0.251    <hidden>





Pulse Width Checks
--------------------------------------------------------------------------------------
Clock Name:         sys_clk_pin
Waveform(ns):       { 0.000 5.000 }
Period(ns):         10.000
Sources:            { clk }

Check Type        Corner  Lib Pin  Reference Pin  Required(ns)  Actual(ns)  Slack(ns)  Location       Pin
Min Period        n/a     BUFG/I   n/a            2.155         10.000      7.845      BUFGCTRL_X0Y0  clk_IBUF_BUFG_inst/I
Min Period        n/a     FDRE/C   n/a            1.000         10.000      9.000      SLICE_X62Y17   BCD_CONVERTER/bcd_out_reg[0]/C
Min Period        n/a     FDRE/C   n/a            1.000         10.000      9.000      SLICE_X64Y18   BCD_CONVERTER/bcd_out_reg[10]/C
Min Period        n/a     FDRE/C   n/a            1.000         10.000      9.000      SLICE_X65Y18   BCD_CONVERTER/bcd_out_reg[11]/C
Min Period        n/a     FDRE/C   n/a            1.000         10.000      9.000      SLICE_X62Y17   BCD_CONVERTER/bcd_out_reg[12]/C
Min Period        n/a     FDRE/C   n/a            1.000         10.000      9.000      SLICE_X60Y18   BCD_CONVERTER/bcd_out_reg[13]/C
Min Period        n/a     FDRE/C   n/a            1.000         10.000      9.000      SLICE_X64Y17   BCD_CONVERTER/bcd_out_reg[14]/C
Min Period        n/a     FDRE/C   n/a            1.000         10.000      9.000      SLICE_X60Y18   BCD_CONVERTER/bcd_out_reg[15]/C
Min Period        n/a     FDRE/C   n/a            1.000         10.000      9.000      SLICE_X60Y19   BCD_CONVERTER/bcd_out_reg[1]/C
Min Period        n/a     FDRE/C   n/a            1.000         10.000      9.000      SLICE_X60Y19   BCD_CONVERTER/bcd_out_reg[2]/C
Low Pulse Width   Slow    FDRE/C   n/a            0.500         5.000       4.500      SLICE_X62Y17   BCD_CONVERTER/bcd_out_reg[0]/C
Low Pulse Width   Fast    FDRE/C   n/a            0.500         5.000       4.500      SLICE_X62Y17   BCD_CONVERTER/bcd_out_reg[0]/C
Low Pulse Width   Slow    FDRE/C   n/a            0.500         5.000       4.500      SLICE_X64Y18   BCD_CONVERTER/bcd_out_reg[10]/C
Low Pulse Width   Fast    FDRE/C   n/a            0.500         5.000       4.500      SLICE_X64Y18   BCD_CONVERTER/bcd_out_reg[10]/C
Low Pulse Width   Slow    FDRE/C   n/a            0.500         5.000       4.500      SLICE_X65Y18   BCD_CONVERTER/bcd_out_reg[11]/C
Low Pulse Width   Fast    FDRE/C   n/a            0.500         5.000       4.500      SLICE_X65Y18   BCD_CONVERTER/bcd_out_reg[11]/C
Low Pulse Width   Slow    FDRE/C   n/a            0.500         5.000       4.500      SLICE_X62Y17   BCD_CONVERTER/bcd_out_reg[12]/C
Low Pulse Width   Fast    FDRE/C   n/a            0.500         5.000       4.500      SLICE_X62Y17   BCD_CONVERTER/bcd_out_reg[12]/C
Low Pulse Width   Slow    FDRE/C   n/a            0.500         5.000       4.500      SLICE_X60Y18   BCD_CONVERTER/bcd_out_reg[13]/C
Low Pulse Width   Fast    FDRE/C   n/a            0.500         5.000       4.500      SLICE_X60Y18   BCD_CONVERTER/bcd_out_reg[13]/C
High Pulse Width  Slow    FDRE/C   n/a            0.500         5.000       4.500      SLICE_X62Y17   BCD_CONVERTER/bcd_out_reg[0]/C
High Pulse Width  Fast    FDRE/C   n/a            0.500         5.000       4.500      SLICE_X62Y17   BCD_CONVERTER/bcd_out_reg[0]/C
High Pulse Width  Slow    FDRE/C   n/a            0.500         5.000       4.500      SLICE_X64Y18   BCD_CONVERTER/bcd_out_reg[10]/C
High Pulse Width  Fast    FDRE/C   n/a            0.500         5.000       4.500      SLICE_X64Y18   BCD_CONVERTER/bcd_out_reg[10]/C
High Pulse Width  Slow    FDRE/C   n/a            0.500         5.000       4.500      SLICE_X65Y18   BCD_CONVERTER/bcd_out_reg[11]/C
High Pulse Width  Fast    FDRE/C   n/a            0.500         5.000       4.500      SLICE_X65Y18   BCD_CONVERTER/bcd_out_reg[11]/C
High Pulse Width  Slow    FDRE/C   n/a            0.500         5.000       4.500      SLICE_X62Y17   BCD_CONVERTER/bcd_out_reg[12]/C
High Pulse Width  Fast    FDRE/C   n/a            0.500         5.000       4.500      SLICE_X62Y17   BCD_CONVERTER/bcd_out_reg[12]/C
High Pulse Width  Slow    FDRE/C   n/a            0.500         5.000       4.500      SLICE_X60Y18   BCD_CONVERTER/bcd_out_reg[13]/C
High Pulse Width  Fast    FDRE/C   n/a            0.500         5.000       4.500      SLICE_X60Y18   BCD_CONVERTER/bcd_out_reg[13]/C



--------------------------------------------------------------------------------------
Path Group:  (none)
From Clock:  
  To Clock:  

Max Delay            23 Endpoints
Min Delay            23 Endpoints
--------------------------------------------------------------------------------------


Max Delay Paths
--------------------------------------------------------------------------------------
Slack:                    inf
  Source:                 switches_inputs[7]
                            (input port)
  Destination:            CG
                            (output port)
  Path Group:             (none)
  Path Type:              Max at Slow Process Corner
  Data Path Delay:        13.393ns  (logic 5.831ns (43.541%)  route 7.561ns (56.459%))
  Logic Levels:           5  (IBUF=1 LUT4=1 LUT5=2 OBUF=1)

    Location             Delay type                Incr(ns)  Path(ns)    Netlist Resource(s)
  -------------------------------------------------------------------    -------------------
    W13                                               0.000     0.000 r  switches_inputs[7]
                         net (fo=0)                   0.000     0.000    switches_inputs[7]
    W13                  IBUF (Prop_ibuf_I_O)         1.459     1.459 r  switches_inputs_IBUF[7]_inst/O
                         net (fo=4, routed)           3.829     5.288    SEVEN_SEGMENT_DISPLAY/DIGIT_SELECTOR/led_OBUF[7]
    SLICE_X64Y18         LUT5 (Prop_lut5_I4_O)        0.153     5.441 r  SEVEN_SEGMENT_DISPLAY/DIGIT_SELECTOR/CA_OBUF_inst_i_9/O
                         net (fo=1, routed)           0.692     6.133    SEVEN_SEGMENT_DISPLAY/DIGIT_SELECTOR/CA_OBUF_inst_i_9_n_0
    SLICE_X64Y18         LUT5 (Prop_lut5_I4_O)        0.331     6.464 r  SEVEN_SEGMENT_DISPLAY/DIGIT_SELECTOR/CA_OBUF_inst_i_2/O
                         net (fo=7, routed)           1.138     7.601    SEVEN_SEGMENT_DISPLAY/DIGIT_SELECTOR/CA_OBUF_inst_i_2_n_0
    SLICE_X62Y18         LUT4 (Prop_lut4_I2_O)        0.149     7.750 r  SEVEN_SEGMENT_DISPLAY/DIGIT_SELECTOR/CG_OBUF_inst_i_1/O
                         net (fo=1, routed)           1.903     9.653    CG_OBUF
    U7                   OBUF (Prop_obuf_I_O)         3.739    13.393 r  CG_OBUF_inst/O
                         net (fo=0)                   0.000    13.393    CG
    U7                                                                r  CG
  -------------------------------------------------------------------    -------------------

Slack:                    inf
  Source:                 switches_inputs[7]
                            (input port)
  Destination:            CB
                            (output port)
  Path Group:             (none)
  Path Type:              Max at Slow Process Corner
  Data Path Delay:        13.388ns  (logic 5.826ns (43.518%)  route 7.562ns (56.482%))
  Logic Levels:           5  (IBUF=1 LUT4=1 LUT5=2 OBUF=1)

    Location             Delay type                Incr(ns)  Path(ns)    Netlist Resource(s)
  -------------------------------------------------------------------    -------------------
    W13                                               0.000     0.000 r  switches_inputs[7]
                         net (fo=0)                   0.000     0.000    switches_inputs[7]
    W13                  IBUF (Prop_ibuf_I_O)         1.459     1.459 r  switches_inputs_IBUF[7]_inst/O
                         net (fo=4, routed)           3.829     5.288    SEVEN_SEGMENT_DISPLAY/DIGIT_SELECTOR/led_OBUF[7]
    SLICE_X64Y18         LUT5 (Prop_lut5_I4_O)        0.153     5.441 r  SEVEN_SEGMENT_DISPLAY/DIGIT_SELECTOR/CA_OBUF_inst_i_9/O
                         net (fo=1, routed)           0.692     6.133    SEVEN_SEGMENT_DISPLAY/DIGIT_SELECTOR/CA_OBUF_inst_i_9_n_0
    SLICE_X64Y18         LUT5 (Prop_lut5_I4_O)        0.331     6.464 r  SEVEN_SEGMENT_DISPLAY/DIGIT_SELECTOR/CA_OBUF_inst_i_2/O
                         net (fo=7, routed)           1.176     7.640    SEVEN_SEGMENT_DISPLAY/DIGIT_SELECTOR/CA_OBUF_inst_i_2_n_0
    SLICE_X62Y20         LUT4 (Prop_lut4_I0_O)        0.152     7.792 r  SEVEN_SEGMENT_DISPLAY/DIGIT_SELECTOR/CB_OBUF_inst_i_1/O
                         net (fo=1, routed)           1.865     9.656    CB_OBUF
    W6                   OBUF (Prop_obuf_I_O)         3.731    13.388 r  CB_OBUF_inst/O
                         net (fo=0)                   0.000    13.388    CB
    W6                                                                r  CB
  -------------------------------------------------------------------    -------------------

Slack:                    inf
  Source:                 switches_inputs[7]
                            (input port)
  Destination:            CE
                            (output port)
  Path Group:             (none)
  Path Type:              Max at Slow Process Corner
  Data Path Delay:        13.151ns  (logic 5.817ns (44.230%)  route 7.334ns (55.770%))
  Logic Levels:           5  (IBUF=1 LUT4=1 LUT5=2 OBUF=1)

    Location             Delay type                Incr(ns)  Path(ns)    Netlist Resource(s)
  -------------------------------------------------------------------    -------------------
    W13                                               0.000     0.000 f  switches_inputs[7]
                         net (fo=0)                   0.000     0.000    switches_inputs[7]
    W13                  IBUF (Prop_ibuf_I_O)         1.459     1.459 f  switches_inputs_IBUF[7]_inst/O
                         net (fo=4, routed)           3.829     5.288    SEVEN_SEGMENT_DISPLAY/DIGIT_SELECTOR/led_OBUF[7]
    SLICE_X64Y18         LUT5 (Prop_lut5_I4_O)        0.153     5.441 f  SEVEN_SEGMENT_DISPLAY/DIGIT_SELECTOR/CA_OBUF_inst_i_9/O
                         net (fo=1, routed)           0.692     6.133    SEVEN_SEGMENT_DISPLAY/DIGIT_SELECTOR/CA_OBUF_inst_i_9_n_0
    SLICE_X64Y18         LUT5 (Prop_lut5_I4_O)        0.331     6.464 f  SEVEN_SEGMENT_DISPLAY/DIGIT_SELECTOR/CA_OBUF_inst_i_2/O
                         net (fo=7, routed)           1.001     7.465    SEVEN_SEGMENT_DISPLAY/DIGIT_SELECTOR/CA_OBUF_inst_i_2_n_0
    SLICE_X62Y19         LUT4 (Prop_lut4_I0_O)        0.152     7.617 r  SEVEN_SEGMENT_DISPLAY/DIGIT_SELECTOR/CE_OBUF_inst_i_1/O
                         net (fo=1, routed)           1.812     9.429    CE_OBUF
    U5                   OBUF (Prop_obuf_I_O)         3.722    13.151 r  CE_OBUF_inst/O
                         net (fo=0)                   0.000    13.151    CE
    U5                                                                r  CE
  -------------------------------------------------------------------    -------------------

Slack:                    inf
  Source:                 switches_inputs[7]
                            (input port)
  Destination:            CC
                            (output port)
  Path Group:             (none)
  Path Type:              Max at Slow Process Corner
  Data Path Delay:        13.121ns  (logic 5.602ns (42.695%)  route 7.519ns (57.305%))
  Logic Levels:           5  (IBUF=1 LUT4=1 LUT5=2 OBUF=1)

    Location             Delay type                Incr(ns)  Path(ns)    Netlist Resource(s)
  -------------------------------------------------------------------    -------------------
    W13                                               0.000     0.000 r  switches_inputs[7]
                         net (fo=0)                   0.000     0.000    switches_inputs[7]
    W13                  IBUF (Prop_ibuf_I_O)         1.459     1.459 r  switches_inputs_IBUF[7]_inst/O
                         net (fo=4, routed)           3.829     5.288    SEVEN_SEGMENT_DISPLAY/DIGIT_SELECTOR/led_OBUF[7]
    SLICE_X64Y18         LUT5 (Prop_lut5_I4_O)        0.153     5.441 r  SEVEN_SEGMENT_DISPLAY/DIGIT_SELECTOR/CA_OBUF_inst_i_9/O
                         net (fo=1, routed)           0.692     6.133    SEVEN_SEGMENT_DISPLAY/DIGIT_SELECTOR/CA_OBUF_inst_i_9_n_0
    SLICE_X64Y18         LUT5 (Prop_lut5_I4_O)        0.331     6.464 r  SEVEN_SEGMENT_DISPLAY/DIGIT_SELECTOR/CA_OBUF_inst_i_2/O
                         net (fo=7, routed)           1.176     7.640    SEVEN_SEGMENT_DISPLAY/DIGIT_SELECTOR/CA_OBUF_inst_i_2_n_0
    SLICE_X62Y20         LUT4 (Prop_lut4_I0_O)        0.124     7.764 r  SEVEN_SEGMENT_DISPLAY/DIGIT_SELECTOR/CC_OBUF_inst_i_1/O
                         net (fo=1, routed)           1.822     9.586    CC_OBUF
    U8                   OBUF (Prop_obuf_I_O)         3.535    13.121 r  CC_OBUF_inst/O
                         net (fo=0)                   0.000    13.121    CC
    U8                                                                r  CC
  -------------------------------------------------------------------    -------------------

Slack:                    inf
  Source:                 switches_inputs[7]
                            (input port)
  Destination:            CF
                            (output port)
  Path Group:             (none)
  Path Type:              Max at Slow Process Corner
  Data Path Delay:        13.037ns  (logic 5.571ns (42.735%)  route 7.466ns (57.265%))
  Logic Levels:           5  (IBUF=1 LUT4=1 LUT5=2 OBUF=1)

    Location             Delay type                Incr(ns)  Path(ns)    Netlist Resource(s)
  -------------------------------------------------------------------    -------------------
    W13                                               0.000     0.000 r  switches_inputs[7]
                         net (fo=0)                   0.000     0.000    switches_inputs[7]
    W13                  IBUF (Prop_ibuf_I_O)         1.459     1.459 r  switches_inputs_IBUF[7]_inst/O
                         net (fo=4, routed)           3.829     5.288    SEVEN_SEGMENT_DISPLAY/DIGIT_SELECTOR/led_OBUF[7]
    SLICE_X64Y18         LUT5 (Prop_lut5_I4_O)        0.153     5.441 r  SEVEN_SEGMENT_DISPLAY/DIGIT_SELECTOR/CA_OBUF_inst_i_9/O
                         net (fo=1, routed)           0.692     6.133    SEVEN_SEGMENT_DISPLAY/DIGIT_SELECTOR/CA_OBUF_inst_i_9_n_0
    SLICE_X64Y18         LUT5 (Prop_lut5_I4_O)        0.331     6.464 r  SEVEN_SEGMENT_DISPLAY/DIGIT_SELECTOR/CA_OBUF_inst_i_2/O
                         net (fo=7, routed)           1.138     7.601    SEVEN_SEGMENT_DISPLAY/DIGIT_SELECTOR/CA_OBUF_inst_i_2_n_0
    SLICE_X62Y18         LUT4 (Prop_lut4_I0_O)        0.124     7.725 r  SEVEN_SEGMENT_DISPLAY/DIGIT_SELECTOR/CF_OBUF_inst_i_1/O
                         net (fo=1, routed)           1.807     9.532    CF_OBUF
    V5                   OBUF (Prop_obuf_I_O)         3.504    13.037 r  CF_OBUF_inst/O
                         net (fo=0)                   0.000    13.037    CF
    V5                                                                r  CF
  -------------------------------------------------------------------    -------------------

Slack:                    inf
  Source:                 mux_select
                            (input port)
  Destination:            CA
                            (output port)
  Path Group:             (none)
  Path Type:              Max at Slow Process Corner
  Data Path Delay:        12.972ns  (logic 5.336ns (41.139%)  route 7.635ns (58.861%))
  Logic Levels:           5  (IBUF=1 LUT4=1 LUT5=2 OBUF=1)

    Location             Delay type                Incr(ns)  Path(ns)    Netlist Resource(s)
  -------------------------------------------------------------------    -------------------
    T18                                               0.000     0.000 r  mux_select
                         net (fo=0)                   0.000     0.000    mux_select
    T18                  IBUF (Prop_ibuf_I_O)         1.454     1.454 r  mux_select_IBUF_inst/O
                         net (fo=16, routed)          4.096     5.550    SEVEN_SEGMENT_DISPLAY/DIGIT_SELECTOR/mux_select_IBUF
    SLICE_X62Y17         LUT5 (Prop_lut5_I2_O)        0.124     5.674 r  SEVEN_SEGMENT_DISPLAY/DIGIT_SELECTOR/CA_OBUF_inst_i_10/O
                         net (fo=1, routed)           0.862     6.536    SEVEN_SEGMENT_DISPLAY/DIGIT_SELECTOR/CA_OBUF_inst_i_10_n_0
    SLICE_X62Y19         LUT5 (Prop_lut5_I1_O)        0.124     6.660 r  SEVEN_SEGMENT_DISPLAY/DIGIT_SELECTOR/CA_OBUF_inst_i_3/O
                         net (fo=7, routed)           0.833     7.492    SEVEN_SEGMENT_DISPLAY/DIGIT_SELECTOR/CA_OBUF_inst_i_3_n_0
    SLICE_X62Y20         LUT4 (Prop_lut4_I1_O)        0.124     7.616 r  SEVEN_SEGMENT_DISPLAY/DIGIT_SELECTOR/CA_OBUF_inst_i_1/O
                         net (fo=1, routed)           1.845     9.461    CA_OBUF
    W7                   OBUF (Prop_obuf_I_O)         3.511    12.972 r  CA_OBUF_inst/O
                         net (fo=0)                   0.000    12.972    CA
    W7                                                                r  CA
  -------------------------------------------------------------------    -------------------

Slack:                    inf
  Source:                 switches_inputs[7]
                            (input port)
  Destination:            CD
                            (output port)
  Path Group:             (none)
  Path Type:              Max at Slow Process Corner
  Data Path Delay:        12.947ns  (logic 5.602ns (43.273%)  route 7.344ns (56.727%))
  Logic Levels:           5  (IBUF=1 LUT4=1 LUT5=2 OBUF=1)

    Location             Delay type                Incr(ns)  Path(ns)    Netlist Resource(s)
  -------------------------------------------------------------------    -------------------
    W13                                               0.000     0.000 r  switches_inputs[7]
                         net (fo=0)                   0.000     0.000    switches_inputs[7]
    W13                  IBUF (Prop_ibuf_I_O)         1.459     1.459 r  switches_inputs_IBUF[7]_inst/O
                         net (fo=4, routed)           3.829     5.288    SEVEN_SEGMENT_DISPLAY/DIGIT_SELECTOR/led_OBUF[7]
    SLICE_X64Y18         LUT5 (Prop_lut5_I4_O)        0.153     5.441 r  SEVEN_SEGMENT_DISPLAY/DIGIT_SELECTOR/CA_OBUF_inst_i_9/O
                         net (fo=1, routed)           0.692     6.133    SEVEN_SEGMENT_DISPLAY/DIGIT_SELECTOR/CA_OBUF_inst_i_9_n_0
    SLICE_X64Y18         LUT5 (Prop_lut5_I4_O)        0.331     6.464 r  SEVEN_SEGMENT_DISPLAY/DIGIT_SELECTOR/CA_OBUF_inst_i_2/O
                         net (fo=7, routed)           1.001     7.465    SEVEN_SEGMENT_DISPLAY/DIGIT_SELECTOR/CA_OBUF_inst_i_2_n_0
    SLICE_X62Y19         LUT4 (Prop_lut4_I3_O)        0.124     7.589 r  SEVEN_SEGMENT_DISPLAY/DIGIT_SELECTOR/CD_OBUF_inst_i_1/O
                         net (fo=1, routed)           1.822     9.411    CD_OBUF
    V8                   OBUF (Prop_obuf_I_O)         3.536    12.947 r  CD_OBUF_inst/O
                         net (fo=0)                   0.000    12.947    CD
    V8                                                                r  CD
  -------------------------------------------------------------------    -------------------

Slack:                    inf
  Source:                 switches_inputs[8]
                            (input port)
  Destination:            led[8]
                            (output port)
  Path Group:             (none)
  Path Type:              Max at Slow Process Corner
  Data Path Delay:        10.348ns  (logic 4.959ns (47.920%)  route 5.389ns (52.080%))
  Logic Levels:           2  (IBUF=1 OBUF=1)

    Location             Delay type                Incr(ns)  Path(ns)    Netlist Resource(s)
  -------------------------------------------------------------------    -------------------
    V2                                                0.000     0.000 r  switches_inputs[8]
                         net (fo=0)                   0.000     0.000    switches_inputs[8]
    V2                   IBUF (Prop_ibuf_I_O)         1.454     1.454 r  switches_inputs_IBUF[8]_inst/O
                         net (fo=4, routed)           5.389     6.843    led_OBUF[8]
    V13                  OBUF (Prop_obuf_I_O)         3.504    10.348 r  led_OBUF[8]_inst/O
                         net (fo=0)                   0.000    10.348    led[8]
    V13                                                               r  led[8]
  -------------------------------------------------------------------    -------------------

Slack:                    inf
  Source:                 switches_inputs[12]
                            (input port)
  Destination:            led[12]
                            (output port)
  Path Group:             (none)
  Path Type:              Max at Slow Process Corner
  Data Path Delay:        8.095ns  (logic 4.987ns (61.602%)  route 3.108ns (38.398%))
  Logic Levels:           2  (IBUF=1 OBUF=1)

    Location             Delay type                Incr(ns)  Path(ns)    Netlist Resource(s)
  -------------------------------------------------------------------    -------------------
    W2                                                0.000     0.000 r  switches_inputs[12]
                         net (fo=0)                   0.000     0.000    switches_inputs[12]
    W2                   IBUF (Prop_ibuf_I_O)         1.469     1.469 r  switches_inputs_IBUF[12]_inst/O
                         net (fo=4, routed)           3.108     4.577    led_OBUF[12]
    P3                   OBUF (Prop_obuf_I_O)         3.518     8.095 r  led_OBUF[12]_inst/O
                         net (fo=0)                   0.000     8.095    led[12]
    P3                                                                r  led[12]
  -------------------------------------------------------------------    -------------------

Slack:                    inf
  Source:                 switches_inputs[15]
                            (input port)
  Destination:            led[15]
                            (output port)
  Path Group:             (none)
  Path Type:              Max at Slow Process Corner
  Data Path Delay:        8.042ns  (logic 4.978ns (61.893%)  route 3.065ns (38.107%))
  Logic Levels:           2  (IBUF=1 OBUF=1)

    Location             Delay type                Incr(ns)  Path(ns)    Netlist Resource(s)
  -------------------------------------------------------------------    -------------------
    R2                                                0.000     0.000 r  switches_inputs[15]
                         net (fo=0)                   0.000     0.000    switches_inputs[15]
    R2                   IBUF (Prop_ibuf_I_O)         1.456     1.456 r  switches_inputs_IBUF[15]_inst/O
                         net (fo=16, routed)          3.065     4.521    led_OBUF[15]
    L1                   OBUF (Prop_obuf_I_O)         3.521     8.042 r  led_OBUF[15]_inst/O
                         net (fo=0)                   0.000     8.042    led[15]
    L1                                                                r  led[15]
  -------------------------------------------------------------------    -------------------





Min Delay Paths
--------------------------------------------------------------------------------------
Slack:                    inf
  Source:                 switches_inputs[9]
                            (input port)
  Destination:            led[9]
                            (output port)
  Path Group:             (none)
  Path Type:              Min at Fast Process Corner
  Data Path Delay:        1.888ns  (logic 1.430ns (75.709%)  route 0.459ns (24.291%))
  Logic Levels:           2  (IBUF=1 OBUF=1)

    Location             Delay type                Incr(ns)  Path(ns)    Netlist Resource(s)
  -------------------------------------------------------------------    -------------------
    T3                                                0.000     0.000 r  switches_inputs[9]
                         net (fo=0)                   0.000     0.000    switches_inputs[9]
    T3                   IBUF (Prop_ibuf_I_O)         0.220     0.220 r  switches_inputs_IBUF[9]_inst/O
                         net (fo=4, routed)           0.459     0.679    led_OBUF[9]
    V3                   OBUF (Prop_obuf_I_O)         1.209     1.888 r  led_OBUF[9]_inst/O
                         net (fo=0)                   0.000     1.888    led[9]
    V3                                                                r  led[9]
  -------------------------------------------------------------------    -------------------

Slack:                    inf
  Source:                 switches_inputs[6]
                            (input port)
  Destination:            led[6]
                            (output port)
  Path Group:             (none)
  Path Type:              Min at Fast Process Corner
  Data Path Delay:        1.889ns  (logic 1.425ns (75.455%)  route 0.464ns (24.545%))
  Logic Levels:           2  (IBUF=1 OBUF=1)

    Location             Delay type                Incr(ns)  Path(ns)    Netlist Resource(s)
  -------------------------------------------------------------------    -------------------
    W14                                               0.000     0.000 r  switches_inputs[6]
                         net (fo=0)                   0.000     0.000    switches_inputs[6]
    W14                  IBUF (Prop_ibuf_I_O)         0.218     0.218 r  switches_inputs_IBUF[6]_inst/O
                         net (fo=4, routed)           0.464     0.681    led_OBUF[6]
    U14                  OBUF (Prop_obuf_I_O)         1.207     1.889 r  led_OBUF[6]_inst/O
                         net (fo=0)                   0.000     1.889    led[6]
    U14                                                               r  led[6]
  -------------------------------------------------------------------    -------------------

Slack:                    inf
  Source:                 switches_inputs[5]
                            (input port)
  Destination:            led[5]
                            (output port)
  Path Group:             (none)
  Path Type:              Min at Fast Process Corner
  Data Path Delay:        1.889ns  (logic 1.450ns (76.719%)  route 0.440ns (23.281%))
  Logic Levels:           2  (IBUF=1 OBUF=1)

    Location             Delay type                Incr(ns)  Path(ns)    Netlist Resource(s)
  -------------------------------------------------------------------    -------------------
    V15                                               0.000     0.000 r  switches_inputs[5]
                         net (fo=0)                   0.000     0.000    switches_inputs[5]
    V15                  IBUF (Prop_ibuf_I_O)         0.234     0.234 r  switches_inputs_IBUF[5]_inst/O
                         net (fo=4, routed)           0.440     0.674    led_OBUF[5]
    U15                  OBUF (Prop_obuf_I_O)         1.216     1.889 r  led_OBUF[5]_inst/O
                         net (fo=0)                   0.000     1.889    led[5]
    U15                                                               r  led[5]
  -------------------------------------------------------------------    -------------------

Slack:                    inf
  Source:                 switches_inputs[7]
                            (input port)
  Destination:            led[7]
                            (output port)
  Path Group:             (none)
  Path Type:              Min at Fast Process Corner
  Data Path Delay:        1.891ns  (logic 1.429ns (75.542%)  route 0.463ns (24.458%))
  Logic Levels:           2  (IBUF=1 OBUF=1)

    Location             Delay type                Incr(ns)  Path(ns)    Netlist Resource(s)
  -------------------------------------------------------------------    -------------------
    W13                                               0.000     0.000 r  switches_inputs[7]
                         net (fo=0)                   0.000     0.000    switches_inputs[7]
    W13                  IBUF (Prop_ibuf_I_O)         0.227     0.227 r  switches_inputs_IBUF[7]_inst/O
                         net (fo=4, routed)           0.463     0.690    led_OBUF[7]
    V14                  OBUF (Prop_obuf_I_O)         1.202     1.891 r  led_OBUF[7]_inst/O
                         net (fo=0)                   0.000     1.891    led[7]
    V14                                                               r  led[7]
  -------------------------------------------------------------------    -------------------

Slack:                    inf
  Source:                 switches_inputs[0]
                            (input port)
  Destination:            led[0]
                            (output port)
  Path Group:             (none)
  Path Type:              Min at Fast Process Corner
  Data Path Delay:        1.892ns  (logic 1.427ns (75.410%)  route 0.465ns (24.590%))
  Logic Levels:           2  (IBUF=1 OBUF=1)

    Location             Delay type                Incr(ns)  Path(ns)    Netlist Resource(s)
  -------------------------------------------------------------------    -------------------
    V17                                               0.000     0.000 r  switches_inputs[0]
                         net (fo=0)                   0.000     0.000    switches_inputs[0]
    V17                  IBUF (Prop_ibuf_I_O)         0.221     0.221 r  switches_inputs_IBUF[0]_inst/O
                         net (fo=3, routed)           0.465     0.686    led_OBUF[0]
    U16                  OBUF (Prop_obuf_I_O)         1.206     1.892 r  led_OBUF[0]_inst/O
                         net (fo=0)                   0.000     1.892    led[0]
    U16                                                               r  led[0]
  -------------------------------------------------------------------    -------------------

Slack:                    inf
  Source:                 switches_inputs[3]
                            (input port)
  Destination:            led[3]
                            (output port)
  Path Group:             (none)
  Path Type:              Min at Fast Process Corner
  Data Path Delay:        1.913ns  (logic 1.427ns (74.601%)  route 0.486ns (25.399%))
  Logic Levels:           2  (IBUF=1 OBUF=1)

    Location             Delay type                Incr(ns)  Path(ns)    Netlist Resource(s)
  -------------------------------------------------------------------    -------------------
    W17                                               0.000     0.000 r  switches_inputs[3]
                         net (fo=0)                   0.000     0.000    switches_inputs[3]
    W17                  IBUF (Prop_ibuf_I_O)         0.217     0.217 r  switches_inputs_IBUF[3]_inst/O
                         net (fo=3, routed)           0.486     0.702    led_OBUF[3]
    V19                  OBUF (Prop_obuf_I_O)         1.210     1.913 r  led_OBUF[3]_inst/O
                         net (fo=0)                   0.000     1.913    led[3]
    V19                                                               r  led[3]
  -------------------------------------------------------------------    -------------------

Slack:                    inf
  Source:                 switches_inputs[2]
                            (input port)
  Destination:            led[2]
                            (output port)
  Path Group:             (none)
  Path Type:              Min at Fast Process Corner
  Data Path Delay:        1.921ns  (logic 1.434ns (74.659%)  route 0.487ns (25.341%))
  Logic Levels:           2  (IBUF=1 OBUF=1)

    Location             Delay type                Incr(ns)  Path(ns)    Netlist Resource(s)
  -------------------------------------------------------------------    -------------------
    W16                                               0.000     0.000 r  switches_inputs[2]
                         net (fo=0)                   0.000     0.000    switches_inputs[2]
    W16                  IBUF (Prop_ibuf_I_O)         0.232     0.232 r  switches_inputs_IBUF[2]_inst/O
                         net (fo=3, routed)           0.487     0.719    led_OBUF[2]
    U19                  OBUF (Prop_obuf_I_O)         1.202     1.921 r  led_OBUF[2]_inst/O
                         net (fo=0)                   0.000     1.921    led[2]
    U19                                                               r  led[2]
  -------------------------------------------------------------------    -------------------

Slack:                    inf
  Source:                 switches_inputs[4]
                            (input port)
  Destination:            led[4]
                            (output port)
  Path Group:             (none)
  Path Type:              Min at Fast Process Corner
  Data Path Delay:        1.922ns  (logic 1.429ns (74.313%)  route 0.494ns (25.687%))
  Logic Levels:           2  (IBUF=1 OBUF=1)

    Location             Delay type                Incr(ns)  Path(ns)    Netlist Resource(s)
  -------------------------------------------------------------------    -------------------
    W15                                               0.000     0.000 r  switches_inputs[4]
                         net (fo=0)                   0.000     0.000    switches_inputs[4]
    W15                  IBUF (Prop_ibuf_I_O)         0.219     0.219 r  switches_inputs_IBUF[4]_inst/O
                         net (fo=4, routed)           0.494     0.713    led_OBUF[4]
    W18                  OBUF (Prop_obuf_I_O)         1.210     1.922 r  led_OBUF[4]_inst/O
                         net (fo=0)                   0.000     1.922    led[4]
    W18                                                               r  led[4]
  -------------------------------------------------------------------    -------------------

Slack:                    inf
  Source:                 switches_inputs[10]
                            (input port)
  Destination:            led[10]
                            (output port)
  Path Group:             (none)
  Path Type:              Min at Fast Process Corner
  Data Path Delay:        1.941ns  (logic 1.452ns (74.802%)  route 0.489ns (25.198%))
  Logic Levels:           2  (IBUF=1 OBUF=1)

    Location             Delay type                Incr(ns)  Path(ns)    Netlist Resource(s)
  -------------------------------------------------------------------    -------------------
    T2                                                0.000     0.000 r  switches_inputs[10]
                         net (fo=0)                   0.000     0.000    switches_inputs[10]
    T2                   IBUF (Prop_ibuf_I_O)         0.226     0.226 r  switches_inputs_IBUF[10]_inst/O
                         net (fo=4, routed)           0.489     0.715    led_OBUF[10]
    W3                   OBUF (Prop_obuf_I_O)         1.226     1.941 r  led_OBUF[10]_inst/O
                         net (fo=0)                   0.000     1.941    led[10]
    W3                                                                r  led[10]
  -------------------------------------------------------------------    -------------------

Slack:                    inf
  Source:                 switches_inputs[11]
                            (input port)
  Destination:            led[11]
                            (output port)
  Path Group:             (none)
  Path Type:              Min at Fast Process Corner
  Data Path Delay:        1.989ns  (logic 1.437ns (72.229%)  route 0.552ns (27.771%))
  Logic Levels:           2  (IBUF=1 OBUF=1)

    Location             Delay type                Incr(ns)  Path(ns)    Netlist Resource(s)
  -------------------------------------------------------------------    -------------------
    R3                                                0.000     0.000 r  switches_inputs[11]
                         net (fo=0)                   0.000     0.000    switches_inputs[11]
    R3                   IBUF (Prop_ibuf_I_O)         0.232     0.232 r  switches_inputs_IBUF[11]_inst/O
                         net (fo=4, routed)           0.552     0.784    led_OBUF[11]
    U3                   OBUF (Prop_obuf_I_O)         1.205     1.989 r  led_OBUF[11]_inst/O
                         net (fo=0)                   0.000     1.989    led[11]
    U3                                                                r  led[11]
  -------------------------------------------------------------------    -------------------





--------------------------------------------------------------------------------------
Path Group:  (none)
From Clock:  sys_clk_pin
  To Clock:  

Max Delay            11 Endpoints
Min Delay            11 Endpoints
--------------------------------------------------------------------------------------


Max Delay Paths
--------------------------------------------------------------------------------------
Slack:                    inf
  Source:                 SEVEN_SEGMENT_DISPLAY/DIGIT_SELECTOR/q_reg[0]/C
                            (rising edge-triggered cell FDSE clocked by sys_clk_pin  {rise@0.000ns fall@5.000ns period=10.000ns})
  Destination:            CG
                            (output port)
  Path Group:             (none)
  Path Type:              Max at Slow Process Corner
  Data Path Delay:        11.501ns  (logic 4.952ns (43.063%)  route 6.548ns (56.937%))
  Logic Levels:           5  (LUT4=2 LUT5=2 OBUF=1)
  Clock Uncertainty:      0.025ns  ((TSJ^2 + TIJ^2)^1/2 + DJ) / 2 + PE
    Total System Jitter     (TSJ):    0.050ns
    Total Input Jitter      (TIJ):    0.000ns
    Discrete Jitter          (DJ):    0.000ns
    Phase Error              (PE):    0.000ns

    Location             Delay type                Incr(ns)  Path(ns)    Netlist Resource(s)
  -------------------------------------------------------------------    -------------------
                         (clock sys_clk_pin rise edge)
                                                      0.000     0.000 r  <hidden>
    W5                                                0.000     0.000 r  clk
                         net (fo=0)                   0.000     0.000    clk
    W5                   IBUF (Prop_ibuf_I_O)         1.458     1.458 r  clk_IBUF_inst/O
                         net (fo=1, routed)           1.967     3.425    clk_IBUF
    BUFGCTRL_X0Y0        BUFG (Prop_bufg_I_O)         0.096     3.521 r  clk_IBUF_BUFG_inst/O
                         net (fo=74, routed)          1.629     5.150    SEVEN_SEGMENT_DISPLAY/DIGIT_SELECTOR/CLK
    SLICE_X61Y16         FDSE                                         r  SEVEN_SEGMENT_DISPLAY/DIGIT_SELECTOR/q_reg[0]/C
  -------------------------------------------------------------------    -------------------
    SLICE_X61Y16         FDSE (Prop_fdse_C_Q)         0.456     5.606 r  SEVEN_SEGMENT_DISPLAY/DIGIT_SELECTOR/q_reg[0]/Q
                         net (fo=13, routed)          1.644     7.251    SEVEN_SEGMENT_DISPLAY/DIGIT_MUX/digit_select[0]
    SLICE_X61Y18         LUT4 (Prop_lut4_I0_O)        0.124     7.375 r  SEVEN_SEGMENT_DISPLAY/DIGIT_MUX/time_digit/O
                         net (fo=6, routed)           1.334     8.708    SEVEN_SEGMENT_DISPLAY/DIGIT_SELECTOR/CG_OBUF_inst_i_1_0
    SLICE_X65Y18         LUT5 (Prop_lut5_I1_O)        0.152     8.860 r  SEVEN_SEGMENT_DISPLAY/DIGIT_SELECTOR/CA_OBUF_inst_i_7/O
                         net (fo=1, routed)           0.530     9.390    SEVEN_SEGMENT_DISPLAY/DIGIT_SELECTOR/CA_OBUF_inst_i_7_n_0
    SLICE_X64Y18         LUT5 (Prop_lut5_I1_O)        0.332     9.722 r  SEVEN_SEGMENT_DISPLAY/DIGIT_SELECTOR/CA_OBUF_inst_i_2/O
                         net (fo=7, routed)           1.138    10.860    SEVEN_SEGMENT_DISPLAY/DIGIT_SELECTOR/CA_OBUF_inst_i_2_n_0
    SLICE_X62Y18         LUT4 (Prop_lut4_I2_O)        0.149    11.009 r  SEVEN_SEGMENT_DISPLAY/DIGIT_SELECTOR/CG_OBUF_inst_i_1/O
                         net (fo=1, routed)           1.903    12.911    CG_OBUF
    U7                   OBUF (Prop_obuf_I_O)         3.739    16.651 r  CG_OBUF_inst/O
                         net (fo=0)                   0.000    16.651    CG
    U7                                                                r  CG
  -------------------------------------------------------------------    -------------------

Slack:                    inf
  Source:                 SEVEN_SEGMENT_DISPLAY/DIGIT_SELECTOR/q_reg[0]/C
                            (rising edge-triggered cell FDSE clocked by sys_clk_pin  {rise@0.000ns fall@5.000ns period=10.000ns})
  Destination:            CB
                            (output port)
  Path Group:             (none)
  Path Type:              Max at Slow Process Corner
  Data Path Delay:        11.495ns  (logic 4.947ns (43.036%)  route 6.548ns (56.964%))
  Logic Levels:           5  (LUT4=2 LUT5=2 OBUF=1)
  Clock Uncertainty:      0.025ns  ((TSJ^2 + TIJ^2)^1/2 + DJ) / 2 + PE
    Total System Jitter     (TSJ):    0.050ns
    Total Input Jitter      (TIJ):    0.000ns
    Discrete Jitter          (DJ):    0.000ns
    Phase Error              (PE):    0.000ns

    Location             Delay type                Incr(ns)  Path(ns)    Netlist Resource(s)
  -------------------------------------------------------------------    -------------------
                         (clock sys_clk_pin rise edge)
                                                      0.000     0.000 r  <hidden>
    W5                                                0.000     0.000 r  clk
                         net (fo=0)                   0.000     0.000    clk
    W5                   IBUF (Prop_ibuf_I_O)         1.458     1.458 r  clk_IBUF_inst/O
                         net (fo=1, routed)           1.967     3.425    clk_IBUF
    BUFGCTRL_X0Y0        BUFG (Prop_bufg_I_O)         0.096     3.521 r  clk_IBUF_BUFG_inst/O
                         net (fo=74, routed)          1.629     5.150    SEVEN_SEGMENT_DISPLAY/DIGIT_SELECTOR/CLK
    SLICE_X61Y16         FDSE                                         r  SEVEN_SEGMENT_DISPLAY/DIGIT_SELECTOR/q_reg[0]/C
  -------------------------------------------------------------------    -------------------
    SLICE_X61Y16         FDSE (Prop_fdse_C_Q)         0.456     5.606 r  SEVEN_SEGMENT_DISPLAY/DIGIT_SELECTOR/q_reg[0]/Q
                         net (fo=13, routed)          1.644     7.251    SEVEN_SEGMENT_DISPLAY/DIGIT_MUX/digit_select[0]
    SLICE_X61Y18         LUT4 (Prop_lut4_I0_O)        0.124     7.375 r  SEVEN_SEGMENT_DISPLAY/DIGIT_MUX/time_digit/O
                         net (fo=6, routed)           1.334     8.708    SEVEN_SEGMENT_DISPLAY/DIGIT_SELECTOR/CG_OBUF_inst_i_1_0
    SLICE_X65Y18         LUT5 (Prop_lut5_I1_O)        0.152     8.860 r  SEVEN_SEGMENT_DISPLAY/DIGIT_SELECTOR/CA_OBUF_inst_i_7/O
                         net (fo=1, routed)           0.530     9.390    SEVEN_SEGMENT_DISPLAY/DIGIT_SELECTOR/CA_OBUF_inst_i_7_n_0
    SLICE_X64Y18         LUT5 (Prop_lut5_I1_O)        0.332     9.722 r  SEVEN_SEGMENT_DISPLAY/DIGIT_SELECTOR/CA_OBUF_inst_i_2/O
                         net (fo=7, routed)           1.176    10.898    SEVEN_SEGMENT_DISPLAY/DIGIT_SELECTOR/CA_OBUF_inst_i_2_n_0
    SLICE_X62Y20         LUT4 (Prop_lut4_I0_O)        0.152    11.050 r  SEVEN_SEGMENT_DISPLAY/DIGIT_SELECTOR/CB_OBUF_inst_i_1/O
                         net (fo=1, routed)           1.865    12.915    CB_OBUF
    W6                   OBUF (Prop_obuf_I_O)         3.731    16.646 r  CB_OBUF_inst/O
                         net (fo=0)                   0.000    16.646    CB
    W6                                                                r  CB
  -------------------------------------------------------------------    -------------------

Slack:                    inf
  Source:                 SEVEN_SEGMENT_DISPLAY/DIGIT_SELECTOR/q_reg[0]/C
                            (rising edge-triggered cell FDSE clocked by sys_clk_pin  {rise@0.000ns fall@5.000ns period=10.000ns})
  Destination:            CE
                            (output port)
  Path Group:             (none)
  Path Type:              Max at Slow Process Corner
  Data Path Delay:        11.259ns  (logic 4.938ns (43.857%)  route 6.321ns (56.143%))
  Logic Levels:           5  (LUT4=2 LUT5=2 OBUF=1)
  Clock Uncertainty:      0.025ns  ((TSJ^2 + TIJ^2)^1/2 + DJ) / 2 + PE
    Total System Jitter     (TSJ):    0.050ns
    Total Input Jitter      (TIJ):    0.000ns
    Discrete Jitter          (DJ):    0.000ns
    Phase Error              (PE):    0.000ns

    Location             Delay type                Incr(ns)  Path(ns)    Netlist Resource(s)
  -------------------------------------------------------------------    -------------------
                         (clock sys_clk_pin rise edge)
                                                      0.000     0.000 r  <hidden>
    W5                                                0.000     0.000 r  clk
                         net (fo=0)                   0.000     0.000    clk
    W5                   IBUF (Prop_ibuf_I_O)         1.458     1.458 r  clk_IBUF_inst/O
                         net (fo=1, routed)           1.967     3.425    clk_IBUF
    BUFGCTRL_X0Y0        BUFG (Prop_bufg_I_O)         0.096     3.521 r  clk_IBUF_BUFG_inst/O
                         net (fo=74, routed)          1.629     5.150    SEVEN_SEGMENT_DISPLAY/DIGIT_SELECTOR/CLK
    SLICE_X61Y16         FDSE                                         r  SEVEN_SEGMENT_DISPLAY/DIGIT_SELECTOR/q_reg[0]/C
  -------------------------------------------------------------------    -------------------
    SLICE_X61Y16         FDSE (Prop_fdse_C_Q)         0.456     5.606 r  SEVEN_SEGMENT_DISPLAY/DIGIT_SELECTOR/q_reg[0]/Q
                         net (fo=13, routed)          1.644     7.251    SEVEN_SEGMENT_DISPLAY/DIGIT_MUX/digit_select[0]
    SLICE_X61Y18         LUT4 (Prop_lut4_I0_O)        0.124     7.375 f  SEVEN_SEGMENT_DISPLAY/DIGIT_MUX/time_digit/O
                         net (fo=6, routed)           1.334     8.708    SEVEN_SEGMENT_DISPLAY/DIGIT_SELECTOR/CG_OBUF_inst_i_1_0
    SLICE_X65Y18         LUT5 (Prop_lut5_I1_O)        0.152     8.860 f  SEVEN_SEGMENT_DISPLAY/DIGIT_SELECTOR/CA_OBUF_inst_i_7/O
                         net (fo=1, routed)           0.530     9.390    SEVEN_SEGMENT_DISPLAY/DIGIT_SELECTOR/CA_OBUF_inst_i_7_n_0
    SLICE_X64Y18         LUT5 (Prop_lut5_I1_O)        0.332     9.722 f  SEVEN_SEGMENT_DISPLAY/DIGIT_SELECTOR/CA_OBUF_inst_i_2/O
                         net (fo=7, routed)           1.001    10.723    SEVEN_SEGMENT_DISPLAY/DIGIT_SELECTOR/CA_OBUF_inst_i_2_n_0
    SLICE_X62Y19         LUT4 (Prop_lut4_I0_O)        0.152    10.875 r  SEVEN_SEGMENT_DISPLAY/DIGIT_SELECTOR/CE_OBUF_inst_i_1/O
                         net (fo=1, routed)           1.812    12.687    CE_OBUF
    U5                   OBUF (Prop_obuf_I_O)         3.722    16.409 r  CE_OBUF_inst/O
                         net (fo=0)                   0.000    16.409    CE
    U5                                                                r  CE
  -------------------------------------------------------------------    -------------------

Slack:                    inf
  Source:                 SEVEN_SEGMENT_DISPLAY/DIGIT_SELECTOR/q_reg[0]/C
                            (rising edge-triggered cell FDSE clocked by sys_clk_pin  {rise@0.000ns fall@5.000ns period=10.000ns})
  Destination:            CC
                            (output port)
  Path Group:             (none)
  Path Type:              Max at Slow Process Corner
  Data Path Delay:        11.229ns  (logic 4.723ns (42.063%)  route 6.506ns (57.937%))
  Logic Levels:           5  (LUT4=2 LUT5=2 OBUF=1)
  Clock Uncertainty:      0.025ns  ((TSJ^2 + TIJ^2)^1/2 + DJ) / 2 + PE
    Total System Jitter     (TSJ):    0.050ns
    Total Input Jitter      (TIJ):    0.000ns
    Discrete Jitter          (DJ):    0.000ns
    Phase Error              (PE):    0.000ns

    Location             Delay type                Incr(ns)  Path(ns)    Netlist Resource(s)
  -------------------------------------------------------------------    -------------------
                         (clock sys_clk_pin rise edge)
                                                      0.000     0.000 r  <hidden>
    W5                                                0.000     0.000 r  clk
                         net (fo=0)                   0.000     0.000    clk
    W5                   IBUF (Prop_ibuf_I_O)         1.458     1.458 r  clk_IBUF_inst/O
                         net (fo=1, routed)           1.967     3.425    clk_IBUF
    BUFGCTRL_X0Y0        BUFG (Prop_bufg_I_O)         0.096     3.521 r  clk_IBUF_BUFG_inst/O
                         net (fo=74, routed)          1.629     5.150    SEVEN_SEGMENT_DISPLAY/DIGIT_SELECTOR/CLK
    SLICE_X61Y16         FDSE                                         r  SEVEN_SEGMENT_DISPLAY/DIGIT_SELECTOR/q_reg[0]/C
  -------------------------------------------------------------------    -------------------
    SLICE_X61Y16         FDSE (Prop_fdse_C_Q)         0.456     5.606 r  SEVEN_SEGMENT_DISPLAY/DIGIT_SELECTOR/q_reg[0]/Q
                         net (fo=13, routed)          1.644     7.251    SEVEN_SEGMENT_DISPLAY/DIGIT_MUX/digit_select[0]
    SLICE_X61Y18         LUT4 (Prop_lut4_I0_O)        0.124     7.375 r  SEVEN_SEGMENT_DISPLAY/DIGIT_MUX/time_digit/O
                         net (fo=6, routed)           1.334     8.708    SEVEN_SEGMENT_DISPLAY/DIGIT_SELECTOR/CG_OBUF_inst_i_1_0
    SLICE_X65Y18         LUT5 (Prop_lut5_I1_O)        0.152     8.860 r  SEVEN_SEGMENT_DISPLAY/DIGIT_SELECTOR/CA_OBUF_inst_i_7/O
                         net (fo=1, routed)           0.530     9.390    SEVEN_SEGMENT_DISPLAY/DIGIT_SELECTOR/CA_OBUF_inst_i_7_n_0
    SLICE_X64Y18         LUT5 (Prop_lut5_I1_O)        0.332     9.722 r  SEVEN_SEGMENT_DISPLAY/DIGIT_SELECTOR/CA_OBUF_inst_i_2/O
                         net (fo=7, routed)           1.176    10.898    SEVEN_SEGMENT_DISPLAY/DIGIT_SELECTOR/CA_OBUF_inst_i_2_n_0
    SLICE_X62Y20         LUT4 (Prop_lut4_I0_O)        0.124    11.022 r  SEVEN_SEGMENT_DISPLAY/DIGIT_SELECTOR/CC_OBUF_inst_i_1/O
                         net (fo=1, routed)           1.822    12.844    CC_OBUF
    U8                   OBUF (Prop_obuf_I_O)         3.535    16.379 r  CC_OBUF_inst/O
                         net (fo=0)                   0.000    16.379    CC
    U8                                                                r  CC
  -------------------------------------------------------------------    -------------------

Slack:                    inf
  Source:                 SEVEN_SEGMENT_DISPLAY/DIGIT_SELECTOR/q_reg[0]/C
                            (rising edge-triggered cell FDSE clocked by sys_clk_pin  {rise@0.000ns fall@5.000ns period=10.000ns})
  Destination:            CF
                            (output port)
  Path Group:             (none)
  Path Type:              Max at Slow Process Corner
  Data Path Delay:        11.145ns  (logic 4.692ns (42.105%)  route 6.452ns (57.895%))
  Logic Levels:           5  (LUT4=2 LUT5=2 OBUF=1)
  Clock Uncertainty:      0.025ns  ((TSJ^2 + TIJ^2)^1/2 + DJ) / 2 + PE
    Total System Jitter     (TSJ):    0.050ns
    Total Input Jitter      (TIJ):    0.000ns
    Discrete Jitter          (DJ):    0.000ns
    Phase Error              (PE):    0.000ns

    Location             Delay type                Incr(ns)  Path(ns)    Netlist Resource(s)
  -------------------------------------------------------------------    -------------------
                         (clock sys_clk_pin rise edge)
                                                      0.000     0.000 r  <hidden>
    W5                                                0.000     0.000 r  clk
                         net (fo=0)                   0.000     0.000    clk
    W5                   IBUF (Prop_ibuf_I_O)         1.458     1.458 r  clk_IBUF_inst/O
                         net (fo=1, routed)           1.967     3.425    clk_IBUF
    BUFGCTRL_X0Y0        BUFG (Prop_bufg_I_O)         0.096     3.521 r  clk_IBUF_BUFG_inst/O
                         net (fo=74, routed)          1.629     5.150    SEVEN_SEGMENT_DISPLAY/DIGIT_SELECTOR/CLK
    SLICE_X61Y16         FDSE                                         r  SEVEN_SEGMENT_DISPLAY/DIGIT_SELECTOR/q_reg[0]/C
  -------------------------------------------------------------------    -------------------
    SLICE_X61Y16         FDSE (Prop_fdse_C_Q)         0.456     5.606 r  SEVEN_SEGMENT_DISPLAY/DIGIT_SELECTOR/q_reg[0]/Q
                         net (fo=13, routed)          1.644     7.251    SEVEN_SEGMENT_DISPLAY/DIGIT_MUX/digit_select[0]
    SLICE_X61Y18         LUT4 (Prop_lut4_I0_O)        0.124     7.375 r  SEVEN_SEGMENT_DISPLAY/DIGIT_MUX/time_digit/O
                         net (fo=6, routed)           1.334     8.708    SEVEN_SEGMENT_DISPLAY/DIGIT_SELECTOR/CG_OBUF_inst_i_1_0
    SLICE_X65Y18         LUT5 (Prop_lut5_I1_O)        0.152     8.860 r  SEVEN_SEGMENT_DISPLAY/DIGIT_SELECTOR/CA_OBUF_inst_i_7/O
                         net (fo=1, routed)           0.530     9.390    SEVEN_SEGMENT_DISPLAY/DIGIT_SELECTOR/CA_OBUF_inst_i_7_n_0
    SLICE_X64Y18         LUT5 (Prop_lut5_I1_O)        0.332     9.722 r  SEVEN_SEGMENT_DISPLAY/DIGIT_SELECTOR/CA_OBUF_inst_i_2/O
                         net (fo=7, routed)           1.138    10.860    SEVEN_SEGMENT_DISPLAY/DIGIT_SELECTOR/CA_OBUF_inst_i_2_n_0
    SLICE_X62Y18         LUT4 (Prop_lut4_I0_O)        0.124    10.984 r  SEVEN_SEGMENT_DISPLAY/DIGIT_SELECTOR/CF_OBUF_inst_i_1/O
                         net (fo=1, routed)           1.807    12.791    CF_OBUF
    V5                   OBUF (Prop_obuf_I_O)         3.504    16.295 r  CF_OBUF_inst/O
                         net (fo=0)                   0.000    16.295    CF
    V5                                                                r  CF
  -------------------------------------------------------------------    -------------------

Slack:                    inf
  Source:                 SEVEN_SEGMENT_DISPLAY/DIGIT_SELECTOR/q_reg[0]/C
                            (rising edge-triggered cell FDSE clocked by sys_clk_pin  {rise@0.000ns fall@5.000ns period=10.000ns})
  Destination:            CD
                            (output port)
  Path Group:             (none)
  Path Type:              Max at Slow Process Corner
  Data Path Delay:        11.054ns  (logic 4.724ns (42.730%)  route 6.331ns (57.270%))
  Logic Levels:           5  (LUT4=2 LUT5=2 OBUF=1)
  Clock Uncertainty:      0.025ns  ((TSJ^2 + TIJ^2)^1/2 + DJ) / 2 + PE
    Total System Jitter     (TSJ):    0.050ns
    Total Input Jitter      (TIJ):    0.000ns
    Discrete Jitter          (DJ):    0.000ns
    Phase Error              (PE):    0.000ns

    Location             Delay type                Incr(ns)  Path(ns)    Netlist Resource(s)
  -------------------------------------------------------------------    -------------------
                         (clock sys_clk_pin rise edge)
                                                      0.000     0.000 r  <hidden>
    W5                                                0.000     0.000 r  clk
                         net (fo=0)                   0.000     0.000    clk
    W5                   IBUF (Prop_ibuf_I_O)         1.458     1.458 r  clk_IBUF_inst/O
                         net (fo=1, routed)           1.967     3.425    clk_IBUF
    BUFGCTRL_X0Y0        BUFG (Prop_bufg_I_O)         0.096     3.521 r  clk_IBUF_BUFG_inst/O
                         net (fo=74, routed)          1.629     5.150    SEVEN_SEGMENT_DISPLAY/DIGIT_SELECTOR/CLK
    SLICE_X61Y16         FDSE                                         r  SEVEN_SEGMENT_DISPLAY/DIGIT_SELECTOR/q_reg[0]/C
  -------------------------------------------------------------------    -------------------
    SLICE_X61Y16         FDSE (Prop_fdse_C_Q)         0.456     5.606 r  SEVEN_SEGMENT_DISPLAY/DIGIT_SELECTOR/q_reg[0]/Q
                         net (fo=13, routed)          1.644     7.251    SEVEN_SEGMENT_DISPLAY/DIGIT_MUX/digit_select[0]
    SLICE_X61Y18         LUT4 (Prop_lut4_I0_O)        0.124     7.375 r  SEVEN_SEGMENT_DISPLAY/DIGIT_MUX/time_digit/O
                         net (fo=6, routed)           1.334     8.708    SEVEN_SEGMENT_DISPLAY/DIGIT_SELECTOR/CG_OBUF_inst_i_1_0
    SLICE_X65Y18         LUT5 (Prop_lut5_I1_O)        0.152     8.860 r  SEVEN_SEGMENT_DISPLAY/DIGIT_SELECTOR/CA_OBUF_inst_i_7/O
                         net (fo=1, routed)           0.530     9.390    SEVEN_SEGMENT_DISPLAY/DIGIT_SELECTOR/CA_OBUF_inst_i_7_n_0
    SLICE_X64Y18         LUT5 (Prop_lut5_I1_O)        0.332     9.722 r  SEVEN_SEGMENT_DISPLAY/DIGIT_SELECTOR/CA_OBUF_inst_i_2/O
                         net (fo=7, routed)           1.001    10.723    SEVEN_SEGMENT_DISPLAY/DIGIT_SELECTOR/CA_OBUF_inst_i_2_n_0
    SLICE_X62Y19         LUT4 (Prop_lut4_I3_O)        0.124    10.847 r  SEVEN_SEGMENT_DISPLAY/DIGIT_SELECTOR/CD_OBUF_inst_i_1/O
                         net (fo=1, routed)           1.822    12.669    CD_OBUF
    V8                   OBUF (Prop_obuf_I_O)         3.536    16.205 r  CD_OBUF_inst/O
                         net (fo=0)                   0.000    16.205    CD
    V8                                                                r  CD
  -------------------------------------------------------------------    -------------------

Slack:                    inf
  Source:                 SEVEN_SEGMENT_DISPLAY/DIGIT_SELECTOR/q_reg[0]/C
                            (rising edge-triggered cell FDSE clocked by sys_clk_pin  {rise@0.000ns fall@5.000ns period=10.000ns})
  Destination:            CA
                            (output port)
  Path Group:             (none)
  Path Type:              Max at Slow Process Corner
  Data Path Delay:        10.796ns  (logic 4.699ns (43.521%)  route 6.098ns (56.479%))
  Logic Levels:           5  (LUT4=2 LUT5=2 OBUF=1)
  Clock Uncertainty:      0.025ns  ((TSJ^2 + TIJ^2)^1/2 + DJ) / 2 + PE
    Total System Jitter     (TSJ):    0.050ns
    Total Input Jitter      (TIJ):    0.000ns
    Discrete Jitter          (DJ):    0.000ns
    Phase Error              (PE):    0.000ns

    Location             Delay type                Incr(ns)  Path(ns)    Netlist Resource(s)
  -------------------------------------------------------------------    -------------------
                         (clock sys_clk_pin rise edge)
                                                      0.000     0.000 r  <hidden>
    W5                                                0.000     0.000 r  clk
                         net (fo=0)                   0.000     0.000    clk
    W5                   IBUF (Prop_ibuf_I_O)         1.458     1.458 r  clk_IBUF_inst/O
                         net (fo=1, routed)           1.967     3.425    clk_IBUF
    BUFGCTRL_X0Y0        BUFG (Prop_bufg_I_O)         0.096     3.521 r  clk_IBUF_BUFG_inst/O
                         net (fo=74, routed)          1.629     5.150    SEVEN_SEGMENT_DISPLAY/DIGIT_SELECTOR/CLK
    SLICE_X61Y16         FDSE                                         r  SEVEN_SEGMENT_DISPLAY/DIGIT_SELECTOR/q_reg[0]/C
  -------------------------------------------------------------------    -------------------
    SLICE_X61Y16         FDSE (Prop_fdse_C_Q)         0.456     5.606 r  SEVEN_SEGMENT_DISPLAY/DIGIT_SELECTOR/q_reg[0]/Q
                         net (fo=13, routed)          1.644     7.251    SEVEN_SEGMENT_DISPLAY/DIGIT_MUX/digit_select[0]
    SLICE_X61Y18         LUT4 (Prop_lut4_I0_O)        0.124     7.375 r  SEVEN_SEGMENT_DISPLAY/DIGIT_MUX/time_digit/O
                         net (fo=6, routed)           1.334     8.708    SEVEN_SEGMENT_DISPLAY/DIGIT_SELECTOR/CG_OBUF_inst_i_1_0
    SLICE_X65Y18         LUT5 (Prop_lut5_I1_O)        0.152     8.860 r  SEVEN_SEGMENT_DISPLAY/DIGIT_SELECTOR/CA_OBUF_inst_i_7/O
                         net (fo=1, routed)           0.530     9.390    SEVEN_SEGMENT_DISPLAY/DIGIT_SELECTOR/CA_OBUF_inst_i_7_n_0
    SLICE_X64Y18         LUT5 (Prop_lut5_I1_O)        0.332     9.722 r  SEVEN_SEGMENT_DISPLAY/DIGIT_SELECTOR/CA_OBUF_inst_i_2/O
                         net (fo=7, routed)           0.745    10.467    SEVEN_SEGMENT_DISPLAY/DIGIT_SELECTOR/CA_OBUF_inst_i_2_n_0
    SLICE_X62Y20         LUT4 (Prop_lut4_I0_O)        0.124    10.591 r  SEVEN_SEGMENT_DISPLAY/DIGIT_SELECTOR/CA_OBUF_inst_i_1/O
                         net (fo=1, routed)           1.845    12.436    CA_OBUF
    W7                   OBUF (Prop_obuf_I_O)         3.511    15.947 r  CA_OBUF_inst/O
                         net (fo=0)                   0.000    15.947    CA
    W7                                                                r  CA
  -------------------------------------------------------------------    -------------------

Slack:                    inf
  Source:                 SEVEN_SEGMENT_DISPLAY/DIGIT_SELECTOR/q_reg[0]/C
                            (rising edge-triggered cell FDSE clocked by sys_clk_pin  {rise@0.000ns fall@5.000ns period=10.000ns})
  Destination:            AN1
                            (output port)
  Path Group:             (none)
  Path Type:              Max at Slow Process Corner
  Data Path Delay:        7.360ns  (logic 4.300ns (58.420%)  route 3.060ns (41.580%))
  Logic Levels:           2  (LUT1=1 OBUF=1)
  Clock Uncertainty:      0.025ns  ((TSJ^2 + TIJ^2)^1/2 + DJ) / 2 + PE
    Total System Jitter     (TSJ):    0.050ns
    Total Input Jitter      (TIJ):    0.000ns
    Discrete Jitter          (DJ):    0.000ns
    Phase Error              (PE):    0.000ns

    Location             Delay type                Incr(ns)  Path(ns)    Netlist Resource(s)
  -------------------------------------------------------------------    -------------------
                         (clock sys_clk_pin rise edge)
                                                      0.000     0.000 r  <hidden>
    W5                                                0.000     0.000 r  clk
                         net (fo=0)                   0.000     0.000    clk
    W5                   IBUF (Prop_ibuf_I_O)         1.458     1.458 r  clk_IBUF_inst/O
                         net (fo=1, routed)           1.967     3.425    clk_IBUF
    BUFGCTRL_X0Y0        BUFG (Prop_bufg_I_O)         0.096     3.521 r  clk_IBUF_BUFG_inst/O
                         net (fo=74, routed)          1.629     5.150    SEVEN_SEGMENT_DISPLAY/DIGIT_SELECTOR/CLK
    SLICE_X61Y16         FDSE                                         r  SEVEN_SEGMENT_DISPLAY/DIGIT_SELECTOR/q_reg[0]/C
  -------------------------------------------------------------------    -------------------
    SLICE_X61Y16         FDSE (Prop_fdse_C_Q)         0.456     5.606 f  SEVEN_SEGMENT_DISPLAY/DIGIT_SELECTOR/q_reg[0]/Q
                         net (fo=13, routed)          0.966     6.573    SEVEN_SEGMENT_DISPLAY/DIGIT_SELECTOR/digit_select[0]
    SLICE_X64Y19         LUT1 (Prop_lut1_I0_O)        0.117     6.690 r  SEVEN_SEGMENT_DISPLAY/DIGIT_SELECTOR/AN1_OBUF_inst_i_1/O
                         net (fo=1, routed)           2.094     8.784    AN1_OBUF
    U2                   OBUF (Prop_obuf_I_O)         3.727    12.511 r  AN1_OBUF_inst/O
                         net (fo=0)                   0.000    12.511    AN1
    U2                                                                r  AN1
  -------------------------------------------------------------------    -------------------

Slack:                    inf
  Source:                 SEVEN_SEGMENT_DISPLAY/DIGIT_SELECTOR/q_reg[1]/C
                            (rising edge-triggered cell FDSE clocked by sys_clk_pin  {rise@0.000ns fall@5.000ns period=10.000ns})
  Destination:            AN2
                            (output port)
  Path Group:             (none)
  Path Type:              Max at Slow Process Corner
  Data Path Delay:        7.158ns  (logic 4.217ns (58.912%)  route 2.941ns (41.088%))
  Logic Levels:           2  (LUT1=1 OBUF=1)
  Clock Uncertainty:      0.025ns  ((TSJ^2 + TIJ^2)^1/2 + DJ) / 2 + PE
    Total System Jitter     (TSJ):    0.050ns
    Total Input Jitter      (TIJ):    0.000ns
    Discrete Jitter          (DJ):    0.000ns
    Phase Error              (PE):    0.000ns

    Location             Delay type                Incr(ns)  Path(ns)    Netlist Resource(s)
  -------------------------------------------------------------------    -------------------
                         (clock sys_clk_pin rise edge)
                                                      0.000     0.000 r  <hidden>
    W5                                                0.000     0.000 r  clk
                         net (fo=0)                   0.000     0.000    clk
    W5                   IBUF (Prop_ibuf_I_O)         1.458     1.458 r  clk_IBUF_inst/O
                         net (fo=1, routed)           1.967     3.425    clk_IBUF
    BUFGCTRL_X0Y0        BUFG (Prop_bufg_I_O)         0.096     3.521 r  clk_IBUF_BUFG_inst/O
                         net (fo=74, routed)          1.629     5.150    SEVEN_SEGMENT_DISPLAY/DIGIT_SELECTOR/CLK
    SLICE_X61Y16         FDSE                                         r  SEVEN_SEGMENT_DISPLAY/DIGIT_SELECTOR/q_reg[1]/C
  -------------------------------------------------------------------    -------------------
    SLICE_X61Y16         FDSE (Prop_fdse_C_Q)         0.419     5.569 f  SEVEN_SEGMENT_DISPLAY/DIGIT_SELECTOR/q_reg[1]/Q
                         net (fo=13, routed)          0.843     6.413    SEVEN_SEGMENT_DISPLAY/DIGIT_SELECTOR/q_reg[1]_0
    SLICE_X64Y18         LUT1 (Prop_lut1_I0_O)        0.299     6.712 r  SEVEN_SEGMENT_DISPLAY/DIGIT_SELECTOR/AN2_OBUF_inst_i_1/O
                         net (fo=1, routed)           2.098     8.810    AN2_OBUF
    U4                   OBUF (Prop_obuf_I_O)         3.499    12.309 r  AN2_OBUF_inst/O
                         net (fo=0)                   0.000    12.309    AN2
    U4                                                                r  AN2
  -------------------------------------------------------------------    -------------------

Slack:                    inf
  Source:                 SEVEN_SEGMENT_DISPLAY/DIGIT_SELECTOR/q_reg[2]/C
                            (rising edge-triggered cell FDSE clocked by sys_clk_pin  {rise@0.000ns fall@5.000ns period=10.000ns})
  Destination:            AN3
                            (output port)
  Path Group:             (none)
  Path Type:              Max at Slow Process Corner
  Data Path Delay:        7.095ns  (logic 4.103ns (57.830%)  route 2.992ns (42.170%))
  Logic Levels:           2  (LUT1=1 OBUF=1)
  Clock Uncertainty:      0.025ns  ((TSJ^2 + TIJ^2)^1/2 + DJ) / 2 + PE
    Total System Jitter     (TSJ):    0.050ns
    Total Input Jitter      (TIJ):    0.000ns
    Discrete Jitter          (DJ):    0.000ns
    Phase Error              (PE):    0.000ns

    Location             Delay type                Incr(ns)  Path(ns)    Netlist Resource(s)
  -------------------------------------------------------------------    -------------------
                         (clock sys_clk_pin rise edge)
                                                      0.000     0.000 r  <hidden>
    W5                                                0.000     0.000 r  clk
                         net (fo=0)                   0.000     0.000    clk
    W5                   IBUF (Prop_ibuf_I_O)         1.458     1.458 r  clk_IBUF_inst/O
                         net (fo=1, routed)           1.967     3.425    clk_IBUF
    BUFGCTRL_X0Y0        BUFG (Prop_bufg_I_O)         0.096     3.521 r  clk_IBUF_BUFG_inst/O
                         net (fo=74, routed)          1.629     5.150    SEVEN_SEGMENT_DISPLAY/DIGIT_SELECTOR/CLK
    SLICE_X61Y16         FDSE                                         r  SEVEN_SEGMENT_DISPLAY/DIGIT_SELECTOR/q_reg[2]/C
  -------------------------------------------------------------------    -------------------
    SLICE_X61Y16         FDSE (Prop_fdse_C_Q)         0.456     5.606 f  SEVEN_SEGMENT_DISPLAY/DIGIT_SELECTOR/q_reg[2]/Q
                         net (fo=10, routed)          1.047     6.653    SEVEN_SEGMENT_DISPLAY/DIGIT_SELECTOR/q_reg[2]_0
    SLICE_X65Y18         LUT1 (Prop_lut1_I0_O)        0.124     6.777 r  SEVEN_SEGMENT_DISPLAY/DIGIT_SELECTOR/AN3_OBUF_inst_i_1/O
                         net (fo=1, routed)           1.945     8.722    AN3_OBUF
    V4                   OBUF (Prop_obuf_I_O)         3.523    12.245 r  AN3_OBUF_inst/O
                         net (fo=0)                   0.000    12.245    AN3
    V4                                                                r  AN3
  -------------------------------------------------------------------    -------------------





Min Delay Paths
--------------------------------------------------------------------------------------
Slack:                    inf
  Source:                 SEVEN_SEGMENT_DISPLAY/DIGIT_SELECTOR/q_reg[3]/C
                            (rising edge-triggered cell FDRE clocked by sys_clk_pin  {rise@0.000ns fall@5.000ns period=10.000ns})
  Destination:            AN4
                            (output port)
  Path Group:             (none)
  Path Type:              Min at Fast Process Corner
  Data Path Delay:        2.221ns  (logic 1.397ns (62.926%)  route 0.823ns (37.074%))
  Logic Levels:           2  (LUT1=1 OBUF=1)
  Clock Uncertainty:      0.025ns  ((TSJ^2 + TIJ^2)^1/2 + DJ) / 2 + PE
    Total System Jitter     (TSJ):    0.050ns
    Total Input Jitter      (TIJ):    0.000ns
    Discrete Jitter          (DJ):    0.000ns
    Phase Error              (PE):    0.000ns

    Location             Delay type                Incr(ns)  Path(ns)    Netlist Resource(s)
  -------------------------------------------------------------------    -------------------
                         (clock sys_clk_pin rise edge)
                                                      0.000     0.000 r  <hidden>
    W5                                                0.000     0.000 r  clk
                         net (fo=0)                   0.000     0.000    clk
    W5                   IBUF (Prop_ibuf_I_O)         0.226     0.226 r  clk_IBUF_inst/O
                         net (fo=1, routed)           0.631     0.858    clk_IBUF
    BUFGCTRL_X0Y0        BUFG (Prop_bufg_I_O)         0.026     0.884 r  clk_IBUF_BUFG_inst/O
                         net (fo=74, routed)          0.590     1.473    SEVEN_SEGMENT_DISPLAY/DIGIT_SELECTOR/CLK
    SLICE_X63Y16         FDRE                                         r  SEVEN_SEGMENT_DISPLAY/DIGIT_SELECTOR/q_reg[3]/C
  -------------------------------------------------------------------    -------------------
    SLICE_X63Y16         FDRE (Prop_fdre_C_Q)         0.141     1.614 f  SEVEN_SEGMENT_DISPLAY/DIGIT_SELECTOR/q_reg[3]/Q
                         net (fo=11, routed)          0.385     1.999    SEVEN_SEGMENT_DISPLAY/DIGIT_SELECTOR/q_reg[3]_0
    SLICE_X64Y18         LUT1 (Prop_lut1_I0_O)        0.045     2.044 r  SEVEN_SEGMENT_DISPLAY/DIGIT_SELECTOR/AN4_OBUF_inst_i_1/O
                         net (fo=1, routed)           0.438     2.482    AN4_OBUF
    W4                   OBUF (Prop_obuf_I_O)         1.211     3.694 r  AN4_OBUF_inst/O
                         net (fo=0)                   0.000     3.694    AN4
    W4                                                                r  AN4
  -------------------------------------------------------------------    -------------------

Slack:                    inf
  Source:                 SEVEN_SEGMENT_DISPLAY/DIGIT_SELECTOR/q_reg[2]/C
                            (rising edge-triggered cell FDSE clocked by sys_clk_pin  {rise@0.000ns fall@5.000ns period=10.000ns})
  Destination:            AN3
                            (output port)
  Path Group:             (none)
  Path Type:              Min at Fast Process Corner
  Data Path Delay:        2.275ns  (logic 1.410ns (61.978%)  route 0.865ns (38.022%))
  Logic Levels:           2  (LUT1=1 OBUF=1)
  Clock Uncertainty:      0.025ns  ((TSJ^2 + TIJ^2)^1/2 + DJ) / 2 + PE
    Total System Jitter     (TSJ):    0.050ns
    Total Input Jitter      (TIJ):    0.000ns
    Discrete Jitter          (DJ):    0.000ns
    Phase Error              (PE):    0.000ns

    Location             Delay type                Incr(ns)  Path(ns)    Netlist Resource(s)
  -------------------------------------------------------------------    -------------------
                         (clock sys_clk_pin rise edge)
                                                      0.000     0.000 r  <hidden>
    W5                                                0.000     0.000 r  clk
                         net (fo=0)                   0.000     0.000    clk
    W5                   IBUF (Prop_ibuf_I_O)         0.226     0.226 r  clk_IBUF_inst/O
                         net (fo=1, routed)           0.631     0.858    clk_IBUF
    BUFGCTRL_X0Y0        BUFG (Prop_bufg_I_O)         0.026     0.884 r  clk_IBUF_BUFG_inst/O
                         net (fo=74, routed)          0.589     1.472    SEVEN_SEGMENT_DISPLAY/DIGIT_SELECTOR/CLK
    SLICE_X61Y16         FDSE                                         r  SEVEN_SEGMENT_DISPLAY/DIGIT_SELECTOR/q_reg[2]/C
  -------------------------------------------------------------------    -------------------
    SLICE_X61Y16         FDSE (Prop_fdse_C_Q)         0.141     1.613 f  SEVEN_SEGMENT_DISPLAY/DIGIT_SELECTOR/q_reg[2]/Q
                         net (fo=10, routed)          0.405     2.018    SEVEN_SEGMENT_DISPLAY/DIGIT_SELECTOR/q_reg[2]_0
    SLICE_X65Y18         LUT1 (Prop_lut1_I0_O)        0.045     2.063 r  SEVEN_SEGMENT_DISPLAY/DIGIT_SELECTOR/AN3_OBUF_inst_i_1/O
                         net (fo=1, routed)           0.460     2.523    AN3_OBUF
    V4                   OBUF (Prop_obuf_I_O)         1.224     3.747 r  AN3_OBUF_inst/O
                         net (fo=0)                   0.000     3.747    AN3
    V4                                                                r  AN3
  -------------------------------------------------------------------    -------------------

Slack:                    inf
  Source:                 SEVEN_SEGMENT_DISPLAY/DIGIT_SELECTOR/q_reg[1]/C
                            (rising edge-triggered cell FDSE clocked by sys_clk_pin  {rise@0.000ns fall@5.000ns period=10.000ns})
  Destination:            AN2
                            (output port)
  Path Group:             (none)
  Path Type:              Min at Fast Process Corner
  Data Path Delay:        2.318ns  (logic 1.427ns (61.586%)  route 0.890ns (38.414%))
  Logic Levels:           2  (LUT1=1 OBUF=1)
  Clock Uncertainty:      0.025ns  ((TSJ^2 + TIJ^2)^1/2 + DJ) / 2 + PE
    Total System Jitter     (TSJ):    0.050ns
    Total Input Jitter      (TIJ):    0.000ns
    Discrete Jitter          (DJ):    0.000ns
    Phase Error              (PE):    0.000ns

    Location             Delay type                Incr(ns)  Path(ns)    Netlist Resource(s)
  -------------------------------------------------------------------    -------------------
                         (clock sys_clk_pin rise edge)
                                                      0.000     0.000 r  <hidden>
    W5                                                0.000     0.000 r  clk
                         net (fo=0)                   0.000     0.000    clk
    W5                   IBUF (Prop_ibuf_I_O)         0.226     0.226 r  clk_IBUF_inst/O
                         net (fo=1, routed)           0.631     0.858    clk_IBUF
    BUFGCTRL_X0Y0        BUFG (Prop_bufg_I_O)         0.026     0.884 r  clk_IBUF_BUFG_inst/O
                         net (fo=74, routed)          0.589     1.472    SEVEN_SEGMENT_DISPLAY/DIGIT_SELECTOR/CLK
    SLICE_X61Y16         FDSE                                         r  SEVEN_SEGMENT_DISPLAY/DIGIT_SELECTOR/q_reg[1]/C
  -------------------------------------------------------------------    -------------------
    SLICE_X61Y16         FDSE (Prop_fdse_C_Q)         0.128     1.600 f  SEVEN_SEGMENT_DISPLAY/DIGIT_SELECTOR/q_reg[1]/Q
                         net (fo=13, routed)          0.366     1.966    SEVEN_SEGMENT_DISPLAY/DIGIT_SELECTOR/q_reg[1]_0
    SLICE_X64Y18         LUT1 (Prop_lut1_I0_O)        0.099     2.065 r  SEVEN_SEGMENT_DISPLAY/DIGIT_SELECTOR/AN2_OBUF_inst_i_1/O
                         net (fo=1, routed)           0.524     2.589    AN2_OBUF
    U4                   OBUF (Prop_obuf_I_O)         1.200     3.790 r  AN2_OBUF_inst/O
                         net (fo=0)                   0.000     3.790    AN2
    U4                                                                r  AN2
  -------------------------------------------------------------------    -------------------

Slack:                    inf
  Source:                 BCD_CONVERTER/bcd_out_reg[9]/C
                            (rising edge-triggered cell FDRE clocked by sys_clk_pin  {rise@0.000ns fall@5.000ns period=10.000ns})
  Destination:            CF
                            (output port)
  Path Group:             (none)
  Path Type:              Min at Fast Process Corner
  Data Path Delay:        2.344ns  (logic 1.505ns (64.179%)  route 0.840ns (35.821%))
  Logic Levels:           4  (LUT4=1 LUT5=2 OBUF=1)
  Clock Uncertainty:      0.025ns  ((TSJ^2 + TIJ^2)^1/2 + DJ) / 2 + PE
    Total System Jitter     (TSJ):    0.050ns
    Total Input Jitter      (TIJ):    0.000ns
    Discrete Jitter          (DJ):    0.000ns
    Phase Error              (PE):    0.000ns

    Location             Delay type                Incr(ns)  Path(ns)    Netlist Resource(s)
  -------------------------------------------------------------------    -------------------
                         (clock sys_clk_pin rise edge)
                                                      0.000     0.000 r  <hidden>
    W5                                                0.000     0.000 r  clk
                         net (fo=0)                   0.000     0.000    clk
    W5                   IBUF (Prop_ibuf_I_O)         0.226     0.226 r  clk_IBUF_inst/O
                         net (fo=1, routed)           0.631     0.858    clk_IBUF
    BUFGCTRL_X0Y0        BUFG (Prop_bufg_I_O)         0.026     0.884 r  clk_IBUF_BUFG_inst/O
                         net (fo=74, routed)          0.586     1.469    BCD_CONVERTER/CLK
    SLICE_X60Y19         FDRE                                         r  BCD_CONVERTER/bcd_out_reg[9]/C
  -------------------------------------------------------------------    -------------------
    SLICE_X60Y19         FDRE (Prop_fdre_C_Q)         0.164     1.633 r  BCD_CONVERTER/bcd_out_reg[9]/Q
                         net (fo=1, routed)           0.082     1.715    SEVEN_SEGMENT_DISPLAY/DIGIT_SELECTOR/Q[8]
    SLICE_X61Y19         LUT5 (Prop_lut5_I1_O)        0.045     1.760 r  SEVEN_SEGMENT_DISPLAY/DIGIT_SELECTOR/CA_OBUF_inst_i_14/O
                         net (fo=1, routed)           0.137     1.898    SEVEN_SEGMENT_DISPLAY/DIGIT_SELECTOR/CA_OBUF_inst_i_14_n_0
    SLICE_X61Y19         LUT5 (Prop_lut5_I1_O)        0.045     1.943 r  SEVEN_SEGMENT_DISPLAY/DIGIT_SELECTOR/CA_OBUF_inst_i_4/O
                         net (fo=7, routed)           0.250     2.193    SEVEN_SEGMENT_DISPLAY/DIGIT_SELECTOR/CA_OBUF_inst_i_4_n_0
    SLICE_X62Y18         LUT4 (Prop_lut4_I2_O)        0.045     2.238 r  SEVEN_SEGMENT_DISPLAY/DIGIT_SELECTOR/CF_OBUF_inst_i_1/O
                         net (fo=1, routed)           0.370     2.608    CF_OBUF
    V5                   OBUF (Prop_obuf_I_O)         1.206     3.813 r  CF_OBUF_inst/O
                         net (fo=0)                   0.000     3.813    CF
    V5                                                                r  CF
  -------------------------------------------------------------------    -------------------

Slack:                    inf
  Source:                 SEVEN_SEGMENT_DISPLAY/DIGIT_SELECTOR/q_reg[0]/C
                            (rising edge-triggered cell FDSE clocked by sys_clk_pin  {rise@0.000ns fall@5.000ns period=10.000ns})
  Destination:            AN1
                            (output port)
  Path Group:             (none)
  Path Type:              Min at Fast Process Corner
  Data Path Delay:        2.395ns  (logic 1.466ns (61.201%)  route 0.929ns (38.799%))
  Logic Levels:           2  (LUT1=1 OBUF=1)
  Clock Uncertainty:      0.025ns  ((TSJ^2 + TIJ^2)^1/2 + DJ) / 2 + PE
    Total System Jitter     (TSJ):    0.050ns
    Total Input Jitter      (TIJ):    0.000ns
    Discrete Jitter          (DJ):    0.000ns
    Phase Error              (PE):    0.000ns

    Location             Delay type                Incr(ns)  Path(ns)    Netlist Resource(s)
  -------------------------------------------------------------------    -------------------
                         (clock sys_clk_pin rise edge)
                                                      0.000     0.000 r  <hidden>
    W5                                                0.000     0.000 r  clk
                         net (fo=0)                   0.000     0.000    clk
    W5                   IBUF (Prop_ibuf_I_O)         0.226     0.226 r  clk_IBUF_inst/O
                         net (fo=1, routed)           0.631     0.858    clk_IBUF
    BUFGCTRL_X0Y0        BUFG (Prop_bufg_I_O)         0.026     0.884 r  clk_IBUF_BUFG_inst/O
                         net (fo=74, routed)          0.589     1.472    SEVEN_SEGMENT_DISPLAY/DIGIT_SELECTOR/CLK
    SLICE_X61Y16         FDSE                                         r  SEVEN_SEGMENT_DISPLAY/DIGIT_SELECTOR/q_reg[0]/C
  -------------------------------------------------------------------    -------------------
    SLICE_X61Y16         FDSE (Prop_fdse_C_Q)         0.141     1.613 f  SEVEN_SEGMENT_DISPLAY/DIGIT_SELECTOR/q_reg[0]/Q
                         net (fo=13, routed)          0.400     2.013    SEVEN_SEGMENT_DISPLAY/DIGIT_SELECTOR/digit_select[0]
    SLICE_X64Y19         LUT1 (Prop_lut1_I0_O)        0.048     2.061 r  SEVEN_SEGMENT_DISPLAY/DIGIT_SELECTOR/AN1_OBUF_inst_i_1/O
                         net (fo=1, routed)           0.529     2.591    AN1_OBUF
    U2                   OBUF (Prop_obuf_I_O)         1.277     3.868 r  AN1_OBUF_inst/O
                         net (fo=0)                   0.000     3.868    AN1
    U2                                                                r  AN1
  -------------------------------------------------------------------    -------------------

Slack:                    inf
  Source:                 BCD_CONVERTER/bcd_out_reg[3]/C
                            (rising edge-triggered cell FDRE clocked by sys_clk_pin  {rise@0.000ns fall@5.000ns period=10.000ns})
  Destination:            CA
                            (output port)
  Path Group:             (none)
  Path Type:              Min at Fast Process Corner
  Data Path Delay:        2.435ns  (logic 1.511ns (62.049%)  route 0.924ns (37.951%))
  Logic Levels:           4  (LUT4=1 LUT5=2 OBUF=1)
  Clock Uncertainty:      0.025ns  ((TSJ^2 + TIJ^2)^1/2 + DJ) / 2 + PE
    Total System Jitter     (TSJ):    0.050ns
    Total Input Jitter      (TIJ):    0.000ns
    Discrete Jitter          (DJ):    0.000ns
    Phase Error              (PE):    0.000ns

    Location             Delay type                Incr(ns)  Path(ns)    Netlist Resource(s)
  -------------------------------------------------------------------    -------------------
                         (clock sys_clk_pin rise edge)
                                                      0.000     0.000 r  <hidden>
    W5                                                0.000     0.000 r  clk
                         net (fo=0)                   0.000     0.000    clk
    W5                   IBUF (Prop_ibuf_I_O)         0.226     0.226 r  clk_IBUF_inst/O
                         net (fo=1, routed)           0.631     0.858    clk_IBUF
    BUFGCTRL_X0Y0        BUFG (Prop_bufg_I_O)         0.026     0.884 r  clk_IBUF_BUFG_inst/O
                         net (fo=74, routed)          0.587     1.470    BCD_CONVERTER/CLK
    SLICE_X64Y19         FDRE                                         r  BCD_CONVERTER/bcd_out_reg[3]/C
  -------------------------------------------------------------------    -------------------
    SLICE_X64Y19         FDRE (Prop_fdre_C_Q)         0.164     1.634 r  BCD_CONVERTER/bcd_out_reg[3]/Q
                         net (fo=1, routed)           0.163     1.797    SEVEN_SEGMENT_DISPLAY/DIGIT_SELECTOR/Q[3]
    SLICE_X64Y19         LUT5 (Prop_lut5_I2_O)        0.045     1.842 r  SEVEN_SEGMENT_DISPLAY/DIGIT_SELECTOR/CA_OBUF_inst_i_6/O
                         net (fo=1, routed)           0.106     1.948    SEVEN_SEGMENT_DISPLAY/DIGIT_SELECTOR/CA_OBUF_inst_i_6_n_0
    SLICE_X64Y18         LUT5 (Prop_lut5_I0_O)        0.045     1.993 r  SEVEN_SEGMENT_DISPLAY/DIGIT_SELECTOR/CA_OBUF_inst_i_2/O
                         net (fo=7, routed)           0.257     2.250    SEVEN_SEGMENT_DISPLAY/DIGIT_SELECTOR/CA_OBUF_inst_i_2_n_0
    SLICE_X62Y20         LUT4 (Prop_lut4_I0_O)        0.045     2.295 r  SEVEN_SEGMENT_DISPLAY/DIGIT_SELECTOR/CA_OBUF_inst_i_1/O
                         net (fo=1, routed)           0.398     2.693    CA_OBUF
    W7                   OBUF (Prop_obuf_I_O)         1.212     3.905 r  CA_OBUF_inst/O
                         net (fo=0)                   0.000     3.905    CA
    W7                                                                r  CA
  -------------------------------------------------------------------    -------------------

Slack:                    inf
  Source:                 BCD_CONVERTER/bcd_out_reg[8]/C
                            (rising edge-triggered cell FDRE clocked by sys_clk_pin  {rise@0.000ns fall@5.000ns period=10.000ns})
  Destination:            CD
                            (output port)
  Path Group:             (none)
  Path Type:              Min at Fast Process Corner
  Data Path Delay:        2.474ns  (logic 1.512ns (61.142%)  route 0.961ns (38.858%))
  Logic Levels:           4  (LUT4=1 LUT5=1 LUT6=1 OBUF=1)
  Clock Uncertainty:      0.025ns  ((TSJ^2 + TIJ^2)^1/2 + DJ) / 2 + PE
    Total System Jitter     (TSJ):    0.050ns
    Total Input Jitter      (TIJ):    0.000ns
    Discrete Jitter          (DJ):    0.000ns
    Phase Error              (PE):    0.000ns

    Location             Delay type                Incr(ns)  Path(ns)    Netlist Resource(s)
  -------------------------------------------------------------------    -------------------
                         (clock sys_clk_pin rise edge)
                                                      0.000     0.000 r  <hidden>
    W5                                                0.000     0.000 r  clk
                         net (fo=0)                   0.000     0.000    clk
    W5                   IBUF (Prop_ibuf_I_O)         0.226     0.226 r  clk_IBUF_inst/O
                         net (fo=1, routed)           0.631     0.858    clk_IBUF
    BUFGCTRL_X0Y0        BUFG (Prop_bufg_I_O)         0.026     0.884 r  clk_IBUF_BUFG_inst/O
                         net (fo=74, routed)          0.587     1.470    BCD_CONVERTER/CLK
    SLICE_X62Y19         FDRE                                         r  BCD_CONVERTER/bcd_out_reg[8]/C
  -------------------------------------------------------------------    -------------------
    SLICE_X62Y19         FDRE (Prop_fdre_C_Q)         0.141     1.611 r  BCD_CONVERTER/bcd_out_reg[8]/Q
                         net (fo=2, routed)           0.149     1.760    SEVEN_SEGMENT_DISPLAY/DIGIT_SELECTOR/Q[7]
    SLICE_X63Y19         LUT6 (Prop_lut6_I3_O)        0.045     1.805 f  SEVEN_SEGMENT_DISPLAY/DIGIT_SELECTOR/CA_OBUF_inst_i_12/O
                         net (fo=1, routed)           0.228     2.033    SEVEN_SEGMENT_DISPLAY/DIGIT_SELECTOR/CA_OBUF_inst_i_12_n_0
    SLICE_X62Y19         LUT5 (Prop_lut5_I3_O)        0.045     2.078 r  SEVEN_SEGMENT_DISPLAY/DIGIT_SELECTOR/CA_OBUF_inst_i_3/O
                         net (fo=7, routed)           0.179     2.256    SEVEN_SEGMENT_DISPLAY/DIGIT_SELECTOR/CA_OBUF_inst_i_3_n_0
    SLICE_X62Y19         LUT4 (Prop_lut4_I1_O)        0.045     2.301 r  SEVEN_SEGMENT_DISPLAY/DIGIT_SELECTOR/CD_OBUF_inst_i_1/O
                         net (fo=1, routed)           0.406     2.707    CD_OBUF
    V8                   OBUF (Prop_obuf_I_O)         1.236     3.944 r  CD_OBUF_inst/O
                         net (fo=0)                   0.000     3.944    CD
    V8                                                                r  CD
  -------------------------------------------------------------------    -------------------

Slack:                    inf
  Source:                 BCD_CONVERTER/bcd_out_reg[8]/C
                            (rising edge-triggered cell FDRE clocked by sys_clk_pin  {rise@0.000ns fall@5.000ns period=10.000ns})
  Destination:            CE
                            (output port)
  Path Group:             (none)
  Path Type:              Min at Fast Process Corner
  Data Path Delay:        2.496ns  (logic 1.562ns (62.569%)  route 0.934ns (37.431%))
  Logic Levels:           4  (LUT4=1 LUT5=1 LUT6=1 OBUF=1)
  Clock Uncertainty:      0.025ns  ((TSJ^2 + TIJ^2)^1/2 + DJ) / 2 + PE
    Total System Jitter     (TSJ):    0.050ns
    Total Input Jitter      (TIJ):    0.000ns
    Discrete Jitter          (DJ):    0.000ns
    Phase Error              (PE):    0.000ns

    Location             Delay type                Incr(ns)  Path(ns)    Netlist Resource(s)
  -------------------------------------------------------------------    -------------------
                         (clock sys_clk_pin rise edge)
                                                      0.000     0.000 r  <hidden>
    W5                                                0.000     0.000 r  clk
                         net (fo=0)                   0.000     0.000    clk
    W5                   IBUF (Prop_ibuf_I_O)         0.226     0.226 r  clk_IBUF_inst/O
                         net (fo=1, routed)           0.631     0.858    clk_IBUF
    BUFGCTRL_X0Y0        BUFG (Prop_bufg_I_O)         0.026     0.884 r  clk_IBUF_BUFG_inst/O
                         net (fo=74, routed)          0.587     1.470    BCD_CONVERTER/CLK
    SLICE_X62Y19         FDRE                                         r  BCD_CONVERTER/bcd_out_reg[8]/C
  -------------------------------------------------------------------    -------------------
    SLICE_X62Y19         FDRE (Prop_fdre_C_Q)         0.141     1.611 r  BCD_CONVERTER/bcd_out_reg[8]/Q
                         net (fo=2, routed)           0.149     1.760    SEVEN_SEGMENT_DISPLAY/DIGIT_SELECTOR/Q[7]
    SLICE_X63Y19         LUT6 (Prop_lut6_I3_O)        0.045     1.805 f  SEVEN_SEGMENT_DISPLAY/DIGIT_SELECTOR/CA_OBUF_inst_i_12/O
                         net (fo=1, routed)           0.228     2.033    SEVEN_SEGMENT_DISPLAY/DIGIT_SELECTOR/CA_OBUF_inst_i_12_n_0
    SLICE_X62Y19         LUT5 (Prop_lut5_I3_O)        0.045     2.078 r  SEVEN_SEGMENT_DISPLAY/DIGIT_SELECTOR/CA_OBUF_inst_i_3/O
                         net (fo=7, routed)           0.179     2.256    SEVEN_SEGMENT_DISPLAY/DIGIT_SELECTOR/CA_OBUF_inst_i_3_n_0
    SLICE_X62Y19         LUT4 (Prop_lut4_I3_O)        0.048     2.304 r  SEVEN_SEGMENT_DISPLAY/DIGIT_SELECTOR/CE_OBUF_inst_i_1/O
                         net (fo=1, routed)           0.379     2.684    CE_OBUF
    U5                   OBUF (Prop_obuf_I_O)         1.283     3.966 r  CE_OBUF_inst/O
                         net (fo=0)                   0.000     3.966    CE
    U5                                                                r  CE
  -------------------------------------------------------------------    -------------------

Slack:                    inf
  Source:                 BCD_CONVERTER/bcd_out_reg[9]/C
                            (rising edge-triggered cell FDRE clocked by sys_clk_pin  {rise@0.000ns fall@5.000ns period=10.000ns})
  Destination:            CG
                            (output port)
  Path Group:             (none)
  Path Type:              Min at Fast Process Corner
  Data Path Delay:        2.504ns  (logic 1.602ns (63.994%)  route 0.902ns (36.006%))
  Logic Levels:           4  (LUT4=1 LUT5=2 OBUF=1)
  Clock Uncertainty:      0.025ns  ((TSJ^2 + TIJ^2)^1/2 + DJ) / 2 + PE
    Total System Jitter     (TSJ):    0.050ns
    Total Input Jitter      (TIJ):    0.000ns
    Discrete Jitter          (DJ):    0.000ns
    Phase Error              (PE):    0.000ns

    Location             Delay type                Incr(ns)  Path(ns)    Netlist Resource(s)
  -------------------------------------------------------------------    -------------------
                         (clock sys_clk_pin rise edge)
                                                      0.000     0.000 r  <hidden>
    W5                                                0.000     0.000 r  clk
                         net (fo=0)                   0.000     0.000    clk
    W5                   IBUF (Prop_ibuf_I_O)         0.226     0.226 r  clk_IBUF_inst/O
                         net (fo=1, routed)           0.631     0.858    clk_IBUF
    BUFGCTRL_X0Y0        BUFG (Prop_bufg_I_O)         0.026     0.884 r  clk_IBUF_BUFG_inst/O
                         net (fo=74, routed)          0.586     1.469    BCD_CONVERTER/CLK
    SLICE_X60Y19         FDRE                                         r  BCD_CONVERTER/bcd_out_reg[9]/C
  -------------------------------------------------------------------    -------------------
    SLICE_X60Y19         FDRE (Prop_fdre_C_Q)         0.164     1.633 r  BCD_CONVERTER/bcd_out_reg[9]/Q
                         net (fo=1, routed)           0.082     1.715    SEVEN_SEGMENT_DISPLAY/DIGIT_SELECTOR/Q[8]
    SLICE_X61Y19         LUT5 (Prop_lut5_I1_O)        0.045     1.760 r  SEVEN_SEGMENT_DISPLAY/DIGIT_SELECTOR/CA_OBUF_inst_i_14/O
                         net (fo=1, routed)           0.137     1.898    SEVEN_SEGMENT_DISPLAY/DIGIT_SELECTOR/CA_OBUF_inst_i_14_n_0
    SLICE_X61Y19         LUT5 (Prop_lut5_I1_O)        0.045     1.943 r  SEVEN_SEGMENT_DISPLAY/DIGIT_SELECTOR/CA_OBUF_inst_i_4/O
                         net (fo=7, routed)           0.250     2.193    SEVEN_SEGMENT_DISPLAY/DIGIT_SELECTOR/CA_OBUF_inst_i_4_n_0
    SLICE_X62Y18         LUT4 (Prop_lut4_I1_O)        0.049     2.242 r  SEVEN_SEGMENT_DISPLAY/DIGIT_SELECTOR/CG_OBUF_inst_i_1/O
                         net (fo=1, routed)           0.432     2.674    CG_OBUF
    U7                   OBUF (Prop_obuf_I_O)         1.299     3.973 r  CG_OBUF_inst/O
                         net (fo=0)                   0.000     3.973    CG
    U7                                                                r  CG
  -------------------------------------------------------------------    -------------------

Slack:                    inf
  Source:                 BCD_CONVERTER/bcd_out_reg[9]/C
                            (rising edge-triggered cell FDRE clocked by sys_clk_pin  {rise@0.000ns fall@5.000ns period=10.000ns})
  Destination:            CC
                            (output port)
  Path Group:             (none)
  Path Type:              Min at Fast Process Corner
  Data Path Delay:        2.549ns  (logic 1.535ns (60.225%)  route 1.014ns (39.775%))
  Logic Levels:           4  (LUT4=1 LUT5=2 OBUF=1)
  Clock Uncertainty:      0.025ns  ((TSJ^2 + TIJ^2)^1/2 + DJ) / 2 + PE
    Total System Jitter     (TSJ):    0.050ns
    Total Input Jitter      (TIJ):    0.000ns
    Discrete Jitter          (DJ):    0.000ns
    Phase Error              (PE):    0.000ns

    Location             Delay type                Incr(ns)  Path(ns)    Netlist Resource(s)
  -------------------------------------------------------------------    -------------------
                         (clock sys_clk_pin rise edge)
                                                      0.000     0.000 r  <hidden>
    W5                                                0.000     0.000 r  clk
                         net (fo=0)                   0.000     0.000    clk
    W5                   IBUF (Prop_ibuf_I_O)         0.226     0.226 r  clk_IBUF_inst/O
                         net (fo=1, routed)           0.631     0.858    clk_IBUF
    BUFGCTRL_X0Y0        BUFG (Prop_bufg_I_O)         0.026     0.884 r  clk_IBUF_BUFG_inst/O
                         net (fo=74, routed)          0.586     1.469    BCD_CONVERTER/CLK
    SLICE_X60Y19         FDRE                                         r  BCD_CONVERTER/bcd_out_reg[9]/C
  -------------------------------------------------------------------    -------------------
    SLICE_X60Y19         FDRE (Prop_fdre_C_Q)         0.164     1.633 r  BCD_CONVERTER/bcd_out_reg[9]/Q
                         net (fo=1, routed)           0.082     1.715    SEVEN_SEGMENT_DISPLAY/DIGIT_SELECTOR/Q[8]
    SLICE_X61Y19         LUT5 (Prop_lut5_I1_O)        0.045     1.760 r  SEVEN_SEGMENT_DISPLAY/DIGIT_SELECTOR/CA_OBUF_inst_i_14/O
                         net (fo=1, routed)           0.137     1.898    SEVEN_SEGMENT_DISPLAY/DIGIT_SELECTOR/CA_OBUF_inst_i_14_n_0
    SLICE_X61Y19         LUT5 (Prop_lut5_I1_O)        0.045     1.943 r  SEVEN_SEGMENT_DISPLAY/DIGIT_SELECTOR/CA_OBUF_inst_i_4/O
                         net (fo=7, routed)           0.388     2.331    SEVEN_SEGMENT_DISPLAY/DIGIT_SELECTOR/CA_OBUF_inst_i_4_n_0
    SLICE_X62Y20         LUT4 (Prop_lut4_I1_O)        0.045     2.376 r  SEVEN_SEGMENT_DISPLAY/DIGIT_SELECTOR/CC_OBUF_inst_i_1/O
                         net (fo=1, routed)           0.406     2.782    CC_OBUF
    U8                   OBUF (Prop_obuf_I_O)         1.236     4.018 r  CC_OBUF_inst/O
                         net (fo=0)                   0.000     4.018    CC
    U8                                                                r  CC
  -------------------------------------------------------------------    -------------------





--------------------------------------------------------------------------------------
Path Group:  (none)
From Clock:  
  To Clock:  sys_clk_pin

Max Delay           112 Endpoints
Min Delay           112 Endpoints
--------------------------------------------------------------------------------------


Max Delay Paths
--------------------------------------------------------------------------------------
Slack:                    inf
  Source:                 switches_inputs[7]
                            (input port)
  Destination:            BCD_CONVERTER/scratch_reg[17]/R
                            (rising edge-triggered cell FDRE clocked by sys_clk_pin  {rise@0.000ns fall@5.000ns period=10.000ns})
  Path Group:             (none)
  Path Type:              Setup (Max at Slow Process Corner)
  Data Path Delay:        8.417ns  (logic 1.831ns (21.751%)  route 6.586ns (78.249%))
  Logic Levels:           4  (IBUF=1 LUT4=1 LUT5=1 LUT6=1)
  Clock Path Skew:        4.848ns (DCD - SCD + CPR)
    Destination Clock Delay (DCD):    4.848ns
    Source Clock Delay      (SCD):    0.000ns
    Clock Pessimism Removal (CPR):    0.000ns
  Clock Uncertainty:      0.025ns  ((TSJ^2 + TIJ^2)^1/2 + DJ) / 2 + PE
    Total System Jitter     (TSJ):    0.050ns
    Total Input Jitter      (TIJ):    0.000ns
    Discrete Jitter          (DJ):    0.000ns
    Phase Error              (PE):    0.000ns

    Location             Delay type                Incr(ns)  Path(ns)    Netlist Resource(s)
  -------------------------------------------------------------------    -------------------
    W13                                               0.000     0.000 r  switches_inputs[7]
                         net (fo=0)                   0.000     0.000    switches_inputs[7]
    W13                  IBUF (Prop_ibuf_I_O)         1.459     1.459 r  switches_inputs_IBUF[7]_inst/O
                         net (fo=4, routed)           3.590     5.049    BCD_CONVERTER/led_OBUF[7]
    SLICE_X61Y16         LUT4 (Prop_lut4_I2_O)        0.124     5.173 f  BCD_CONVERTER/count[4]_i_4/O
                         net (fo=1, routed)           0.961     6.134    BCD_CONVERTER/count[4]_i_4_n_0
    SLICE_X63Y18         LUT6 (Prop_lut6_I2_O)        0.124     6.258 f  BCD_CONVERTER/count[4]_i_3/O
                         net (fo=14, routed)          0.940     7.199    BCD_CONVERTER/count[4]_i_3_n_0
    SLICE_X60Y18         LUT5 (Prop_lut5_I2_O)        0.124     7.323 r  BCD_CONVERTER/count[4]_i_1/O
                         net (fo=41, routed)          1.095     8.417    BCD_CONVERTER/count[4]_i_1_n_0
    SLICE_X61Y19         FDRE                                         r  BCD_CONVERTER/scratch_reg[17]/R
  -------------------------------------------------------------------    -------------------

                         (clock sys_clk_pin rise edge)
                                                      0.000     0.000 r  <hidden>
    W5                                                0.000     0.000 r  clk
                         net (fo=0)                   0.000     0.000    clk
    W5                   IBUF (Prop_ibuf_I_O)         1.388     1.388 r  clk_IBUF_inst/O
                         net (fo=1, routed)           1.862     3.250    clk_IBUF
    BUFGCTRL_X0Y0        BUFG (Prop_bufg_I_O)         0.091     3.341 r  clk_IBUF_BUFG_inst/O
                         net (fo=74, routed)          1.507     4.848    BCD_CONVERTER/CLK
    SLICE_X61Y19         FDRE                                         r  BCD_CONVERTER/scratch_reg[17]/C

Slack:                    inf
  Source:                 switches_inputs[7]
                            (input port)
  Destination:            BCD_CONVERTER/scratch_reg[18]/R
                            (rising edge-triggered cell FDRE clocked by sys_clk_pin  {rise@0.000ns fall@5.000ns period=10.000ns})
  Path Group:             (none)
  Path Type:              Setup (Max at Slow Process Corner)
  Data Path Delay:        8.417ns  (logic 1.831ns (21.751%)  route 6.586ns (78.249%))
  Logic Levels:           4  (IBUF=1 LUT4=1 LUT5=1 LUT6=1)
  Clock Path Skew:        4.848ns (DCD - SCD + CPR)
    Destination Clock Delay (DCD):    4.848ns
    Source Clock Delay      (SCD):    0.000ns
    Clock Pessimism Removal (CPR):    0.000ns
  Clock Uncertainty:      0.025ns  ((TSJ^2 + TIJ^2)^1/2 + DJ) / 2 + PE
    Total System Jitter     (TSJ):    0.050ns
    Total Input Jitter      (TIJ):    0.000ns
    Discrete Jitter          (DJ):    0.000ns
    Phase Error              (PE):    0.000ns

    Location             Delay type                Incr(ns)  Path(ns)    Netlist Resource(s)
  -------------------------------------------------------------------    -------------------
    W13                                               0.000     0.000 r  switches_inputs[7]
                         net (fo=0)                   0.000     0.000    switches_inputs[7]
    W13                  IBUF (Prop_ibuf_I_O)         1.459     1.459 r  switches_inputs_IBUF[7]_inst/O
                         net (fo=4, routed)           3.590     5.049    BCD_CONVERTER/led_OBUF[7]
    SLICE_X61Y16         LUT4 (Prop_lut4_I2_O)        0.124     5.173 f  BCD_CONVERTER/count[4]_i_4/O
                         net (fo=1, routed)           0.961     6.134    BCD_CONVERTER/count[4]_i_4_n_0
    SLICE_X63Y18         LUT6 (Prop_lut6_I2_O)        0.124     6.258 f  BCD_CONVERTER/count[4]_i_3/O
                         net (fo=14, routed)          0.940     7.199    BCD_CONVERTER/count[4]_i_3_n_0
    SLICE_X60Y18         LUT5 (Prop_lut5_I2_O)        0.124     7.323 r  BCD_CONVERTER/count[4]_i_1/O
                         net (fo=41, routed)          1.095     8.417    BCD_CONVERTER/count[4]_i_1_n_0
    SLICE_X61Y19         FDRE                                         r  BCD_CONVERTER/scratch_reg[18]/R
  -------------------------------------------------------------------    -------------------

                         (clock sys_clk_pin rise edge)
                                                      0.000     0.000 r  <hidden>
    W5                                                0.000     0.000 r  clk
                         net (fo=0)                   0.000     0.000    clk
    W5                   IBUF (Prop_ibuf_I_O)         1.388     1.388 r  clk_IBUF_inst/O
                         net (fo=1, routed)           1.862     3.250    clk_IBUF
    BUFGCTRL_X0Y0        BUFG (Prop_bufg_I_O)         0.091     3.341 r  clk_IBUF_BUFG_inst/O
                         net (fo=74, routed)          1.507     4.848    BCD_CONVERTER/CLK
    SLICE_X61Y19         FDRE                                         r  BCD_CONVERTER/scratch_reg[18]/C

Slack:                    inf
  Source:                 switches_inputs[7]
                            (input port)
  Destination:            BCD_CONVERTER/scratch_reg[19]/R
                            (rising edge-triggered cell FDRE clocked by sys_clk_pin  {rise@0.000ns fall@5.000ns period=10.000ns})
  Path Group:             (none)
  Path Type:              Setup (Max at Slow Process Corner)
  Data Path Delay:        8.417ns  (logic 1.831ns (21.751%)  route 6.586ns (78.249%))
  Logic Levels:           4  (IBUF=1 LUT4=1 LUT5=1 LUT6=1)
  Clock Path Skew:        4.848ns (DCD - SCD + CPR)
    Destination Clock Delay (DCD):    4.848ns
    Source Clock Delay      (SCD):    0.000ns
    Clock Pessimism Removal (CPR):    0.000ns
  Clock Uncertainty:      0.025ns  ((TSJ^2 + TIJ^2)^1/2 + DJ) / 2 + PE
    Total System Jitter     (TSJ):    0.050ns
    Total Input Jitter      (TIJ):    0.000ns
    Discrete Jitter          (DJ):    0.000ns
    Phase Error              (PE):    0.000ns

    Location             Delay type                Incr(ns)  Path(ns)    Netlist Resource(s)
  -------------------------------------------------------------------    -------------------
    W13                                               0.000     0.000 r  switches_inputs[7]
                         net (fo=0)                   0.000     0.000    switches_inputs[7]
    W13                  IBUF (Prop_ibuf_I_O)         1.459     1.459 r  switches_inputs_IBUF[7]_inst/O
                         net (fo=4, routed)           3.590     5.049    BCD_CONVERTER/led_OBUF[7]
    SLICE_X61Y16         LUT4 (Prop_lut4_I2_O)        0.124     5.173 f  BCD_CONVERTER/count[4]_i_4/O
                         net (fo=1, routed)           0.961     6.134    BCD_CONVERTER/count[4]_i_4_n_0
    SLICE_X63Y18         LUT6 (Prop_lut6_I2_O)        0.124     6.258 f  BCD_CONVERTER/count[4]_i_3/O
                         net (fo=14, routed)          0.940     7.199    BCD_CONVERTER/count[4]_i_3_n_0
    SLICE_X60Y18         LUT5 (Prop_lut5_I2_O)        0.124     7.323 r  BCD_CONVERTER/count[4]_i_1/O
                         net (fo=41, routed)          1.095     8.417    BCD_CONVERTER/count[4]_i_1_n_0
    SLICE_X61Y19         FDRE                                         r  BCD_CONVERTER/scratch_reg[19]/R
  -------------------------------------------------------------------    -------------------

                         (clock sys_clk_pin rise edge)
                                                      0.000     0.000 r  <hidden>
    W5                                                0.000     0.000 r  clk
                         net (fo=0)                   0.000     0.000    clk
    W5                   IBUF (Prop_ibuf_I_O)         1.388     1.388 r  clk_IBUF_inst/O
                         net (fo=1, routed)           1.862     3.250    clk_IBUF
    BUFGCTRL_X0Y0        BUFG (Prop_bufg_I_O)         0.091     3.341 r  clk_IBUF_BUFG_inst/O
                         net (fo=74, routed)          1.507     4.848    BCD_CONVERTER/CLK
    SLICE_X61Y19         FDRE                                         r  BCD_CONVERTER/scratch_reg[19]/C

Slack:                    inf
  Source:                 switches_inputs[7]
                            (input port)
  Destination:            BCD_CONVERTER/scratch_reg[20]/R
                            (rising edge-triggered cell FDRE clocked by sys_clk_pin  {rise@0.000ns fall@5.000ns period=10.000ns})
  Path Group:             (none)
  Path Type:              Setup (Max at Slow Process Corner)
  Data Path Delay:        8.417ns  (logic 1.831ns (21.751%)  route 6.586ns (78.249%))
  Logic Levels:           4  (IBUF=1 LUT4=1 LUT5=1 LUT6=1)
  Clock Path Skew:        4.848ns (DCD - SCD + CPR)
    Destination Clock Delay (DCD):    4.848ns
    Source Clock Delay      (SCD):    0.000ns
    Clock Pessimism Removal (CPR):    0.000ns
  Clock Uncertainty:      0.025ns  ((TSJ^2 + TIJ^2)^1/2 + DJ) / 2 + PE
    Total System Jitter     (TSJ):    0.050ns
    Total Input Jitter      (TIJ):    0.000ns
    Discrete Jitter          (DJ):    0.000ns
    Phase Error              (PE):    0.000ns

    Location             Delay type                Incr(ns)  Path(ns)    Netlist Resource(s)
  -------------------------------------------------------------------    -------------------
    W13                                               0.000     0.000 r  switches_inputs[7]
                         net (fo=0)                   0.000     0.000    switches_inputs[7]
    W13                  IBUF (Prop_ibuf_I_O)         1.459     1.459 r  switches_inputs_IBUF[7]_inst/O
                         net (fo=4, routed)           3.590     5.049    BCD_CONVERTER/led_OBUF[7]
    SLICE_X61Y16         LUT4 (Prop_lut4_I2_O)        0.124     5.173 f  BCD_CONVERTER/count[4]_i_4/O
                         net (fo=1, routed)           0.961     6.134    BCD_CONVERTER/count[4]_i_4_n_0
    SLICE_X63Y18         LUT6 (Prop_lut6_I2_O)        0.124     6.258 f  BCD_CONVERTER/count[4]_i_3/O
                         net (fo=14, routed)          0.940     7.199    BCD_CONVERTER/count[4]_i_3_n_0
    SLICE_X60Y18         LUT5 (Prop_lut5_I2_O)        0.124     7.323 r  BCD_CONVERTER/count[4]_i_1/O
                         net (fo=41, routed)          1.095     8.417    BCD_CONVERTER/count[4]_i_1_n_0
    SLICE_X61Y19         FDRE                                         r  BCD_CONVERTER/scratch_reg[20]/R
  -------------------------------------------------------------------    -------------------

                         (clock sys_clk_pin rise edge)
                                                      0.000     0.000 r  <hidden>
    W5                                                0.000     0.000 r  clk
                         net (fo=0)                   0.000     0.000    clk
    W5                   IBUF (Prop_ibuf_I_O)         1.388     1.388 r  clk_IBUF_inst/O
                         net (fo=1, routed)           1.862     3.250    clk_IBUF
    BUFGCTRL_X0Y0        BUFG (Prop_bufg_I_O)         0.091     3.341 r  clk_IBUF_BUFG_inst/O
                         net (fo=74, routed)          1.507     4.848    BCD_CONVERTER/CLK
    SLICE_X61Y19         FDRE                                         r  BCD_CONVERTER/scratch_reg[20]/C

Slack:                    inf
  Source:                 switches_inputs[7]
                            (input port)
  Destination:            BCD_CONVERTER/scratch_reg[0]/R
                            (rising edge-triggered cell FDRE clocked by sys_clk_pin  {rise@0.000ns fall@5.000ns period=10.000ns})
  Path Group:             (none)
  Path Type:              Setup (Max at Slow Process Corner)
  Data Path Delay:        8.373ns  (logic 1.831ns (21.867%)  route 6.542ns (78.133%))
  Logic Levels:           4  (IBUF=1 LUT4=1 LUT5=1 LUT6=1)
  Clock Path Skew:        4.853ns (DCD - SCD + CPR)
    Destination Clock Delay (DCD):    4.853ns
    Source Clock Delay      (SCD):    0.000ns
    Clock Pessimism Removal (CPR):    0.000ns
  Clock Uncertainty:      0.025ns  ((TSJ^2 + TIJ^2)^1/2 + DJ) / 2 + PE
    Total System Jitter     (TSJ):    0.050ns
    Total Input Jitter      (TIJ):    0.000ns
    Discrete Jitter          (DJ):    0.000ns
    Phase Error              (PE):    0.000ns

    Location             Delay type                Incr(ns)  Path(ns)    Netlist Resource(s)
  -------------------------------------------------------------------    -------------------
    W13                                               0.000     0.000 r  switches_inputs[7]
                         net (fo=0)                   0.000     0.000    switches_inputs[7]
    W13                  IBUF (Prop_ibuf_I_O)         1.459     1.459 r  switches_inputs_IBUF[7]_inst/O
                         net (fo=4, routed)           3.590     5.049    BCD_CONVERTER/led_OBUF[7]
    SLICE_X61Y16         LUT4 (Prop_lut4_I2_O)        0.124     5.173 f  BCD_CONVERTER/count[4]_i_4/O
                         net (fo=1, routed)           0.961     6.134    BCD_CONVERTER/count[4]_i_4_n_0
    SLICE_X63Y18         LUT6 (Prop_lut6_I2_O)        0.124     6.258 f  BCD_CONVERTER/count[4]_i_3/O
                         net (fo=14, routed)          0.940     7.199    BCD_CONVERTER/count[4]_i_3_n_0
    SLICE_X60Y18         LUT5 (Prop_lut5_I2_O)        0.124     7.323 r  BCD_CONVERTER/count[4]_i_1/O
                         net (fo=41, routed)          1.050     8.373    BCD_CONVERTER/count[4]_i_1_n_0
    SLICE_X62Y16         FDRE                                         r  BCD_CONVERTER/scratch_reg[0]/R
  -------------------------------------------------------------------    -------------------

                         (clock sys_clk_pin rise edge)
                                                      0.000     0.000 r  <hidden>
    W5                                                0.000     0.000 r  clk
                         net (fo=0)                   0.000     0.000    clk
    W5                   IBUF (Prop_ibuf_I_O)         1.388     1.388 r  clk_IBUF_inst/O
                         net (fo=1, routed)           1.862     3.250    clk_IBUF
    BUFGCTRL_X0Y0        BUFG (Prop_bufg_I_O)         0.091     3.341 r  clk_IBUF_BUFG_inst/O
                         net (fo=74, routed)          1.512     4.853    BCD_CONVERTER/CLK
    SLICE_X62Y16         FDRE                                         r  BCD_CONVERTER/scratch_reg[0]/C

Slack:                    inf
  Source:                 switches_inputs[7]
                            (input port)
  Destination:            BCD_CONVERTER/scratch_reg[14]/R
                            (rising edge-triggered cell FDRE clocked by sys_clk_pin  {rise@0.000ns fall@5.000ns period=10.000ns})
  Path Group:             (none)
  Path Type:              Setup (Max at Slow Process Corner)
  Data Path Delay:        8.373ns  (logic 1.831ns (21.867%)  route 6.542ns (78.133%))
  Logic Levels:           4  (IBUF=1 LUT4=1 LUT5=1 LUT6=1)
  Clock Path Skew:        4.853ns (DCD - SCD + CPR)
    Destination Clock Delay (DCD):    4.853ns
    Source Clock Delay      (SCD):    0.000ns
    Clock Pessimism Removal (CPR):    0.000ns
  Clock Uncertainty:      0.025ns  ((TSJ^2 + TIJ^2)^1/2 + DJ) / 2 + PE
    Total System Jitter     (TSJ):    0.050ns
    Total Input Jitter      (TIJ):    0.000ns
    Discrete Jitter          (DJ):    0.000ns
    Phase Error              (PE):    0.000ns

    Location             Delay type                Incr(ns)  Path(ns)    Netlist Resource(s)
  -------------------------------------------------------------------    -------------------
    W13                                               0.000     0.000 r  switches_inputs[7]
                         net (fo=0)                   0.000     0.000    switches_inputs[7]
    W13                  IBUF (Prop_ibuf_I_O)         1.459     1.459 r  switches_inputs_IBUF[7]_inst/O
                         net (fo=4, routed)           3.590     5.049    BCD_CONVERTER/led_OBUF[7]
    SLICE_X61Y16         LUT4 (Prop_lut4_I2_O)        0.124     5.173 f  BCD_CONVERTER/count[4]_i_4/O
                         net (fo=1, routed)           0.961     6.134    BCD_CONVERTER/count[4]_i_4_n_0
    SLICE_X63Y18         LUT6 (Prop_lut6_I2_O)        0.124     6.258 f  BCD_CONVERTER/count[4]_i_3/O
                         net (fo=14, routed)          0.940     7.199    BCD_CONVERTER/count[4]_i_3_n_0
    SLICE_X60Y18         LUT5 (Prop_lut5_I2_O)        0.124     7.323 r  BCD_CONVERTER/count[4]_i_1/O
                         net (fo=41, routed)          1.050     8.373    BCD_CONVERTER/count[4]_i_1_n_0
    SLICE_X62Y16         FDRE                                         r  BCD_CONVERTER/scratch_reg[14]/R
  -------------------------------------------------------------------    -------------------

                         (clock sys_clk_pin rise edge)
                                                      0.000     0.000 r  <hidden>
    W5                                                0.000     0.000 r  clk
                         net (fo=0)                   0.000     0.000    clk
    W5                   IBUF (Prop_ibuf_I_O)         1.388     1.388 r  clk_IBUF_inst/O
                         net (fo=1, routed)           1.862     3.250    clk_IBUF
    BUFGCTRL_X0Y0        BUFG (Prop_bufg_I_O)         0.091     3.341 r  clk_IBUF_BUFG_inst/O
                         net (fo=74, routed)          1.512     4.853    BCD_CONVERTER/CLK
    SLICE_X62Y16         FDRE                                         r  BCD_CONVERTER/scratch_reg[14]/C

Slack:                    inf
  Source:                 switches_inputs[7]
                            (input port)
  Destination:            BCD_CONVERTER/scratch_reg[15]/R
                            (rising edge-triggered cell FDRE clocked by sys_clk_pin  {rise@0.000ns fall@5.000ns period=10.000ns})
  Path Group:             (none)
  Path Type:              Setup (Max at Slow Process Corner)
  Data Path Delay:        8.373ns  (logic 1.831ns (21.867%)  route 6.542ns (78.133%))
  Logic Levels:           4  (IBUF=1 LUT4=1 LUT5=1 LUT6=1)
  Clock Path Skew:        4.853ns (DCD - SCD + CPR)
    Destination Clock Delay (DCD):    4.853ns
    Source Clock Delay      (SCD):    0.000ns
    Clock Pessimism Removal (CPR):    0.000ns
  Clock Uncertainty:      0.025ns  ((TSJ^2 + TIJ^2)^1/2 + DJ) / 2 + PE
    Total System Jitter     (TSJ):    0.050ns
    Total Input Jitter      (TIJ):    0.000ns
    Discrete Jitter          (DJ):    0.000ns
    Phase Error              (PE):    0.000ns

    Location             Delay type                Incr(ns)  Path(ns)    Netlist Resource(s)
  -------------------------------------------------------------------    -------------------
    W13                                               0.000     0.000 r  switches_inputs[7]
                         net (fo=0)                   0.000     0.000    switches_inputs[7]
    W13                  IBUF (Prop_ibuf_I_O)         1.459     1.459 r  switches_inputs_IBUF[7]_inst/O
                         net (fo=4, routed)           3.590     5.049    BCD_CONVERTER/led_OBUF[7]
    SLICE_X61Y16         LUT4 (Prop_lut4_I2_O)        0.124     5.173 f  BCD_CONVERTER/count[4]_i_4/O
                         net (fo=1, routed)           0.961     6.134    BCD_CONVERTER/count[4]_i_4_n_0
    SLICE_X63Y18         LUT6 (Prop_lut6_I2_O)        0.124     6.258 f  BCD_CONVERTER/count[4]_i_3/O
                         net (fo=14, routed)          0.940     7.199    BCD_CONVERTER/count[4]_i_3_n_0
    SLICE_X60Y18         LUT5 (Prop_lut5_I2_O)        0.124     7.323 r  BCD_CONVERTER/count[4]_i_1/O
                         net (fo=41, routed)          1.050     8.373    BCD_CONVERTER/count[4]_i_1_n_0
    SLICE_X62Y16         FDRE                                         r  BCD_CONVERTER/scratch_reg[15]/R
  -------------------------------------------------------------------    -------------------

                         (clock sys_clk_pin rise edge)
                                                      0.000     0.000 r  <hidden>
    W5                                                0.000     0.000 r  clk
                         net (fo=0)                   0.000     0.000    clk
    W5                   IBUF (Prop_ibuf_I_O)         1.388     1.388 r  clk_IBUF_inst/O
                         net (fo=1, routed)           1.862     3.250    clk_IBUF
    BUFGCTRL_X0Y0        BUFG (Prop_bufg_I_O)         0.091     3.341 r  clk_IBUF_BUFG_inst/O
                         net (fo=74, routed)          1.512     4.853    BCD_CONVERTER/CLK
    SLICE_X62Y16         FDRE                                         r  BCD_CONVERTER/scratch_reg[15]/C

Slack:                    inf
  Source:                 switches_inputs[7]
                            (input port)
  Destination:            BCD_CONVERTER/scratch_reg[16]/R
                            (rising edge-triggered cell FDRE clocked by sys_clk_pin  {rise@0.000ns fall@5.000ns period=10.000ns})
  Path Group:             (none)
  Path Type:              Setup (Max at Slow Process Corner)
  Data Path Delay:        8.373ns  (logic 1.831ns (21.867%)  route 6.542ns (78.133%))
  Logic Levels:           4  (IBUF=1 LUT4=1 LUT5=1 LUT6=1)
  Clock Path Skew:        4.853ns (DCD - SCD + CPR)
    Destination Clock Delay (DCD):    4.853ns
    Source Clock Delay      (SCD):    0.000ns
    Clock Pessimism Removal (CPR):    0.000ns
  Clock Uncertainty:      0.025ns  ((TSJ^2 + TIJ^2)^1/2 + DJ) / 2 + PE
    Total System Jitter     (TSJ):    0.050ns
    Total Input Jitter      (TIJ):    0.000ns
    Discrete Jitter          (DJ):    0.000ns
    Phase Error              (PE):    0.000ns

    Location             Delay type                Incr(ns)  Path(ns)    Netlist Resource(s)
  -------------------------------------------------------------------    -------------------
    W13                                               0.000     0.000 r  switches_inputs[7]
                         net (fo=0)                   0.000     0.000    switches_inputs[7]
    W13                  IBUF (Prop_ibuf_I_O)         1.459     1.459 r  switches_inputs_IBUF[7]_inst/O
                         net (fo=4, routed)           3.590     5.049    BCD_CONVERTER/led_OBUF[7]
    SLICE_X61Y16         LUT4 (Prop_lut4_I2_O)        0.124     5.173 f  BCD_CONVERTER/count[4]_i_4/O
                         net (fo=1, routed)           0.961     6.134    BCD_CONVERTER/count[4]_i_4_n_0
    SLICE_X63Y18         LUT6 (Prop_lut6_I2_O)        0.124     6.258 f  BCD_CONVERTER/count[4]_i_3/O
                         net (fo=14, routed)          0.940     7.199    BCD_CONVERTER/count[4]_i_3_n_0
    SLICE_X60Y18         LUT5 (Prop_lut5_I2_O)        0.124     7.323 r  BCD_CONVERTER/count[4]_i_1/O
                         net (fo=41, routed)          1.050     8.373    BCD_CONVERTER/count[4]_i_1_n_0
    SLICE_X62Y16         FDRE                                         r  BCD_CONVERTER/scratch_reg[16]/R
  -------------------------------------------------------------------    -------------------

                         (clock sys_clk_pin rise edge)
                                                      0.000     0.000 r  <hidden>
    W5                                                0.000     0.000 r  clk
                         net (fo=0)                   0.000     0.000    clk
    W5                   IBUF (Prop_ibuf_I_O)         1.388     1.388 r  clk_IBUF_inst/O
                         net (fo=1, routed)           1.862     3.250    clk_IBUF
    BUFGCTRL_X0Y0        BUFG (Prop_bufg_I_O)         0.091     3.341 r  clk_IBUF_BUFG_inst/O
                         net (fo=74, routed)          1.512     4.853    BCD_CONVERTER/CLK
    SLICE_X62Y16         FDRE                                         r  BCD_CONVERTER/scratch_reg[16]/C

Slack:                    inf
  Source:                 switches_inputs[7]
                            (input port)
  Destination:            BCD_CONVERTER/scratch_reg[1]/R
                            (rising edge-triggered cell FDRE clocked by sys_clk_pin  {rise@0.000ns fall@5.000ns period=10.000ns})
  Path Group:             (none)
  Path Type:              Setup (Max at Slow Process Corner)
  Data Path Delay:        8.373ns  (logic 1.831ns (21.867%)  route 6.542ns (78.133%))
  Logic Levels:           4  (IBUF=1 LUT4=1 LUT5=1 LUT6=1)
  Clock Path Skew:        4.853ns (DCD - SCD + CPR)
    Destination Clock Delay (DCD):    4.853ns
    Source Clock Delay      (SCD):    0.000ns
    Clock Pessimism Removal (CPR):    0.000ns
  Clock Uncertainty:      0.025ns  ((TSJ^2 + TIJ^2)^1/2 + DJ) / 2 + PE
    Total System Jitter     (TSJ):    0.050ns
    Total Input Jitter      (TIJ):    0.000ns
    Discrete Jitter          (DJ):    0.000ns
    Phase Error              (PE):    0.000ns

    Location             Delay type                Incr(ns)  Path(ns)    Netlist Resource(s)
  -------------------------------------------------------------------    -------------------
    W13                                               0.000     0.000 r  switches_inputs[7]
                         net (fo=0)                   0.000     0.000    switches_inputs[7]
    W13                  IBUF (Prop_ibuf_I_O)         1.459     1.459 r  switches_inputs_IBUF[7]_inst/O
                         net (fo=4, routed)           3.590     5.049    BCD_CONVERTER/led_OBUF[7]
    SLICE_X61Y16         LUT4 (Prop_lut4_I2_O)        0.124     5.173 f  BCD_CONVERTER/count[4]_i_4/O
                         net (fo=1, routed)           0.961     6.134    BCD_CONVERTER/count[4]_i_4_n_0
    SLICE_X63Y18         LUT6 (Prop_lut6_I2_O)        0.124     6.258 f  BCD_CONVERTER/count[4]_i_3/O
                         net (fo=14, routed)          0.940     7.199    BCD_CONVERTER/count[4]_i_3_n_0
    SLICE_X60Y18         LUT5 (Prop_lut5_I2_O)        0.124     7.323 r  BCD_CONVERTER/count[4]_i_1/O
                         net (fo=41, routed)          1.050     8.373    BCD_CONVERTER/count[4]_i_1_n_0
    SLICE_X62Y16         FDRE                                         r  BCD_CONVERTER/scratch_reg[1]/R
  -------------------------------------------------------------------    -------------------

                         (clock sys_clk_pin rise edge)
                                                      0.000     0.000 r  <hidden>
    W5                                                0.000     0.000 r  clk
                         net (fo=0)                   0.000     0.000    clk
    W5                   IBUF (Prop_ibuf_I_O)         1.388     1.388 r  clk_IBUF_inst/O
                         net (fo=1, routed)           1.862     3.250    clk_IBUF
    BUFGCTRL_X0Y0        BUFG (Prop_bufg_I_O)         0.091     3.341 r  clk_IBUF_BUFG_inst/O
                         net (fo=74, routed)          1.512     4.853    BCD_CONVERTER/CLK
    SLICE_X62Y16         FDRE                                         r  BCD_CONVERTER/scratch_reg[1]/C

Slack:                    inf
  Source:                 switches_inputs[7]
                            (input port)
  Destination:            BCD_CONVERTER/scratch_reg[2]/R
                            (rising edge-triggered cell FDRE clocked by sys_clk_pin  {rise@0.000ns fall@5.000ns period=10.000ns})
  Path Group:             (none)
  Path Type:              Setup (Max at Slow Process Corner)
  Data Path Delay:        8.373ns  (logic 1.831ns (21.867%)  route 6.542ns (78.133%))
  Logic Levels:           4  (IBUF=1 LUT4=1 LUT5=1 LUT6=1)
  Clock Path Skew:        4.853ns (DCD - SCD + CPR)
    Destination Clock Delay (DCD):    4.853ns
    Source Clock Delay      (SCD):    0.000ns
    Clock Pessimism Removal (CPR):    0.000ns
  Clock Uncertainty:      0.025ns  ((TSJ^2 + TIJ^2)^1/2 + DJ) / 2 + PE
    Total System Jitter     (TSJ):    0.050ns
    Total Input Jitter      (TIJ):    0.000ns
    Discrete Jitter          (DJ):    0.000ns
    Phase Error              (PE):    0.000ns

    Location             Delay type                Incr(ns)  Path(ns)    Netlist Resource(s)
  -------------------------------------------------------------------    -------------------
    W13                                               0.000     0.000 r  switches_inputs[7]
                         net (fo=0)                   0.000     0.000    switches_inputs[7]
    W13                  IBUF (Prop_ibuf_I_O)         1.459     1.459 r  switches_inputs_IBUF[7]_inst/O
                         net (fo=4, routed)           3.590     5.049    BCD_CONVERTER/led_OBUF[7]
    SLICE_X61Y16         LUT4 (Prop_lut4_I2_O)        0.124     5.173 f  BCD_CONVERTER/count[4]_i_4/O
                         net (fo=1, routed)           0.961     6.134    BCD_CONVERTER/count[4]_i_4_n_0
    SLICE_X63Y18         LUT6 (Prop_lut6_I2_O)        0.124     6.258 f  BCD_CONVERTER/count[4]_i_3/O
                         net (fo=14, routed)          0.940     7.199    BCD_CONVERTER/count[4]_i_3_n_0
    SLICE_X60Y18         LUT5 (Prop_lut5_I2_O)        0.124     7.323 r  BCD_CONVERTER/count[4]_i_1/O
                         net (fo=41, routed)          1.050     8.373    BCD_CONVERTER/count[4]_i_1_n_0
    SLICE_X62Y16         FDRE                                         r  BCD_CONVERTER/scratch_reg[2]/R
  -------------------------------------------------------------------    -------------------

                         (clock sys_clk_pin rise edge)
                                                      0.000     0.000 r  <hidden>
    W5                                                0.000     0.000 r  clk
                         net (fo=0)                   0.000     0.000    clk
    W5                   IBUF (Prop_ibuf_I_O)         1.388     1.388 r  clk_IBUF_inst/O
                         net (fo=1, routed)           1.862     3.250    clk_IBUF
    BUFGCTRL_X0Y0        BUFG (Prop_bufg_I_O)         0.091     3.341 r  clk_IBUF_BUFG_inst/O
                         net (fo=74, routed)          1.512     4.853    BCD_CONVERTER/CLK
    SLICE_X62Y16         FDRE                                         r  BCD_CONVERTER/scratch_reg[2]/C





Min Delay Paths
--------------------------------------------------------------------------------------
Slack:                    inf
  Source:                 switches_inputs[13]
                            (input port)
  Destination:            BCD_CONVERTER/bcd_out_reg[10]/D
                            (rising edge-triggered cell FDRE clocked by sys_clk_pin  {rise@0.000ns fall@5.000ns period=10.000ns})
  Path Group:             (none)
  Path Type:              Hold (Min at Fast Process Corner)
  Data Path Delay:        1.067ns  (logic 0.266ns (24.935%)  route 0.801ns (75.065%))
  Logic Levels:           2  (IBUF=1 LUT5=1)
  Clock Path Skew:        1.984ns (DCD - SCD - CPR)
    Destination Clock Delay (DCD):    1.984ns
    Source Clock Delay      (SCD):    0.000ns
    Clock Pessimism Removal (CPR):    -0.000ns

    Location             Delay type                Incr(ns)  Path(ns)    Netlist Resource(s)
  -------------------------------------------------------------------    -------------------
    U1                                                0.000     0.000 r  switches_inputs[13]
                         net (fo=0)                   0.000     0.000    switches_inputs[13]
    U1                   IBUF (Prop_ibuf_I_O)         0.221     0.221 r  switches_inputs_IBUF[13]_inst/O
                         net (fo=17, routed)          0.801     1.022    BCD_CONVERTER/led_OBUF[13]
    SLICE_X64Y18         LUT5 (Prop_lut5_I1_O)        0.045     1.067 r  BCD_CONVERTER/bcd_out[10]_i_1/O
                         net (fo=1, routed)           0.000     1.067    BCD_CONVERTER/bcd_out[10]_i_1_n_0
    SLICE_X64Y18         FDRE                                         r  BCD_CONVERTER/bcd_out_reg[10]/D
  -------------------------------------------------------------------    -------------------

                         (clock sys_clk_pin rise edge)
                                                      0.000     0.000 r  <hidden>
    W5                                                0.000     0.000 r  clk
                         net (fo=0)                   0.000     0.000    clk
    W5                   IBUF (Prop_ibuf_I_O)         0.414     0.414 r  clk_IBUF_inst/O
                         net (fo=1, routed)           0.685     1.099    clk_IBUF
    BUFGCTRL_X0Y0        BUFG (Prop_bufg_I_O)         0.029     1.128 r  clk_IBUF_BUFG_inst/O
                         net (fo=74, routed)          0.857     1.984    BCD_CONVERTER/CLK
    SLICE_X64Y18         FDRE                                         r  BCD_CONVERTER/bcd_out_reg[10]/C

Slack:                    inf
  Source:                 switches_inputs[13]
                            (input port)
  Destination:            BCD_CONVERTER/bcd_out_reg[3]/D
                            (rising edge-triggered cell FDRE clocked by sys_clk_pin  {rise@0.000ns fall@5.000ns period=10.000ns})
  Path Group:             (none)
  Path Type:              Hold (Min at Fast Process Corner)
  Data Path Delay:        1.080ns  (logic 0.266ns (24.629%)  route 0.814ns (75.371%))
  Logic Levels:           2  (IBUF=1 LUT5=1)
  Clock Path Skew:        1.983ns (DCD - SCD - CPR)
    Destination Clock Delay (DCD):    1.983ns
    Source Clock Delay      (SCD):    0.000ns
    Clock Pessimism Removal (CPR):    -0.000ns

    Location             Delay type                Incr(ns)  Path(ns)    Netlist Resource(s)
  -------------------------------------------------------------------    -------------------
    U1                                                0.000     0.000 r  switches_inputs[13]
                         net (fo=0)                   0.000     0.000    switches_inputs[13]
    U1                   IBUF (Prop_ibuf_I_O)         0.221     0.221 r  switches_inputs_IBUF[13]_inst/O
                         net (fo=17, routed)          0.814     1.035    BCD_CONVERTER/led_OBUF[13]
    SLICE_X64Y19         LUT5 (Prop_lut5_I1_O)        0.045     1.080 r  BCD_CONVERTER/bcd_out[3]_i_1/O
                         net (fo=1, routed)           0.000     1.080    BCD_CONVERTER/bcd_out[3]_i_1_n_0
    SLICE_X64Y19         FDRE                                         r  BCD_CONVERTER/bcd_out_reg[3]/D
  -------------------------------------------------------------------    -------------------

                         (clock sys_clk_pin rise edge)
                                                      0.000     0.000 r  <hidden>
    W5                                                0.000     0.000 r  clk
                         net (fo=0)                   0.000     0.000    clk
    W5                   IBUF (Prop_ibuf_I_O)         0.414     0.414 r  clk_IBUF_inst/O
                         net (fo=1, routed)           0.685     1.099    clk_IBUF
    BUFGCTRL_X0Y0        BUFG (Prop_bufg_I_O)         0.029     1.128 r  clk_IBUF_BUFG_inst/O
                         net (fo=74, routed)          0.856     1.983    BCD_CONVERTER/CLK
    SLICE_X64Y19         FDRE                                         r  BCD_CONVERTER/bcd_out_reg[3]/C

Slack:                    inf
  Source:                 switches_inputs[15]
                            (input port)
  Destination:            BCD_CONVERTER/bcd_out_reg[11]/D
                            (rising edge-triggered cell FDRE clocked by sys_clk_pin  {rise@0.000ns fall@5.000ns period=10.000ns})
  Path Group:             (none)
  Path Type:              Hold (Min at Fast Process Corner)
  Data Path Delay:        1.114ns  (logic 0.269ns (24.169%)  route 0.845ns (75.831%))
  Logic Levels:           2  (IBUF=1 LUT5=1)
  Clock Path Skew:        1.984ns (DCD - SCD - CPR)
    Destination Clock Delay (DCD):    1.984ns
    Source Clock Delay      (SCD):    0.000ns
    Clock Pessimism Removal (CPR):    -0.000ns

    Location             Delay type                Incr(ns)  Path(ns)    Netlist Resource(s)
  -------------------------------------------------------------------    -------------------
    R2                                                0.000     0.000 r  switches_inputs[15]
                         net (fo=0)                   0.000     0.000    switches_inputs[15]
    R2                   IBUF (Prop_ibuf_I_O)         0.224     0.224 r  switches_inputs_IBUF[15]_inst/O
                         net (fo=16, routed)          0.845     1.069    BCD_CONVERTER/led_OBUF[15]
    SLICE_X65Y18         LUT5 (Prop_lut5_I4_O)        0.045     1.114 r  BCD_CONVERTER/bcd_out[11]_i_1/O
                         net (fo=1, routed)           0.000     1.114    BCD_CONVERTER/bcd_out[11]_i_1_n_0
    SLICE_X65Y18         FDRE                                         r  BCD_CONVERTER/bcd_out_reg[11]/D
  -------------------------------------------------------------------    -------------------

                         (clock sys_clk_pin rise edge)
                                                      0.000     0.000 r  <hidden>
    W5                                                0.000     0.000 r  clk
                         net (fo=0)                   0.000     0.000    clk
    W5                   IBUF (Prop_ibuf_I_O)         0.414     0.414 r  clk_IBUF_inst/O
                         net (fo=1, routed)           0.685     1.099    clk_IBUF
    BUFGCTRL_X0Y0        BUFG (Prop_bufg_I_O)         0.029     1.128 r  clk_IBUF_BUFG_inst/O
                         net (fo=74, routed)          0.857     1.984    BCD_CONVERTER/CLK
    SLICE_X65Y18         FDRE                                         r  BCD_CONVERTER/bcd_out_reg[11]/C

Slack:                    inf
  Source:                 switches_inputs[10]
                            (input port)
  Destination:            BCD_CONVERTER/scratch_reg[10]/D
                            (rising edge-triggered cell FDRE clocked by sys_clk_pin  {rise@0.000ns fall@5.000ns period=10.000ns})
  Path Group:             (none)
  Path Type:              Hold (Min at Fast Process Corner)
  Data Path Delay:        1.139ns  (logic 0.271ns (23.781%)  route 0.868ns (76.219%))
  Logic Levels:           2  (IBUF=1 LUT4=1)
  Clock Path Skew:        1.984ns (DCD - SCD - CPR)
    Destination Clock Delay (DCD):    1.984ns
    Source Clock Delay      (SCD):    0.000ns
    Clock Pessimism Removal (CPR):    -0.000ns

    Location             Delay type                Incr(ns)  Path(ns)    Netlist Resource(s)
  -------------------------------------------------------------------    -------------------
    T2                                                0.000     0.000 r  switches_inputs[10]
                         net (fo=0)                   0.000     0.000    switches_inputs[10]
    T2                   IBUF (Prop_ibuf_I_O)         0.226     0.226 r  switches_inputs_IBUF[10]_inst/O
                         net (fo=4, routed)           0.868     1.094    BCD_CONVERTER/led_OBUF[10]
    SLICE_X63Y18         LUT4 (Prop_lut4_I3_O)        0.045     1.139 r  BCD_CONVERTER/scratch[10]_i_1/O
                         net (fo=1, routed)           0.000     1.139    BCD_CONVERTER/next_scratch[10]
    SLICE_X63Y18         FDRE                                         r  BCD_CONVERTER/scratch_reg[10]/D
  -------------------------------------------------------------------    -------------------

                         (clock sys_clk_pin rise edge)
                                                      0.000     0.000 r  <hidden>
    W5                                                0.000     0.000 r  clk
                         net (fo=0)                   0.000     0.000    clk
    W5                   IBUF (Prop_ibuf_I_O)         0.414     0.414 r  clk_IBUF_inst/O
                         net (fo=1, routed)           0.685     1.099    clk_IBUF
    BUFGCTRL_X0Y0        BUFG (Prop_bufg_I_O)         0.029     1.128 r  clk_IBUF_BUFG_inst/O
                         net (fo=74, routed)          0.857     1.984    BCD_CONVERTER/CLK
    SLICE_X63Y18         FDRE                                         r  BCD_CONVERTER/scratch_reg[10]/C

Slack:                    inf
  Source:                 switches_inputs[13]
                            (input port)
  Destination:            BCD_CONVERTER/bcd_out_reg[1]/D
                            (rising edge-triggered cell FDRE clocked by sys_clk_pin  {rise@0.000ns fall@5.000ns period=10.000ns})
  Path Group:             (none)
  Path Type:              Hold (Min at Fast Process Corner)
  Data Path Delay:        1.160ns  (logic 0.266ns (22.941%)  route 0.894ns (77.059%))
  Logic Levels:           2  (IBUF=1 LUT5=1)
  Clock Path Skew:        1.981ns (DCD - SCD - CPR)
    Destination Clock Delay (DCD):    1.981ns
    Source Clock Delay      (SCD):    0.000ns
    Clock Pessimism Removal (CPR):    -0.000ns

    Location             Delay type                Incr(ns)  Path(ns)    Netlist Resource(s)
  -------------------------------------------------------------------    -------------------
    U1                                                0.000     0.000 r  switches_inputs[13]
                         net (fo=0)                   0.000     0.000    switches_inputs[13]
    U1                   IBUF (Prop_ibuf_I_O)         0.221     0.221 r  switches_inputs_IBUF[13]_inst/O
                         net (fo=17, routed)          0.894     1.115    BCD_CONVERTER/led_OBUF[13]
    SLICE_X60Y19         LUT5 (Prop_lut5_I1_O)        0.045     1.160 r  BCD_CONVERTER/bcd_out[1]_i_1/O
                         net (fo=1, routed)           0.000     1.160    BCD_CONVERTER/bcd_out[1]_i_1_n_0
    SLICE_X60Y19         FDRE                                         r  BCD_CONVERTER/bcd_out_reg[1]/D
  -------------------------------------------------------------------    -------------------

                         (clock sys_clk_pin rise edge)
                                                      0.000     0.000 r  <hidden>
    W5                                                0.000     0.000 r  clk
                         net (fo=0)                   0.000     0.000    clk
    W5                   IBUF (Prop_ibuf_I_O)         0.414     0.414 r  clk_IBUF_inst/O
                         net (fo=1, routed)           0.685     1.099    clk_IBUF
    BUFGCTRL_X0Y0        BUFG (Prop_bufg_I_O)         0.029     1.128 r  clk_IBUF_BUFG_inst/O
                         net (fo=74, routed)          0.854     1.981    BCD_CONVERTER/CLK
    SLICE_X60Y19         FDRE                                         r  BCD_CONVERTER/bcd_out_reg[1]/C

Slack:                    inf
  Source:                 switches_inputs[13]
                            (input port)
  Destination:            BCD_CONVERTER/bcd_out_reg[2]/D
                            (rising edge-triggered cell FDRE clocked by sys_clk_pin  {rise@0.000ns fall@5.000ns period=10.000ns})
  Path Group:             (none)
  Path Type:              Hold (Min at Fast Process Corner)
  Data Path Delay:        1.160ns  (logic 0.266ns (22.941%)  route 0.894ns (77.059%))
  Logic Levels:           2  (IBUF=1 LUT5=1)
  Clock Path Skew:        1.981ns (DCD - SCD - CPR)
    Destination Clock Delay (DCD):    1.981ns
    Source Clock Delay      (SCD):    0.000ns
    Clock Pessimism Removal (CPR):    -0.000ns

    Location             Delay type                Incr(ns)  Path(ns)    Netlist Resource(s)
  -------------------------------------------------------------------    -------------------
    U1                                                0.000     0.000 r  switches_inputs[13]
                         net (fo=0)                   0.000     0.000    switches_inputs[13]
    U1                   IBUF (Prop_ibuf_I_O)         0.221     0.221 r  switches_inputs_IBUF[13]_inst/O
                         net (fo=17, routed)          0.894     1.115    BCD_CONVERTER/led_OBUF[13]
    SLICE_X60Y19         LUT5 (Prop_lut5_I1_O)        0.045     1.160 r  BCD_CONVERTER/bcd_out[2]_i_1/O
                         net (fo=1, routed)           0.000     1.160    BCD_CONVERTER/bcd_out[2]_i_1_n_0
    SLICE_X60Y19         FDRE                                         r  BCD_CONVERTER/bcd_out_reg[2]/D
  -------------------------------------------------------------------    -------------------

                         (clock sys_clk_pin rise edge)
                                                      0.000     0.000 r  <hidden>
    W5                                                0.000     0.000 r  clk
                         net (fo=0)                   0.000     0.000    clk
    W5                   IBUF (Prop_ibuf_I_O)         0.414     0.414 r  clk_IBUF_inst/O
                         net (fo=1, routed)           0.685     1.099    clk_IBUF
    BUFGCTRL_X0Y0        BUFG (Prop_bufg_I_O)         0.029     1.128 r  clk_IBUF_BUFG_inst/O
                         net (fo=74, routed)          0.854     1.981    BCD_CONVERTER/CLK
    SLICE_X60Y19         FDRE                                         r  BCD_CONVERTER/bcd_out_reg[2]/C

Slack:                    inf
  Source:                 switches_inputs[14]
                            (input port)
  Destination:            BCD_CONVERTER/bcd_out_reg[6]/D
                            (rising edge-triggered cell FDRE clocked by sys_clk_pin  {rise@0.000ns fall@5.000ns period=10.000ns})
  Path Group:             (none)
  Path Type:              Hold (Min at Fast Process Corner)
  Data Path Delay:        1.161ns  (logic 0.268ns (23.107%)  route 0.893ns (76.893%))
  Logic Levels:           2  (IBUF=1 LUT5=1)
  Clock Path Skew:        1.982ns (DCD - SCD - CPR)
    Destination Clock Delay (DCD):    1.982ns
    Source Clock Delay      (SCD):    0.000ns
    Clock Pessimism Removal (CPR):    -0.000ns

    Location             Delay type                Incr(ns)  Path(ns)    Netlist Resource(s)
  -------------------------------------------------------------------    -------------------
    T1                                                0.000     0.000 r  switches_inputs[14]
                         net (fo=0)                   0.000     0.000    switches_inputs[14]
    T1                   IBUF (Prop_ibuf_I_O)         0.223     0.223 r  switches_inputs_IBUF[14]_inst/O
                         net (fo=16, routed)          0.893     1.116    BCD_CONVERTER/led_OBUF[14]
    SLICE_X60Y18         LUT5 (Prop_lut5_I3_O)        0.045     1.161 r  BCD_CONVERTER/bcd_out[6]_i_1/O
                         net (fo=1, routed)           0.000     1.161    BCD_CONVERTER/bcd_out[6]_i_1_n_0
    SLICE_X60Y18         FDRE                                         r  BCD_CONVERTER/bcd_out_reg[6]/D
  -------------------------------------------------------------------    -------------------

                         (clock sys_clk_pin rise edge)
                                                      0.000     0.000 r  <hidden>
    W5                                                0.000     0.000 r  clk
                         net (fo=0)                   0.000     0.000    clk
    W5                   IBUF (Prop_ibuf_I_O)         0.414     0.414 r  clk_IBUF_inst/O
                         net (fo=1, routed)           0.685     1.099    clk_IBUF
    BUFGCTRL_X0Y0        BUFG (Prop_bufg_I_O)         0.029     1.128 r  clk_IBUF_BUFG_inst/O
                         net (fo=74, routed)          0.855     1.982    BCD_CONVERTER/CLK
    SLICE_X60Y18         FDRE                                         r  BCD_CONVERTER/bcd_out_reg[6]/C

Slack:                    inf
  Source:                 switches_inputs[13]
                            (input port)
  Destination:            BCD_CONVERTER/bcd_out_reg[15]/D
                            (rising edge-triggered cell FDRE clocked by sys_clk_pin  {rise@0.000ns fall@5.000ns period=10.000ns})
  Path Group:             (none)
  Path Type:              Hold (Min at Fast Process Corner)
  Data Path Delay:        1.163ns  (logic 0.266ns (22.875%)  route 0.897ns (77.125%))
  Logic Levels:           2  (IBUF=1 LUT5=1)
  Clock Path Skew:        1.982ns (DCD - SCD - CPR)
    Destination Clock Delay (DCD):    1.982ns
    Source Clock Delay      (SCD):    0.000ns
    Clock Pessimism Removal (CPR):    -0.000ns

    Location             Delay type                Incr(ns)  Path(ns)    Netlist Resource(s)
  -------------------------------------------------------------------    -------------------
    U1                                                0.000     0.000 r  switches_inputs[13]
                         net (fo=0)                   0.000     0.000    switches_inputs[13]
    U1                   IBUF (Prop_ibuf_I_O)         0.221     0.221 r  switches_inputs_IBUF[13]_inst/O
                         net (fo=17, routed)          0.897     1.118    BCD_CONVERTER/led_OBUF[13]
    SLICE_X60Y18         LUT5 (Prop_lut5_I1_O)        0.045     1.163 r  BCD_CONVERTER/bcd_out[15]_i_2/O
                         net (fo=1, routed)           0.000     1.163    BCD_CONVERTER/bcd_out[15]_i_2_n_0
    SLICE_X60Y18         FDRE                                         r  BCD_CONVERTER/bcd_out_reg[15]/D
  -------------------------------------------------------------------    -------------------

                         (clock sys_clk_pin rise edge)
                                                      0.000     0.000 r  <hidden>
    W5                                                0.000     0.000 r  clk
                         net (fo=0)                   0.000     0.000    clk
    W5                   IBUF (Prop_ibuf_I_O)         0.414     0.414 r  clk_IBUF_inst/O
                         net (fo=1, routed)           0.685     1.099    clk_IBUF
    BUFGCTRL_X0Y0        BUFG (Prop_bufg_I_O)         0.029     1.128 r  clk_IBUF_BUFG_inst/O
                         net (fo=74, routed)          0.855     1.982    BCD_CONVERTER/CLK
    SLICE_X60Y18         FDRE                                         r  BCD_CONVERTER/bcd_out_reg[15]/C

Slack:                    inf
  Source:                 switches_inputs[11]
                            (input port)
  Destination:            BCD_CONVERTER/scratch_reg[11]/D
                            (rising edge-triggered cell FDRE clocked by sys_clk_pin  {rise@0.000ns fall@5.000ns period=10.000ns})
  Path Group:             (none)
  Path Type:              Hold (Min at Fast Process Corner)
  Data Path Delay:        1.165ns  (logic 0.277ns (23.769%)  route 0.888ns (76.231%))
  Logic Levels:           2  (IBUF=1 LUT4=1)
  Clock Path Skew:        1.983ns (DCD - SCD - CPR)
    Destination Clock Delay (DCD):    1.983ns
    Source Clock Delay      (SCD):    0.000ns
    Clock Pessimism Removal (CPR):    -0.000ns

    Location             Delay type                Incr(ns)  Path(ns)    Netlist Resource(s)
  -------------------------------------------------------------------    -------------------
    R3                                                0.000     0.000 r  switches_inputs[11]
                         net (fo=0)                   0.000     0.000    switches_inputs[11]
    R3                   IBUF (Prop_ibuf_I_O)         0.232     0.232 r  switches_inputs_IBUF[11]_inst/O
                         net (fo=4, routed)           0.888     1.120    BCD_CONVERTER/led_OBUF[11]
    SLICE_X63Y19         LUT4 (Prop_lut4_I3_O)        0.045     1.165 r  BCD_CONVERTER/scratch[11]_i_1/O
                         net (fo=1, routed)           0.000     1.165    BCD_CONVERTER/next_scratch[11]
    SLICE_X63Y19         FDRE                                         r  BCD_CONVERTER/scratch_reg[11]/D
  -------------------------------------------------------------------    -------------------

                         (clock sys_clk_pin rise edge)
                                                      0.000     0.000 r  <hidden>
    W5                                                0.000     0.000 r  clk
                         net (fo=0)                   0.000     0.000    clk
    W5                   IBUF (Prop_ibuf_I_O)         0.414     0.414 r  clk_IBUF_inst/O
                         net (fo=1, routed)           0.685     1.099    clk_IBUF
    BUFGCTRL_X0Y0        BUFG (Prop_bufg_I_O)         0.029     1.128 r  clk_IBUF_BUFG_inst/O
                         net (fo=74, routed)          0.856     1.983    BCD_CONVERTER/CLK
    SLICE_X63Y19         FDRE                                         r  BCD_CONVERTER/scratch_reg[11]/C

Slack:                    inf
  Source:                 switches_inputs[13]
                            (input port)
  Destination:            BCD_CONVERTER/bcd_out_reg[13]/D
                            (rising edge-triggered cell FDRE clocked by sys_clk_pin  {rise@0.000ns fall@5.000ns period=10.000ns})
  Path Group:             (none)
  Path Type:              Hold (Min at Fast Process Corner)
  Data Path Delay:        1.165ns  (logic 0.266ns (22.836%)  route 0.899ns (77.165%))
  Logic Levels:           2  (IBUF=1 LUT5=1)
  Clock Path Skew:        1.982ns (DCD - SCD - CPR)
    Destination Clock Delay (DCD):    1.982ns
    Source Clock Delay      (SCD):    0.000ns
    Clock Pessimism Removal (CPR):    -0.000ns

    Location             Delay type                Incr(ns)  Path(ns)    Netlist Resource(s)
  -------------------------------------------------------------------    -------------------
    U1                                                0.000     0.000 r  switches_inputs[13]
                         net (fo=0)                   0.000     0.000    switches_inputs[13]
    U1                   IBUF (Prop_ibuf_I_O)         0.221     0.221 r  switches_inputs_IBUF[13]_inst/O
                         net (fo=17, routed)          0.899     1.120    BCD_CONVERTER/led_OBUF[13]
    SLICE_X60Y18         LUT5 (Prop_lut5_I1_O)        0.045     1.165 r  BCD_CONVERTER/bcd_out[13]_i_1/O
                         net (fo=1, routed)           0.000     1.165    BCD_CONVERTER/bcd_out[13]_i_1_n_0
    SLICE_X60Y18         FDRE                                         r  BCD_CONVERTER/bcd_out_reg[13]/D
  -------------------------------------------------------------------    -------------------

                         (clock sys_clk_pin rise edge)
                                                      0.000     0.000 r  <hidden>
    W5                                                0.000     0.000 r  clk
                         net (fo=0)                   0.000     0.000    clk
    W5                   IBUF (Prop_ibuf_I_O)         0.414     0.414 r  clk_IBUF_inst/O
                         net (fo=1, routed)           0.685     1.099    clk_IBUF
    BUFGCTRL_X0Y0        BUFG (Prop_bufg_I_O)         0.029     1.128 r  clk_IBUF_BUFG_inst/O
                         net (fo=74, routed)          0.855     1.982    BCD_CONVERTER/CLK
    SLICE_X60Y18         FDRE                                         r  BCD_CONVERTER/bcd_out_reg[13]/C





