Copyright 1986-2022 Xilinx, Inc. All Rights Reserved. Copyright 2022-2026 Advanced Micro Devices, Inc. All Rights Reserved.
------------------------------------------------------------------------------------------------------------------------------------------------------------------------------------------------------------------------------------------------------------
| Tool Version : Vivado v.2026.1 (win64) Build 6511674 Tue Jun 16 11:02:23 MDT 2026
| Date         : Tue Sep  8 11:30:27 2026
| Host         : DiabloMobDragon running 64-bit major release  (build 9200)
| Command      : report_timing_summary -max_paths 10 -routable_nets -report_unconstrained -file lab_1b_top_level_timing_summary_routed.rpt -pb lab_1b_top_level_timing_summary_routed.pb -rpx lab_1b_top_level_timing_summary_routed.rpx -warn_on_violation
| Design       : lab_1b_top_level
| Device       : 7a35t-cpg236
| Speed File   : -1  PRODUCTION 1.23 2018-06-13
| Design State : Routed
------------------------------------------------------------------------------------------------------------------------------------------------------------------------------------------------------------------------------------------------------------

Timing Summary Report

------------------------------------------------------------------------------------------------
| Timer Settings
| --------------
------------------------------------------------------------------------------------------------

  Enable Multi Corner Analysis               :  Yes
  Enable Pessimism Removal                   :  Yes
  Pessimism Removal Resolution               :  Nearest Common Node
  Enable Input Delay Default Clock           :  No
  Enable Preset / Clear Arcs                 :  No
  Disable Flight Delays                      :  No
  Ignore I/O Paths                           :  No
  Timing Early Launch at Borrowing Latches   :  No
  Borrow Time for Max Delay Exceptions       :  Yes
  Merge Timing Exceptions                    :  Yes
  Inter-SLR Compensation                     :  Conservative

  Corner  Analyze    Analyze    
  Name    Max Paths  Min Paths  
  ------  ---------  ---------  
  Slow    Yes        Yes        
  Fast    Yes        Yes        


------------------------------------------------------------------------------------------------
| Report Methodology
| ------------------
------------------------------------------------------------------------------------------------

Rule       Severity  Description                    Violations  
---------  --------  -----------------------------  ----------  
TIMING-18  Warning   Missing input or output delay  12          

Note: This report is based on the most recent report_methodology run and may not be up-to-date. Run report_methodology on the current design for the latest report.



check_timing report

Table of Contents
-----------------
1. checking no_clock (0)
2. checking constant_clock (0)
3. checking pulse_width_clock (0)
4. checking unconstrained_internal_endpoints (0)
5. checking no_input_delay (1)
6. checking no_output_delay (11)
7. checking multiple_clock (0)
8. checking generated_clocks (0)
9. checking loops (0)
10. checking partial_input_delay (0)
11. checking partial_output_delay (0)
12. checking latch_loops (0)

1. checking no_clock (0)
------------------------
 There are 0 register/latch pins with no clock.


2. checking constant_clock (0)
------------------------------
 There are 0 register/latch pins with constant_clock.


3. checking pulse_width_clock (0)
---------------------------------
 There are 0 register/latch pins which need pulse_width check


4. checking unconstrained_internal_endpoints (0)
------------------------------------------------
 There are 0 pins that are not constrained for maximum delay.

 There are 0 pins that are not constrained for maximum delay due to constant clock.


5. checking no_input_delay (1)
------------------------------
 There is 1 input port with no input delay specified. (HIGH)

 There are 0 input ports with no input delay but user has a false path constraint.


6. checking no_output_delay (11)
--------------------------------
 There are 11 ports with no output delay specified. (HIGH)

 There are 0 ports with no output delay but user has a false path constraint

 There are 0 ports with no output delay but with a timing clock defined on it or propagating through it


7. checking multiple_clock (0)
------------------------------
 There are 0 register/latch pins with multiple clocks.


8. checking generated_clocks (0)
--------------------------------
 There are 0 generated clocks that are not connected to a clock source.


9. checking loops (0)
---------------------
 There are 0 combinational loops in the design.


10. checking partial_input_delay (0)
------------------------------------
 There are 0 input ports with partial input delay specified.


11. checking partial_output_delay (0)
-------------------------------------
 There are 0 ports with partial output delay specified.


12. checking latch_loops (0)
----------------------------
 There are 0 combinational latch loops in the design through latch input



------------------------------------------------------------------------------------------------
| Design Timing Summary
| ---------------------
------------------------------------------------------------------------------------------------

    WNS(ns)      TNS(ns)  TNS Failing Endpoints  TNS Total Endpoints      WHS(ns)      THS(ns)  THS Failing Endpoints  THS Total Endpoints     WPWS(ns)     TPWS(ns)  TPWS Failing Endpoints  TPWS Total Endpoints  
    -------      -------  ---------------------  -------------------      -------      -------  ---------------------  -------------------     --------     --------  ----------------------  --------------------  
      6.741        0.000                      0                   21        0.244        0.000                      0                   21        4.500        0.000                       0                    22  


All user specified timing constraints are met.


------------------------------------------------------------------------------------------------
| Clock Summary
| -------------
------------------------------------------------------------------------------------------------

Clock        Waveform(ns)       Period(ns)      Frequency(MHz)
-----        ------------       ----------      --------------
sys_clk_pin  {0.000 5.000}      10.000          100.000         


------------------------------------------------------------------------------------------------
| Intra Clock Table
| -----------------
------------------------------------------------------------------------------------------------

Clock             WNS(ns)      TNS(ns)  TNS Failing Endpoints  TNS Total Endpoints      WHS(ns)      THS(ns)  THS Failing Endpoints  THS Total Endpoints     WPWS(ns)     TPWS(ns)  TPWS Failing Endpoints  TPWS Total Endpoints  
-----             -------      -------  ---------------------  -------------------      -------      -------  ---------------------  -------------------     --------     --------  ----------------------  --------------------  
sys_clk_pin         6.741        0.000                      0                   21        0.244        0.000                      0                   21        4.500        0.000                       0                    22  


------------------------------------------------------------------------------------------------
| Inter Clock Table
| -----------------
------------------------------------------------------------------------------------------------

From Clock    To Clock          WNS(ns)      TNS(ns)  TNS Failing Endpoints  TNS Total Endpoints      WHS(ns)      THS(ns)  THS Failing Endpoints  THS Total Endpoints  
----------    --------          -------      -------  ---------------------  -------------------      -------      -------  ---------------------  -------------------  


------------------------------------------------------------------------------------------------
| Other Path Groups Table
| -----------------------
------------------------------------------------------------------------------------------------

Path Group    From Clock    To Clock          WNS(ns)      TNS(ns)  TNS Failing Endpoints  TNS Total Endpoints      WHS(ns)      THS(ns)  THS Failing Endpoints  THS Total Endpoints  
----------    ----------    --------          -------      -------  ---------------------  -------------------      -------      -------  ---------------------  -------------------  


------------------------------------------------------------------------------------------------
| User Ignored Path Table
| -----------------------
------------------------------------------------------------------------------------------------

Path Group    From Clock    To Clock    
----------    ----------    --------    


------------------------------------------------------------------------------------------------
| Unconstrained Path Table
| ------------------------
------------------------------------------------------------------------------------------------

Path Group    From Clock    To Clock    
----------    ----------    --------    
(none)                                    
(none)        sys_clk_pin                 
(none)                      sys_clk_pin   


------------------------------------------------------------------------------------------------
| Timing Details
| --------------
------------------------------------------------------------------------------------------------


---------------------------------------------------------------------------------------------------
From Clock:  sys_clk_pin
  To Clock:  sys_clk_pin

Setup :            0  Failing Endpoints,  Worst Slack        6.741ns,  Total Violation        0.000ns
Hold  :            0  Failing Endpoints,  Worst Slack        0.244ns,  Total Violation        0.000ns
PW    :            0  Failing Endpoints,  Worst Slack        4.500ns,  Total Violation        0.000ns
---------------------------------------------------------------------------------------------------


Max Delay Paths
--------------------------------------------------------------------------------------
Slack (MET) :             6.741ns  (required time - arrival time)
  Source:                 SEVEN_SEGMENT_DISPLAY/DIGIT_SELECTOR/count_reg[3]/C
                            (rising edge-triggered cell FDRE clocked by sys_clk_pin  {rise@0.000ns fall@5.000ns period=10.000ns})
  Destination:            SEVEN_SEGMENT_DISPLAY/DIGIT_SELECTOR/q_reg[2]/D
                            (rising edge-triggered cell FDSE clocked by sys_clk_pin  {rise@0.000ns fall@5.000ns period=10.000ns})
  Path Group:             sys_clk_pin
  Path Type:              Setup (Max at Slow Process Corner)
  Requirement:            10.000ns  (sys_clk_pin rise@10.000ns - sys_clk_pin rise@0.000ns)
  Data Path Delay:        3.276ns  (logic 0.828ns (25.278%)  route 2.448ns (74.722%))
  Logic Levels:           3  (LUT4=1 LUT5=1 LUT6=1)
  Clock Path Skew:        -0.025ns (DCD - SCD + CPR)
    Destination Clock Delay (DCD):    4.842ns = ( 14.842 - 10.000 ) 
    Source Clock Delay      (SCD):    5.141ns
    Clock Pessimism Removal (CPR):    0.274ns
  Clock Uncertainty:      0.035ns  ((TSJ^2 + TIJ^2)^1/2 + DJ) / 2 + PE
    Total System Jitter     (TSJ):    0.071ns
    Total Input Jitter      (TIJ):    0.000ns
    Discrete Jitter          (DJ):    0.000ns
    Phase Error              (PE):    0.000ns

    Location             Delay type                Incr(ns)  Path(ns)    Netlist Resource(s)
  -------------------------------------------------------------------    -------------------
                         (clock sys_clk_pin rise edge)
                                                      0.000     0.000 r  <hidden>
    W5                                                0.000     0.000 r  clk
                         net (fo=0)                   0.000     0.000    clk
    W5                   IBUF (Prop_ibuf_I_O)         1.458     1.458 r  clk_IBUF_inst/O
                         net (fo=1, routed)           1.967     3.425    clk_IBUF
    BUFGCTRL_X0Y0        BUFG (Prop_bufg_I_O)         0.096     3.521 r  clk_IBUF_BUFG_inst/O
                         net (fo=21, routed)          1.620     5.141    SEVEN_SEGMENT_DISPLAY/DIGIT_SELECTOR/clk_IBUF_BUFG
    SLICE_X58Y22         FDRE                                         r  SEVEN_SEGMENT_DISPLAY/DIGIT_SELECTOR/count_reg[3]/C
  -------------------------------------------------------------------    -------------------
    SLICE_X58Y22         FDRE (Prop_fdre_C_Q)         0.456     5.597 f  SEVEN_SEGMENT_DISPLAY/DIGIT_SELECTOR/count_reg[3]/Q
                         net (fo=3, routed)           0.821     6.418    SEVEN_SEGMENT_DISPLAY/DIGIT_SELECTOR/count_reg[3]
    SLICE_X59Y23         LUT6 (Prop_lut6_I4_O)        0.124     6.542 f  SEVEN_SEGMENT_DISPLAY/DIGIT_SELECTOR/q[3]_i_8/O
                         net (fo=1, routed)           0.807     7.350    SEVEN_SEGMENT_DISPLAY/DIGIT_SELECTOR/q[3]_i_8_n_0
    SLICE_X59Y24         LUT5 (Prop_lut5_I3_O)        0.124     7.474 r  SEVEN_SEGMENT_DISPLAY/DIGIT_SELECTOR/q[3]_i_2/O
                         net (fo=4, routed)           0.819     8.293    SEVEN_SEGMENT_DISPLAY/DIGIT_SELECTOR/q[3]_i_2_n_0
    SLICE_X60Y24         LUT4 (Prop_lut4_I2_O)        0.124     8.417 r  SEVEN_SEGMENT_DISPLAY/DIGIT_SELECTOR/q[2]_i_1/O
                         net (fo=1, routed)           0.000     8.417    SEVEN_SEGMENT_DISPLAY/DIGIT_SELECTOR/q[2]_i_1_n_0
    SLICE_X60Y24         FDSE                                         r  SEVEN_SEGMENT_DISPLAY/DIGIT_SELECTOR/q_reg[2]/D
  -------------------------------------------------------------------    -------------------

                         (clock sys_clk_pin rise edge)
                                                     10.000    10.000 r  <hidden>
    W5                                                0.000    10.000 r  clk
                         net (fo=0)                   0.000    10.000    clk
    W5                   IBUF (Prop_ibuf_I_O)         1.388    11.388 r  clk_IBUF_inst/O
                         net (fo=1, routed)           1.862    13.250    clk_IBUF
    BUFGCTRL_X0Y0        BUFG (Prop_bufg_I_O)         0.091    13.341 r  clk_IBUF_BUFG_inst/O
                         net (fo=21, routed)          1.501    14.842    SEVEN_SEGMENT_DISPLAY/DIGIT_SELECTOR/clk_IBUF_BUFG
    SLICE_X60Y24         FDSE                                         r  SEVEN_SEGMENT_DISPLAY/DIGIT_SELECTOR/q_reg[2]/C
                         clock pessimism              0.274    15.116    <hidden>
                         clock uncertainty           -0.035    15.081    <hidden>
    SLICE_X60Y24         FDSE (Setup_fdse_C_D)        0.077    15.158    SEVEN_SEGMENT_DISPLAY/DIGIT_SELECTOR/q_reg[2]
  -------------------------------------------------------------------
                         required time                         15.158    <hidden>
                         arrival time                          -8.417    <hidden>
  -------------------------------------------------------------------
                         slack                                  6.741    <hidden>

Slack (MET) :             6.774ns  (required time - arrival time)
  Source:                 SEVEN_SEGMENT_DISPLAY/DIGIT_SELECTOR/q_reg[0]/C
                            (rising edge-triggered cell FDSE clocked by sys_clk_pin  {rise@0.000ns fall@5.000ns period=10.000ns})
  Destination:            SEVEN_SEGMENT_DISPLAY/DIGIT_SELECTOR/q_reg[3]/D
                            (rising edge-triggered cell FDRE clocked by sys_clk_pin  {rise@0.000ns fall@5.000ns period=10.000ns})
  Path Group:             sys_clk_pin
  Path Type:              Setup (Max at Slow Process Corner)
  Requirement:            10.000ns  (sys_clk_pin rise@10.000ns - sys_clk_pin rise@0.000ns)
  Data Path Delay:        3.184ns  (logic 0.828ns (26.007%)  route 2.356ns (73.993%))
  Logic Levels:           3  (LUT6=3)
  Clock Path Skew:        -0.036ns (DCD - SCD + CPR)
    Destination Clock Delay (DCD):    4.842ns = ( 14.842 - 10.000 ) 
    Source Clock Delay      (SCD):    5.138ns
    Clock Pessimism Removal (CPR):    0.260ns
  Clock Uncertainty:      0.035ns  ((TSJ^2 + TIJ^2)^1/2 + DJ) / 2 + PE
    Total System Jitter     (TSJ):    0.071ns
    Total Input Jitter      (TIJ):    0.000ns
    Discrete Jitter          (DJ):    0.000ns
    Phase Error              (PE):    0.000ns

    Location             Delay type                Incr(ns)  Path(ns)    Netlist Resource(s)
  -------------------------------------------------------------------    -------------------
                         (clock sys_clk_pin rise edge)
                                                      0.000     0.000 r  <hidden>
    W5                                                0.000     0.000 r  clk
                         net (fo=0)                   0.000     0.000    clk
    W5                   IBUF (Prop_ibuf_I_O)         1.458     1.458 r  clk_IBUF_inst/O
                         net (fo=1, routed)           1.967     3.425    clk_IBUF
    BUFGCTRL_X0Y0        BUFG (Prop_bufg_I_O)         0.096     3.521 r  clk_IBUF_BUFG_inst/O
                         net (fo=21, routed)          1.617     5.138    SEVEN_SEGMENT_DISPLAY/DIGIT_SELECTOR/clk_IBUF_BUFG
    SLICE_X59Y25         FDSE                                         r  SEVEN_SEGMENT_DISPLAY/DIGIT_SELECTOR/q_reg[0]/C
  -------------------------------------------------------------------    -------------------
    SLICE_X59Y25         FDSE (Prop_fdse_C_Q)         0.456     5.594 r  SEVEN_SEGMENT_DISPLAY/DIGIT_SELECTOR/q_reg[0]/Q
                         net (fo=13, routed)          1.285     6.879    SEVEN_SEGMENT_DISPLAY/DIGIT_SELECTOR/digit_select[0]
    SLICE_X59Y23         LUT6 (Prop_lut6_I1_O)        0.124     7.003 f  SEVEN_SEGMENT_DISPLAY/DIGIT_SELECTOR/q[3]_i_9/O
                         net (fo=1, routed)           0.638     7.641    SEVEN_SEGMENT_DISPLAY/DIGIT_SELECTOR/q[3]_i_9_n_0
    SLICE_X59Y24         LUT6 (Prop_lut6_I0_O)        0.124     7.765 r  SEVEN_SEGMENT_DISPLAY/DIGIT_SELECTOR/q[3]_i_4/O
                         net (fo=1, routed)           0.433     8.198    SEVEN_SEGMENT_DISPLAY/DIGIT_SELECTOR/q[3]_i_4_n_0
    SLICE_X59Y24         LUT6 (Prop_lut6_I5_O)        0.124     8.322 r  SEVEN_SEGMENT_DISPLAY/DIGIT_SELECTOR/q[3]_i_1/O
                         net (fo=1, routed)           0.000     8.322    SEVEN_SEGMENT_DISPLAY/DIGIT_SELECTOR/q[3]_i_1_n_0
    SLICE_X59Y24         FDRE                                         r  SEVEN_SEGMENT_DISPLAY/DIGIT_SELECTOR/q_reg[3]/D
  -------------------------------------------------------------------    -------------------

                         (clock sys_clk_pin rise edge)
                                                     10.000    10.000 r  <hidden>
    W5                                                0.000    10.000 r  clk
                         net (fo=0)                   0.000    10.000    clk
    W5                   IBUF (Prop_ibuf_I_O)         1.388    11.388 r  clk_IBUF_inst/O
                         net (fo=1, routed)           1.862    13.250    clk_IBUF
    BUFGCTRL_X0Y0        BUFG (Prop_bufg_I_O)         0.091    13.341 r  clk_IBUF_BUFG_inst/O
                         net (fo=21, routed)          1.501    14.842    SEVEN_SEGMENT_DISPLAY/DIGIT_SELECTOR/clk_IBUF_BUFG
    SLICE_X59Y24         FDRE                                         r  SEVEN_SEGMENT_DISPLAY/DIGIT_SELECTOR/q_reg[3]/C
                         clock pessimism              0.260    15.102    <hidden>
                         clock uncertainty           -0.035    15.067    <hidden>
    SLICE_X59Y24         FDRE (Setup_fdre_C_D)        0.029    15.096    SEVEN_SEGMENT_DISPLAY/DIGIT_SELECTOR/q_reg[3]
  -------------------------------------------------------------------
                         required time                         15.096    <hidden>
                         arrival time                          -8.322    <hidden>
  -------------------------------------------------------------------
                         slack                                  6.774    <hidden>

Slack (MET) :             7.046ns  (required time - arrival time)
  Source:                 SEVEN_SEGMENT_DISPLAY/DIGIT_SELECTOR/count_reg[3]/C
                            (rising edge-triggered cell FDRE clocked by sys_clk_pin  {rise@0.000ns fall@5.000ns period=10.000ns})
  Destination:            SEVEN_SEGMENT_DISPLAY/DIGIT_SELECTOR/q_reg[0]/D
                            (rising edge-triggered cell FDSE clocked by sys_clk_pin  {rise@0.000ns fall@5.000ns period=10.000ns})
  Path Group:             sys_clk_pin
  Path Type:              Setup (Max at Slow Process Corner)
  Requirement:            10.000ns  (sys_clk_pin rise@10.000ns - sys_clk_pin rise@0.000ns)
  Data Path Delay:        2.909ns  (logic 0.828ns (28.464%)  route 2.081ns (71.536%))
  Logic Levels:           3  (LUT4=1 LUT5=1 LUT6=1)
  Clock Path Skew:        -0.039ns (DCD - SCD + CPR)
    Destination Clock Delay (DCD):    4.842ns = ( 14.842 - 10.000 ) 
    Source Clock Delay      (SCD):    5.141ns
    Clock Pessimism Removal (CPR):    0.260ns
  Clock Uncertainty:      0.035ns  ((TSJ^2 + TIJ^2)^1/2 + DJ) / 2 + PE
    Total System Jitter     (TSJ):    0.071ns
    Total Input Jitter      (TIJ):    0.000ns
    Discrete Jitter          (DJ):    0.000ns
    Phase Error              (PE):    0.000ns

    Location             Delay type                Incr(ns)  Path(ns)    Netlist Resource(s)
  -------------------------------------------------------------------    -------------------
                         (clock sys_clk_pin rise edge)
                                                      0.000     0.000 r  <hidden>
    W5                                                0.000     0.000 r  clk
                         net (fo=0)                   0.000     0.000    clk
    W5                   IBUF (Prop_ibuf_I_O)         1.458     1.458 r  clk_IBUF_inst/O
                         net (fo=1, routed)           1.967     3.425    clk_IBUF
    BUFGCTRL_X0Y0        BUFG (Prop_bufg_I_O)         0.096     3.521 r  clk_IBUF_BUFG_inst/O
                         net (fo=21, routed)          1.620     5.141    SEVEN_SEGMENT_DISPLAY/DIGIT_SELECTOR/clk_IBUF_BUFG
    SLICE_X58Y22         FDRE                                         r  SEVEN_SEGMENT_DISPLAY/DIGIT_SELECTOR/count_reg[3]/C
  -------------------------------------------------------------------    -------------------
    SLICE_X58Y22         FDRE (Prop_fdre_C_Q)         0.456     5.597 f  SEVEN_SEGMENT_DISPLAY/DIGIT_SELECTOR/count_reg[3]/Q
                         net (fo=3, routed)           0.821     6.418    SEVEN_SEGMENT_DISPLAY/DIGIT_SELECTOR/count_reg[3]
    SLICE_X59Y23         LUT6 (Prop_lut6_I4_O)        0.124     6.542 f  SEVEN_SEGMENT_DISPLAY/DIGIT_SELECTOR/q[3]_i_8/O
                         net (fo=1, routed)           0.807     7.350    SEVEN_SEGMENT_DISPLAY/DIGIT_SELECTOR/q[3]_i_8_n_0
    SLICE_X59Y24         LUT5 (Prop_lut5_I3_O)        0.124     7.474 r  SEVEN_SEGMENT_DISPLAY/DIGIT_SELECTOR/q[3]_i_2/O
                         net (fo=4, routed)           0.452     7.926    SEVEN_SEGMENT_DISPLAY/DIGIT_SELECTOR/q[3]_i_2_n_0
    SLICE_X59Y25         LUT4 (Prop_lut4_I3_O)        0.124     8.050 r  SEVEN_SEGMENT_DISPLAY/DIGIT_SELECTOR/q[0]_i_1/O
                         net (fo=1, routed)           0.000     8.050    SEVEN_SEGMENT_DISPLAY/DIGIT_SELECTOR/q[0]_i_1_n_0
    SLICE_X59Y25         FDSE                                         r  SEVEN_SEGMENT_DISPLAY/DIGIT_SELECTOR/q_reg[0]/D
  -------------------------------------------------------------------    -------------------

                         (clock sys_clk_pin rise edge)
                                                     10.000    10.000 r  <hidden>
    W5                                                0.000    10.000 r  clk
                         net (fo=0)                   0.000    10.000    clk
    W5                   IBUF (Prop_ibuf_I_O)         1.388    11.388 r  clk_IBUF_inst/O
                         net (fo=1, routed)           1.862    13.250    clk_IBUF
    BUFGCTRL_X0Y0        BUFG (Prop_bufg_I_O)         0.091    13.341 r  clk_IBUF_BUFG_inst/O
                         net (fo=21, routed)          1.501    14.842    SEVEN_SEGMENT_DISPLAY/DIGIT_SELECTOR/clk_IBUF_BUFG
    SLICE_X59Y25         FDSE                                         r  SEVEN_SEGMENT_DISPLAY/DIGIT_SELECTOR/q_reg[0]/C
                         clock pessimism              0.260    15.102    <hidden>
                         clock uncertainty           -0.035    15.067    <hidden>
    SLICE_X59Y25         FDSE (Setup_fdse_C_D)        0.029    15.096    SEVEN_SEGMENT_DISPLAY/DIGIT_SELECTOR/q_reg[0]
  -------------------------------------------------------------------
                         required time                         15.096    <hidden>
                         arrival time                          -8.050    <hidden>
  -------------------------------------------------------------------
                         slack                                  7.046    <hidden>

Slack (MET) :             7.098ns  (required time - arrival time)
  Source:                 SEVEN_SEGMENT_DISPLAY/DIGIT_SELECTOR/count_reg[3]/C
                            (rising edge-triggered cell FDRE clocked by sys_clk_pin  {rise@0.000ns fall@5.000ns period=10.000ns})
  Destination:            SEVEN_SEGMENT_DISPLAY/DIGIT_SELECTOR/q_reg[1]/D
                            (rising edge-triggered cell FDSE clocked by sys_clk_pin  {rise@0.000ns fall@5.000ns period=10.000ns})
  Path Group:             sys_clk_pin
  Path Type:              Setup (Max at Slow Process Corner)
  Requirement:            10.000ns  (sys_clk_pin rise@10.000ns - sys_clk_pin rise@0.000ns)
  Data Path Delay:        2.903ns  (logic 0.822ns (28.316%)  route 2.081ns (71.684%))
  Logic Levels:           3  (LUT3=1 LUT5=1 LUT6=1)
  Clock Path Skew:        -0.039ns (DCD - SCD + CPR)
    Destination Clock Delay (DCD):    4.842ns = ( 14.842 - 10.000 ) 
    Source Clock Delay      (SCD):    5.141ns
    Clock Pessimism Removal (CPR):    0.260ns
  Clock Uncertainty:      0.035ns  ((TSJ^2 + TIJ^2)^1/2 + DJ) / 2 + PE
    Total System Jitter     (TSJ):    0.071ns
    Total Input Jitter      (TIJ):    0.000ns
    Discrete Jitter          (DJ):    0.000ns
    Phase Error              (PE):    0.000ns

    Location             Delay type                Incr(ns)  Path(ns)    Netlist Resource(s)
  -------------------------------------------------------------------    -------------------
                         (clock sys_clk_pin rise edge)
                                                      0.000     0.000 r  <hidden>
    W5                                                0.000     0.000 r  clk
                         net (fo=0)                   0.000     0.000    clk
    W5                   IBUF (Prop_ibuf_I_O)         1.458     1.458 r  clk_IBUF_inst/O
                         net (fo=1, routed)           1.967     3.425    clk_IBUF
    BUFGCTRL_X0Y0        BUFG (Prop_bufg_I_O)         0.096     3.521 r  clk_IBUF_BUFG_inst/O
                         net (fo=21, routed)          1.620     5.141    SEVEN_SEGMENT_DISPLAY/DIGIT_SELECTOR/clk_IBUF_BUFG
    SLICE_X58Y22         FDRE                                         r  SEVEN_SEGMENT_DISPLAY/DIGIT_SELECTOR/count_reg[3]/C
  -------------------------------------------------------------------    -------------------
    SLICE_X58Y22         FDRE (Prop_fdre_C_Q)         0.456     5.597 f  SEVEN_SEGMENT_DISPLAY/DIGIT_SELECTOR/count_reg[3]/Q
                         net (fo=3, routed)           0.821     6.418    SEVEN_SEGMENT_DISPLAY/DIGIT_SELECTOR/count_reg[3]
    SLICE_X59Y23         LUT6 (Prop_lut6_I4_O)        0.124     6.542 f  SEVEN_SEGMENT_DISPLAY/DIGIT_SELECTOR/q[3]_i_8/O
                         net (fo=1, routed)           0.807     7.350    SEVEN_SEGMENT_DISPLAY/DIGIT_SELECTOR/q[3]_i_8_n_0
    SLICE_X59Y24         LUT5 (Prop_lut5_I3_O)        0.124     7.474 r  SEVEN_SEGMENT_DISPLAY/DIGIT_SELECTOR/q[3]_i_2/O
                         net (fo=4, routed)           0.452     7.926    SEVEN_SEGMENT_DISPLAY/DIGIT_SELECTOR/q[3]_i_2_n_0
    SLICE_X59Y25         LUT3 (Prop_lut3_I2_O)        0.118     8.044 r  SEVEN_SEGMENT_DISPLAY/DIGIT_SELECTOR/q[1]_i_1/O
                         net (fo=1, routed)           0.000     8.044    SEVEN_SEGMENT_DISPLAY/DIGIT_SELECTOR/q[1]_i_1_n_0
    SLICE_X59Y25         FDSE                                         r  SEVEN_SEGMENT_DISPLAY/DIGIT_SELECTOR/q_reg[1]/D
  -------------------------------------------------------------------    -------------------

                         (clock sys_clk_pin rise edge)
                                                     10.000    10.000 r  <hidden>
    W5                                                0.000    10.000 r  clk
                         net (fo=0)                   0.000    10.000    clk
    W5                   IBUF (Prop_ibuf_I_O)         1.388    11.388 r  clk_IBUF_inst/O
                         net (fo=1, routed)           1.862    13.250    clk_IBUF
    BUFGCTRL_X0Y0        BUFG (Prop_bufg_I_O)         0.091    13.341 r  clk_IBUF_BUFG_inst/O
                         net (fo=21, routed)          1.501    14.842    SEVEN_SEGMENT_DISPLAY/DIGIT_SELECTOR/clk_IBUF_BUFG
    SLICE_X59Y25         FDSE                                         r  SEVEN_SEGMENT_DISPLAY/DIGIT_SELECTOR/q_reg[1]/C
                         clock pessimism              0.260    15.102    <hidden>
                         clock uncertainty           -0.035    15.067    <hidden>
    SLICE_X59Y25         FDSE (Setup_fdse_C_D)        0.075    15.142    SEVEN_SEGMENT_DISPLAY/DIGIT_SELECTOR/q_reg[1]
  -------------------------------------------------------------------
                         required time                         15.142    <hidden>
                         arrival time                          -8.044    <hidden>
  -------------------------------------------------------------------
                         slack                                  7.098    <hidden>

Slack (MET) :             7.633ns  (required time - arrival time)
  Source:                 SEVEN_SEGMENT_DISPLAY/DIGIT_SELECTOR/count_reg[4]/C
                            (rising edge-triggered cell FDRE clocked by sys_clk_pin  {rise@0.000ns fall@5.000ns period=10.000ns})
  Destination:            SEVEN_SEGMENT_DISPLAY/DIGIT_SELECTOR/count_reg[16]/D
                            (rising edge-triggered cell FDRE clocked by sys_clk_pin  {rise@0.000ns fall@5.000ns period=10.000ns})
  Path Group:             sys_clk_pin
  Path Type:              Setup (Max at Slow Process Corner)
  Requirement:            10.000ns  (sys_clk_pin rise@10.000ns - sys_clk_pin rise@0.000ns)
  Data Path Delay:        2.357ns  (logic 1.563ns (66.300%)  route 0.794ns (33.700%))
  Logic Levels:           4  (CARRY4=4)
  Clock Path Skew:        -0.036ns (DCD - SCD + CPR)
    Destination Clock Delay (DCD):    4.844ns = ( 14.844 - 10.000 ) 
    Source Clock Delay      (SCD):    5.140ns
    Clock Pessimism Removal (CPR):    0.260ns
  Clock Uncertainty:      0.035ns  ((TSJ^2 + TIJ^2)^1/2 + DJ) / 2 + PE
    Total System Jitter     (TSJ):    0.071ns
    Total Input Jitter      (TIJ):    0.000ns
    Discrete Jitter          (DJ):    0.000ns
    Phase Error              (PE):    0.000ns

    Location             Delay type                Incr(ns)  Path(ns)    Netlist Resource(s)
  -------------------------------------------------------------------    -------------------
                         (clock sys_clk_pin rise edge)
                                                      0.000     0.000 r  <hidden>
    W5                                                0.000     0.000 r  clk
                         net (fo=0)                   0.000     0.000    clk
    W5                   IBUF (Prop_ibuf_I_O)         1.458     1.458 r  clk_IBUF_inst/O
                         net (fo=1, routed)           1.967     3.425    clk_IBUF
    BUFGCTRL_X0Y0        BUFG (Prop_bufg_I_O)         0.096     3.521 r  clk_IBUF_BUFG_inst/O
                         net (fo=21, routed)          1.619     5.140    SEVEN_SEGMENT_DISPLAY/DIGIT_SELECTOR/clk_IBUF_BUFG
    SLICE_X58Y23         FDRE                                         r  SEVEN_SEGMENT_DISPLAY/DIGIT_SELECTOR/count_reg[4]/C
  -------------------------------------------------------------------    -------------------
    SLICE_X58Y23         FDRE (Prop_fdre_C_Q)         0.456     5.596 r  SEVEN_SEGMENT_DISPLAY/DIGIT_SELECTOR/count_reg[4]/Q
                         net (fo=3, routed)           0.785     6.382    SEVEN_SEGMENT_DISPLAY/DIGIT_SELECTOR/count_reg[4]
    SLICE_X58Y23         CARRY4 (Prop_carry4_S[0]_CO[3])
                                                      0.656     7.038 r  SEVEN_SEGMENT_DISPLAY/DIGIT_SELECTOR/count_reg[4]_i_1/CO[3]
                         net (fo=1, routed)           0.000     7.038    SEVEN_SEGMENT_DISPLAY/DIGIT_SELECTOR/count_reg[4]_i_1_n_0
    SLICE_X58Y24         CARRY4 (Prop_carry4_CI_CO[3])
                                                      0.114     7.152 r  SEVEN_SEGMENT_DISPLAY/DIGIT_SELECTOR/count_reg[8]_i_1/CO[3]
                         net (fo=1, routed)           0.009     7.161    SEVEN_SEGMENT_DISPLAY/DIGIT_SELECTOR/count_reg[8]_i_1_n_0
    SLICE_X58Y25         CARRY4 (Prop_carry4_CI_CO[3])
                                                      0.114     7.275 r  SEVEN_SEGMENT_DISPLAY/DIGIT_SELECTOR/count_reg[12]_i_1/CO[3]
                         net (fo=1, routed)           0.000     7.275    SEVEN_SEGMENT_DISPLAY/DIGIT_SELECTOR/count_reg[12]_i_1_n_0
    SLICE_X58Y26         CARRY4 (Prop_carry4_CI_O[0])
                                                      0.223     7.498 r  SEVEN_SEGMENT_DISPLAY/DIGIT_SELECTOR/count_reg[16]_i_1/O[0]
                         net (fo=1, routed)           0.000     7.498    SEVEN_SEGMENT_DISPLAY/DIGIT_SELECTOR/count_reg[16]_i_1_n_7
    SLICE_X58Y26         FDRE                                         r  SEVEN_SEGMENT_DISPLAY/DIGIT_SELECTOR/count_reg[16]/D
  -------------------------------------------------------------------    -------------------

                         (clock sys_clk_pin rise edge)
                                                     10.000    10.000 r  <hidden>
    W5                                                0.000    10.000 r  clk
                         net (fo=0)                   0.000    10.000    clk
    W5                   IBUF (Prop_ibuf_I_O)         1.388    11.388 r  clk_IBUF_inst/O
                         net (fo=1, routed)           1.862    13.250    clk_IBUF
    BUFGCTRL_X0Y0        BUFG (Prop_bufg_I_O)         0.091    13.341 r  clk_IBUF_BUFG_inst/O
                         net (fo=21, routed)          1.503    14.844    SEVEN_SEGMENT_DISPLAY/DIGIT_SELECTOR/clk_IBUF_BUFG
    SLICE_X58Y26         FDRE                                         r  SEVEN_SEGMENT_DISPLAY/DIGIT_SELECTOR/count_reg[16]/C
                         clock pessimism              0.260    15.104    <hidden>
                         clock uncertainty           -0.035    15.069    <hidden>
    SLICE_X58Y26         FDRE (Setup_fdre_C_D)        0.062    15.131    SEVEN_SEGMENT_DISPLAY/DIGIT_SELECTOR/count_reg[16]
  -------------------------------------------------------------------
                         required time                         15.131    <hidden>
                         arrival time                          -7.498    <hidden>
  -------------------------------------------------------------------
                         slack                                  7.633    <hidden>

Slack (MET) :             7.634ns  (required time - arrival time)
  Source:                 SEVEN_SEGMENT_DISPLAY/DIGIT_SELECTOR/count_reg[4]/C
                            (rising edge-triggered cell FDRE clocked by sys_clk_pin  {rise@0.000ns fall@5.000ns period=10.000ns})
  Destination:            SEVEN_SEGMENT_DISPLAY/DIGIT_SELECTOR/count_reg[13]/D
                            (rising edge-triggered cell FDRE clocked by sys_clk_pin  {rise@0.000ns fall@5.000ns period=10.000ns})
  Path Group:             sys_clk_pin
  Path Type:              Setup (Max at Slow Process Corner)
  Requirement:            10.000ns  (sys_clk_pin rise@10.000ns - sys_clk_pin rise@0.000ns)
  Data Path Delay:        2.354ns  (logic 1.560ns (66.257%)  route 0.794ns (33.743%))
  Logic Levels:           3  (CARRY4=3)
  Clock Path Skew:        -0.038ns (DCD - SCD + CPR)
    Destination Clock Delay (DCD):    4.842ns = ( 14.842 - 10.000 ) 
    Source Clock Delay      (SCD):    5.140ns
    Clock Pessimism Removal (CPR):    0.260ns
  Clock Uncertainty:      0.035ns  ((TSJ^2 + TIJ^2)^1/2 + DJ) / 2 + PE
    Total System Jitter     (TSJ):    0.071ns
    Total Input Jitter      (TIJ):    0.000ns
    Discrete Jitter          (DJ):    0.000ns
    Phase Error              (PE):    0.000ns

    Location             Delay type                Incr(ns)  Path(ns)    Netlist Resource(s)
  -------------------------------------------------------------------    -------------------
                         (clock sys_clk_pin rise edge)
                                                      0.000     0.000 r  <hidden>
    W5                                                0.000     0.000 r  clk
                         net (fo=0)                   0.000     0.000    clk
    W5                   IBUF (Prop_ibuf_I_O)         1.458     1.458 r  clk_IBUF_inst/O
                         net (fo=1, routed)           1.967     3.425    clk_IBUF
    BUFGCTRL_X0Y0        BUFG (Prop_bufg_I_O)         0.096     3.521 r  clk_IBUF_BUFG_inst/O
                         net (fo=21, routed)          1.619     5.140    SEVEN_SEGMENT_DISPLAY/DIGIT_SELECTOR/clk_IBUF_BUFG
    SLICE_X58Y23         FDRE                                         r  SEVEN_SEGMENT_DISPLAY/DIGIT_SELECTOR/count_reg[4]/C
  -------------------------------------------------------------------    -------------------
    SLICE_X58Y23         FDRE (Prop_fdre_C_Q)         0.456     5.596 r  SEVEN_SEGMENT_DISPLAY/DIGIT_SELECTOR/count_reg[4]/Q
                         net (fo=3, routed)           0.785     6.382    SEVEN_SEGMENT_DISPLAY/DIGIT_SELECTOR/count_reg[4]
    SLICE_X58Y23         CARRY4 (Prop_carry4_S[0]_CO[3])
                                                      0.656     7.038 r  SEVEN_SEGMENT_DISPLAY/DIGIT_SELECTOR/count_reg[4]_i_1/CO[3]
                         net (fo=1, routed)           0.000     7.038    SEVEN_SEGMENT_DISPLAY/DIGIT_SELECTOR/count_reg[4]_i_1_n_0
    SLICE_X58Y24         CARRY4 (Prop_carry4_CI_CO[3])
                                                      0.114     7.152 r  SEVEN_SEGMENT_DISPLAY/DIGIT_SELECTOR/count_reg[8]_i_1/CO[3]
                         net (fo=1, routed)           0.009     7.161    SEVEN_SEGMENT_DISPLAY/DIGIT_SELECTOR/count_reg[8]_i_1_n_0
    SLICE_X58Y25         CARRY4 (Prop_carry4_CI_O[1])
                                                      0.334     7.495 r  SEVEN_SEGMENT_DISPLAY/DIGIT_SELECTOR/count_reg[12]_i_1/O[1]
                         net (fo=1, routed)           0.000     7.495    SEVEN_SEGMENT_DISPLAY/DIGIT_SELECTOR/count_reg[12]_i_1_n_6
    SLICE_X58Y25         FDRE                                         r  SEVEN_SEGMENT_DISPLAY/DIGIT_SELECTOR/count_reg[13]/D
  -------------------------------------------------------------------    -------------------

                         (clock sys_clk_pin rise edge)
                                                     10.000    10.000 r  <hidden>
    W5                                                0.000    10.000 r  clk
                         net (fo=0)                   0.000    10.000    clk
    W5                   IBUF (Prop_ibuf_I_O)         1.388    11.388 r  clk_IBUF_inst/O
                         net (fo=1, routed)           1.862    13.250    clk_IBUF
    BUFGCTRL_X0Y0        BUFG (Prop_bufg_I_O)         0.091    13.341 r  clk_IBUF_BUFG_inst/O
                         net (fo=21, routed)          1.501    14.842    SEVEN_SEGMENT_DISPLAY/DIGIT_SELECTOR/clk_IBUF_BUFG
    SLICE_X58Y25         FDRE                                         r  SEVEN_SEGMENT_DISPLAY/DIGIT_SELECTOR/count_reg[13]/C
                         clock pessimism              0.260    15.102    <hidden>
                         clock uncertainty           -0.035    15.067    <hidden>
    SLICE_X58Y25         FDRE (Setup_fdre_C_D)        0.062    15.129    SEVEN_SEGMENT_DISPLAY/DIGIT_SELECTOR/count_reg[13]
  -------------------------------------------------------------------
                         required time                         15.129    <hidden>
                         arrival time                          -7.495    <hidden>
  -------------------------------------------------------------------
                         slack                                  7.634    <hidden>

Slack (MET) :             7.655ns  (required time - arrival time)
  Source:                 SEVEN_SEGMENT_DISPLAY/DIGIT_SELECTOR/count_reg[4]/C
                            (rising edge-triggered cell FDRE clocked by sys_clk_pin  {rise@0.000ns fall@5.000ns period=10.000ns})
  Destination:            SEVEN_SEGMENT_DISPLAY/DIGIT_SELECTOR/count_reg[15]/D
                            (rising edge-triggered cell FDRE clocked by sys_clk_pin  {rise@0.000ns fall@5.000ns period=10.000ns})
  Path Group:             sys_clk_pin
  Path Type:              Setup (Max at Slow Process Corner)
  Requirement:            10.000ns  (sys_clk_pin rise@10.000ns - sys_clk_pin rise@0.000ns)
  Data Path Delay:        2.333ns  (logic 1.539ns (65.953%)  route 0.794ns (34.046%))
  Logic Levels:           3  (CARRY4=3)
  Clock Path Skew:        -0.038ns (DCD - SCD + CPR)
    Destination Clock Delay (DCD):    4.842ns = ( 14.842 - 10.000 ) 
    Source Clock Delay      (SCD):    5.140ns
    Clock Pessimism Removal (CPR):    0.260ns
  Clock Uncertainty:      0.035ns  ((TSJ^2 + TIJ^2)^1/2 + DJ) / 2 + PE
    Total System Jitter     (TSJ):    0.071ns
    Total Input Jitter      (TIJ):    0.000ns
    Discrete Jitter          (DJ):    0.000ns
    Phase Error              (PE):    0.000ns

    Location             Delay type                Incr(ns)  Path(ns)    Netlist Resource(s)
  -------------------------------------------------------------------    -------------------
                         (clock sys_clk_pin rise edge)
                                                      0.000     0.000 r  <hidden>
    W5                                                0.000     0.000 r  clk
                         net (fo=0)                   0.000     0.000    clk
    W5                   IBUF (Prop_ibuf_I_O)         1.458     1.458 r  clk_IBUF_inst/O
                         net (fo=1, routed)           1.967     3.425    clk_IBUF
    BUFGCTRL_X0Y0        BUFG (Prop_bufg_I_O)         0.096     3.521 r  clk_IBUF_BUFG_inst/O
                         net (fo=21, routed)          1.619     5.140    SEVEN_SEGMENT_DISPLAY/DIGIT_SELECTOR/clk_IBUF_BUFG
    SLICE_X58Y23         FDRE                                         r  SEVEN_SEGMENT_DISPLAY/DIGIT_SELECTOR/count_reg[4]/C
  -------------------------------------------------------------------    -------------------
    SLICE_X58Y23         FDRE (Prop_fdre_C_Q)         0.456     5.596 r  SEVEN_SEGMENT_DISPLAY/DIGIT_SELECTOR/count_reg[4]/Q
                         net (fo=3, routed)           0.785     6.382    SEVEN_SEGMENT_DISPLAY/DIGIT_SELECTOR/count_reg[4]
    SLICE_X58Y23         CARRY4 (Prop_carry4_S[0]_CO[3])
                                                      0.656     7.038 r  SEVEN_SEGMENT_DISPLAY/DIGIT_SELECTOR/count_reg[4]_i_1/CO[3]
                         net (fo=1, routed)           0.000     7.038    SEVEN_SEGMENT_DISPLAY/DIGIT_SELECTOR/count_reg[4]_i_1_n_0
    SLICE_X58Y24         CARRY4 (Prop_carry4_CI_CO[3])
                                                      0.114     7.152 r  SEVEN_SEGMENT_DISPLAY/DIGIT_SELECTOR/count_reg[8]_i_1/CO[3]
                         net (fo=1, routed)           0.009     7.161    SEVEN_SEGMENT_DISPLAY/DIGIT_SELECTOR/count_reg[8]_i_1_n_0
    SLICE_X58Y25         CARRY4 (Prop_carry4_CI_O[3])
                                                      0.313     7.474 r  SEVEN_SEGMENT_DISPLAY/DIGIT_SELECTOR/count_reg[12]_i_1/O[3]
                         net (fo=1, routed)           0.000     7.474    SEVEN_SEGMENT_DISPLAY/DIGIT_SELECTOR/count_reg[12]_i_1_n_4
    SLICE_X58Y25         FDRE                                         r  SEVEN_SEGMENT_DISPLAY/DIGIT_SELECTOR/count_reg[15]/D
  -------------------------------------------------------------------    -------------------

                         (clock sys_clk_pin rise edge)
                                                     10.000    10.000 r  <hidden>
    W5                                                0.000    10.000 r  clk
                         net (fo=0)                   0.000    10.000    clk
    W5                   IBUF (Prop_ibuf_I_O)         1.388    11.388 r  clk_IBUF_inst/O
                         net (fo=1, routed)           1.862    13.250    clk_IBUF
    BUFGCTRL_X0Y0        BUFG (Prop_bufg_I_O)         0.091    13.341 r  clk_IBUF_BUFG_inst/O
                         net (fo=21, routed)          1.501    14.842    SEVEN_SEGMENT_DISPLAY/DIGIT_SELECTOR/clk_IBUF_BUFG
    SLICE_X58Y25         FDRE                                         r  SEVEN_SEGMENT_DISPLAY/DIGIT_SELECTOR/count_reg[15]/C
                         clock pessimism              0.260    15.102    <hidden>
                         clock uncertainty           -0.035    15.067    <hidden>
    SLICE_X58Y25         FDRE (Setup_fdre_C_D)        0.062    15.129    SEVEN_SEGMENT_DISPLAY/DIGIT_SELECTOR/count_reg[15]
  -------------------------------------------------------------------
                         required time                         15.129    <hidden>
                         arrival time                          -7.474    <hidden>
  -------------------------------------------------------------------
                         slack                                  7.655    <hidden>

Slack (MET) :             7.729ns  (required time - arrival time)
  Source:                 SEVEN_SEGMENT_DISPLAY/DIGIT_SELECTOR/count_reg[4]/C
                            (rising edge-triggered cell FDRE clocked by sys_clk_pin  {rise@0.000ns fall@5.000ns period=10.000ns})
  Destination:            SEVEN_SEGMENT_DISPLAY/DIGIT_SELECTOR/count_reg[14]/D
                            (rising edge-triggered cell FDRE clocked by sys_clk_pin  {rise@0.000ns fall@5.000ns period=10.000ns})
  Path Group:             sys_clk_pin
  Path Type:              Setup (Max at Slow Process Corner)
  Requirement:            10.000ns  (sys_clk_pin rise@10.000ns - sys_clk_pin rise@0.000ns)
  Data Path Delay:        2.259ns  (logic 1.465ns (64.838%)  route 0.794ns (35.162%))
  Logic Levels:           3  (CARRY4=3)
  Clock Path Skew:        -0.038ns (DCD - SCD + CPR)
    Destination Clock Delay (DCD):    4.842ns = ( 14.842 - 10.000 ) 
    Source Clock Delay      (SCD):    5.140ns
    Clock Pessimism Removal (CPR):    0.260ns
  Clock Uncertainty:      0.035ns  ((TSJ^2 + TIJ^2)^1/2 + DJ) / 2 + PE
    Total System Jitter     (TSJ):    0.071ns
    Total Input Jitter      (TIJ):    0.000ns
    Discrete Jitter          (DJ):    0.000ns
    Phase Error              (PE):    0.000ns

    Location             Delay type                Incr(ns)  Path(ns)    Netlist Resource(s)
  -------------------------------------------------------------------    -------------------
                         (clock sys_clk_pin rise edge)
                                                      0.000     0.000 r  <hidden>
    W5                                                0.000     0.000 r  clk
                         net (fo=0)                   0.000     0.000    clk
    W5                   IBUF (Prop_ibuf_I_O)         1.458     1.458 r  clk_IBUF_inst/O
                         net (fo=1, routed)           1.967     3.425    clk_IBUF
    BUFGCTRL_X0Y0        BUFG (Prop_bufg_I_O)         0.096     3.521 r  clk_IBUF_BUFG_inst/O
                         net (fo=21, routed)          1.619     5.140    SEVEN_SEGMENT_DISPLAY/DIGIT_SELECTOR/clk_IBUF_BUFG
    SLICE_X58Y23         FDRE                                         r  SEVEN_SEGMENT_DISPLAY/DIGIT_SELECTOR/count_reg[4]/C
  -------------------------------------------------------------------    -------------------
    SLICE_X58Y23         FDRE (Prop_fdre_C_Q)         0.456     5.596 r  SEVEN_SEGMENT_DISPLAY/DIGIT_SELECTOR/count_reg[4]/Q
                         net (fo=3, routed)           0.785     6.382    SEVEN_SEGMENT_DISPLAY/DIGIT_SELECTOR/count_reg[4]
    SLICE_X58Y23         CARRY4 (Prop_carry4_S[0]_CO[3])
                                                      0.656     7.038 r  SEVEN_SEGMENT_DISPLAY/DIGIT_SELECTOR/count_reg[4]_i_1/CO[3]
                         net (fo=1, routed)           0.000     7.038    SEVEN_SEGMENT_DISPLAY/DIGIT_SELECTOR/count_reg[4]_i_1_n_0
    SLICE_X58Y24         CARRY4 (Prop_carry4_CI_CO[3])
                                                      0.114     7.152 r  SEVEN_SEGMENT_DISPLAY/DIGIT_SELECTOR/count_reg[8]_i_1/CO[3]
                         net (fo=1, routed)           0.009     7.161    SEVEN_SEGMENT_DISPLAY/DIGIT_SELECTOR/count_reg[8]_i_1_n_0
    SLICE_X58Y25         CARRY4 (Prop_carry4_CI_O[2])
                                                      0.239     7.400 r  SEVEN_SEGMENT_DISPLAY/DIGIT_SELECTOR/count_reg[12]_i_1/O[2]
                         net (fo=1, routed)           0.000     7.400    SEVEN_SEGMENT_DISPLAY/DIGIT_SELECTOR/count_reg[12]_i_1_n_5
    SLICE_X58Y25         FDRE                                         r  SEVEN_SEGMENT_DISPLAY/DIGIT_SELECTOR/count_reg[14]/D
  -------------------------------------------------------------------    -------------------

                         (clock sys_clk_pin rise edge)
                                                     10.000    10.000 r  <hidden>
    W5                                                0.000    10.000 r  clk
                         net (fo=0)                   0.000    10.000    clk
    W5                   IBUF (Prop_ibuf_I_O)         1.388    11.388 r  clk_IBUF_inst/O
                         net (fo=1, routed)           1.862    13.250    clk_IBUF
    BUFGCTRL_X0Y0        BUFG (Prop_bufg_I_O)         0.091    13.341 r  clk_IBUF_BUFG_inst/O
                         net (fo=21, routed)          1.501    14.842    SEVEN_SEGMENT_DISPLAY/DIGIT_SELECTOR/clk_IBUF_BUFG
    SLICE_X58Y25         FDRE                                         r  SEVEN_SEGMENT_DISPLAY/DIGIT_SELECTOR/count_reg[14]/C
                         clock pessimism              0.260    15.102    <hidden>
                         clock uncertainty           -0.035    15.067    <hidden>
    SLICE_X58Y25         FDRE (Setup_fdre_C_D)        0.062    15.129    SEVEN_SEGMENT_DISPLAY/DIGIT_SELECTOR/count_reg[14]
  -------------------------------------------------------------------
                         required time                         15.129    <hidden>
                         arrival time                          -7.400    <hidden>
  -------------------------------------------------------------------
                         slack                                  7.729    <hidden>

Slack (MET) :             7.745ns  (required time - arrival time)
  Source:                 SEVEN_SEGMENT_DISPLAY/DIGIT_SELECTOR/count_reg[4]/C
                            (rising edge-triggered cell FDRE clocked by sys_clk_pin  {rise@0.000ns fall@5.000ns period=10.000ns})
  Destination:            SEVEN_SEGMENT_DISPLAY/DIGIT_SELECTOR/count_reg[12]/D
                            (rising edge-triggered cell FDRE clocked by sys_clk_pin  {rise@0.000ns fall@5.000ns period=10.000ns})
  Path Group:             sys_clk_pin
  Path Type:              Setup (Max at Slow Process Corner)
  Requirement:            10.000ns  (sys_clk_pin rise@10.000ns - sys_clk_pin rise@0.000ns)
  Data Path Delay:        2.243ns  (logic 1.449ns (64.588%)  route 0.794ns (35.412%))
  Logic Levels:           3  (CARRY4=3)
  Clock Path Skew:        -0.038ns (DCD - SCD + CPR)
    Destination Clock Delay (DCD):    4.842ns = ( 14.842 - 10.000 ) 
    Source Clock Delay      (SCD):    5.140ns
    Clock Pessimism Removal (CPR):    0.260ns
  Clock Uncertainty:      0.035ns  ((TSJ^2 + TIJ^2)^1/2 + DJ) / 2 + PE
    Total System Jitter     (TSJ):    0.071ns
    Total Input Jitter      (TIJ):    0.000ns
    Discrete Jitter          (DJ):    0.000ns
    Phase Error              (PE):    0.000ns

    Location             Delay type                Incr(ns)  Path(ns)    Netlist Resource(s)
  -------------------------------------------------------------------    -------------------
                         (clock sys_clk_pin rise edge)
                                                      0.000     0.000 r  <hidden>
    W5                                                0.000     0.000 r  clk
                         net (fo=0)                   0.000     0.000    clk
    W5                   IBUF (Prop_ibuf_I_O)         1.458     1.458 r  clk_IBUF_inst/O
                         net (fo=1, routed)           1.967     3.425    clk_IBUF
    BUFGCTRL_X0Y0        BUFG (Prop_bufg_I_O)         0.096     3.521 r  clk_IBUF_BUFG_inst/O
                         net (fo=21, routed)          1.619     5.140    SEVEN_SEGMENT_DISPLAY/DIGIT_SELECTOR/clk_IBUF_BUFG
    SLICE_X58Y23         FDRE                                         r  SEVEN_SEGMENT_DISPLAY/DIGIT_SELECTOR/count_reg[4]/C
  -------------------------------------------------------------------    -------------------
    SLICE_X58Y23         FDRE (Prop_fdre_C_Q)         0.456     5.596 r  SEVEN_SEGMENT_DISPLAY/DIGIT_SELECTOR/count_reg[4]/Q
                         net (fo=3, routed)           0.785     6.382    SEVEN_SEGMENT_DISPLAY/DIGIT_SELECTOR/count_reg[4]
    SLICE_X58Y23         CARRY4 (Prop_carry4_S[0]_CO[3])
                                                      0.656     7.038 r  SEVEN_SEGMENT_DISPLAY/DIGIT_SELECTOR/count_reg[4]_i_1/CO[3]
                         net (fo=1, routed)           0.000     7.038    SEVEN_SEGMENT_DISPLAY/DIGIT_SELECTOR/count_reg[4]_i_1_n_0
    SLICE_X58Y24         CARRY4 (Prop_carry4_CI_CO[3])
                                                      0.114     7.152 r  SEVEN_SEGMENT_DISPLAY/DIGIT_SELECTOR/count_reg[8]_i_1/CO[3]
                         net (fo=1, routed)           0.009     7.161    SEVEN_SEGMENT_DISPLAY/DIGIT_SELECTOR/count_reg[8]_i_1_n_0
    SLICE_X58Y25         CARRY4 (Prop_carry4_CI_O[0])
                                                      0.223     7.384 r  SEVEN_SEGMENT_DISPLAY/DIGIT_SELECTOR/count_reg[12]_i_1/O[0]
                         net (fo=1, routed)           0.000     7.384    SEVEN_SEGMENT_DISPLAY/DIGIT_SELECTOR/count_reg[12]_i_1_n_7
    SLICE_X58Y25         FDRE                                         r  SEVEN_SEGMENT_DISPLAY/DIGIT_SELECTOR/count_reg[12]/D
  -------------------------------------------------------------------    -------------------

                         (clock sys_clk_pin rise edge)
                                                     10.000    10.000 r  <hidden>
    W5                                                0.000    10.000 r  clk
                         net (fo=0)                   0.000    10.000    clk
    W5                   IBUF (Prop_ibuf_I_O)         1.388    11.388 r  clk_IBUF_inst/O
                         net (fo=1, routed)           1.862    13.250    clk_IBUF
    BUFGCTRL_X0Y0        BUFG (Prop_bufg_I_O)         0.091    13.341 r  clk_IBUF_BUFG_inst/O
                         net (fo=21, routed)          1.501    14.842    SEVEN_SEGMENT_DISPLAY/DIGIT_SELECTOR/clk_IBUF_BUFG
    SLICE_X58Y25         FDRE                                         r  SEVEN_SEGMENT_DISPLAY/DIGIT_SELECTOR/count_reg[12]/C
                         clock pessimism              0.260    15.102    <hidden>
                         clock uncertainty           -0.035    15.067    <hidden>
    SLICE_X58Y25         FDRE (Setup_fdre_C_D)        0.062    15.129    SEVEN_SEGMENT_DISPLAY/DIGIT_SELECTOR/count_reg[12]
  -------------------------------------------------------------------
                         required time                         15.129    <hidden>
                         arrival time                          -7.384    <hidden>
  -------------------------------------------------------------------
                         slack                                  7.745    <hidden>

Slack (MET) :             7.771ns  (required time - arrival time)
  Source:                 SEVEN_SEGMENT_DISPLAY/DIGIT_SELECTOR/count_reg[4]/C
                            (rising edge-triggered cell FDRE clocked by sys_clk_pin  {rise@0.000ns fall@5.000ns period=10.000ns})
  Destination:            SEVEN_SEGMENT_DISPLAY/DIGIT_SELECTOR/count_reg[9]/D
                            (rising edge-triggered cell FDRE clocked by sys_clk_pin  {rise@0.000ns fall@5.000ns period=10.000ns})
  Path Group:             sys_clk_pin
  Path Type:              Setup (Max at Slow Process Corner)
  Requirement:            10.000ns  (sys_clk_pin rise@10.000ns - sys_clk_pin rise@0.000ns)
  Data Path Delay:        2.231ns  (logic 1.446ns (64.801%)  route 0.785ns (35.199%))
  Logic Levels:           2  (CARRY4=2)
  Clock Path Skew:        -0.024ns (DCD - SCD + CPR)
    Destination Clock Delay (DCD):    4.842ns = ( 14.842 - 10.000 ) 
    Source Clock Delay      (SCD):    5.140ns
    Clock Pessimism Removal (CPR):    0.274ns
  Clock Uncertainty:      0.035ns  ((TSJ^2 + TIJ^2)^1/2 + DJ) / 2 + PE
    Total System Jitter     (TSJ):    0.071ns
    Total Input Jitter      (TIJ):    0.000ns
    Discrete Jitter          (DJ):    0.000ns
    Phase Error              (PE):    0.000ns

    Location             Delay type                Incr(ns)  Path(ns)    Netlist Resource(s)
  -------------------------------------------------------------------    -------------------
                         (clock sys_clk_pin rise edge)
                                                      0.000     0.000 r  <hidden>
    W5                                                0.000     0.000 r  clk
                         net (fo=0)                   0.000     0.000    clk
    W5                   IBUF (Prop_ibuf_I_O)         1.458     1.458 r  clk_IBUF_inst/O
                         net (fo=1, routed)           1.967     3.425    clk_IBUF
    BUFGCTRL_X0Y0        BUFG (Prop_bufg_I_O)         0.096     3.521 r  clk_IBUF_BUFG_inst/O
                         net (fo=21, routed)          1.619     5.140    SEVEN_SEGMENT_DISPLAY/DIGIT_SELECTOR/clk_IBUF_BUFG
    SLICE_X58Y23         FDRE                                         r  SEVEN_SEGMENT_DISPLAY/DIGIT_SELECTOR/count_reg[4]/C
  -------------------------------------------------------------------    -------------------
    SLICE_X58Y23         FDRE (Prop_fdre_C_Q)         0.456     5.596 r  SEVEN_SEGMENT_DISPLAY/DIGIT_SELECTOR/count_reg[4]/Q
                         net (fo=3, routed)           0.785     6.382    SEVEN_SEGMENT_DISPLAY/DIGIT_SELECTOR/count_reg[4]
    SLICE_X58Y23         CARRY4 (Prop_carry4_S[0]_CO[3])
                                                      0.656     7.038 r  SEVEN_SEGMENT_DISPLAY/DIGIT_SELECTOR/count_reg[4]_i_1/CO[3]
                         net (fo=1, routed)           0.000     7.038    SEVEN_SEGMENT_DISPLAY/DIGIT_SELECTOR/count_reg[4]_i_1_n_0
    SLICE_X58Y24         CARRY4 (Prop_carry4_CI_O[1])
                                                      0.334     7.372 r  SEVEN_SEGMENT_DISPLAY/DIGIT_SELECTOR/count_reg[8]_i_1/O[1]
                         net (fo=1, routed)           0.000     7.372    SEVEN_SEGMENT_DISPLAY/DIGIT_SELECTOR/count_reg[8]_i_1_n_6
    SLICE_X58Y24         FDRE                                         r  SEVEN_SEGMENT_DISPLAY/DIGIT_SELECTOR/count_reg[9]/D
  -------------------------------------------------------------------    -------------------

                         (clock sys_clk_pin rise edge)
                                                     10.000    10.000 r  <hidden>
    W5                                                0.000    10.000 r  clk
                         net (fo=0)                   0.000    10.000    clk
    W5                   IBUF (Prop_ibuf_I_O)         1.388    11.388 r  clk_IBUF_inst/O
                         net (fo=1, routed)           1.862    13.250    clk_IBUF
    BUFGCTRL_X0Y0        BUFG (Prop_bufg_I_O)         0.091    13.341 r  clk_IBUF_BUFG_inst/O
                         net (fo=21, routed)          1.501    14.842    SEVEN_SEGMENT_DISPLAY/DIGIT_SELECTOR/clk_IBUF_BUFG
    SLICE_X58Y24         FDRE                                         r  SEVEN_SEGMENT_DISPLAY/DIGIT_SELECTOR/count_reg[9]/C
                         clock pessimism              0.274    15.116    <hidden>
                         clock uncertainty           -0.035    15.081    <hidden>
    SLICE_X58Y24         FDRE (Setup_fdre_C_D)        0.062    15.143    SEVEN_SEGMENT_DISPLAY/DIGIT_SELECTOR/count_reg[9]
  -------------------------------------------------------------------
                         required time                         15.143    <hidden>
                         arrival time                          -7.372    <hidden>
  -------------------------------------------------------------------
                         slack                                  7.771    <hidden>





Min Delay Paths
--------------------------------------------------------------------------------------
Slack (MET) :             0.244ns  (arrival time - required time)
  Source:                 SEVEN_SEGMENT_DISPLAY/DIGIT_SELECTOR/q_reg[0]/C
                            (rising edge-triggered cell FDSE clocked by sys_clk_pin  {rise@0.000ns fall@5.000ns period=10.000ns})
  Destination:            SEVEN_SEGMENT_DISPLAY/DIGIT_SELECTOR/q_reg[1]/D
                            (rising edge-triggered cell FDSE clocked by sys_clk_pin  {rise@0.000ns fall@5.000ns period=10.000ns})
  Path Group:             sys_clk_pin
  Path Type:              Hold (Min at Fast Process Corner)
  Requirement:            0.000ns  (sys_clk_pin rise@0.000ns - sys_clk_pin rise@0.000ns)
  Data Path Delay:        0.351ns  (logic 0.183ns (52.101%)  route 0.168ns (47.899%))
  Logic Levels:           1  (LUT3=1)
  Clock Path Skew:        0.000ns (DCD - SCD - CPR)
    Destination Clock Delay (DCD):    1.975ns
    Source Clock Delay      (SCD):    1.464ns
    Clock Pessimism Removal (CPR):    0.511ns

    Location             Delay type                Incr(ns)  Path(ns)    Netlist Resource(s)
  -------------------------------------------------------------------    -------------------
                         (clock sys_clk_pin rise edge)
                                                      0.000     0.000 r  <hidden>
    W5                                                0.000     0.000 r  clk
                         net (fo=0)                   0.000     0.000    clk
    W5                   IBUF (Prop_ibuf_I_O)         0.226     0.226 r  clk_IBUF_inst/O
                         net (fo=1, routed)           0.631     0.858    clk_IBUF
    BUFGCTRL_X0Y0        BUFG (Prop_bufg_I_O)         0.026     0.884 r  clk_IBUF_BUFG_inst/O
                         net (fo=21, routed)          0.581     1.464    SEVEN_SEGMENT_DISPLAY/DIGIT_SELECTOR/clk_IBUF_BUFG
    SLICE_X59Y25         FDSE                                         r  SEVEN_SEGMENT_DISPLAY/DIGIT_SELECTOR/q_reg[0]/C
  -------------------------------------------------------------------    -------------------
    SLICE_X59Y25         FDSE (Prop_fdse_C_Q)         0.141     1.605 r  SEVEN_SEGMENT_DISPLAY/DIGIT_SELECTOR/q_reg[0]/Q
                         net (fo=13, routed)          0.168     1.773    SEVEN_SEGMENT_DISPLAY/DIGIT_SELECTOR/digit_select[0]
    SLICE_X59Y25         LUT3 (Prop_lut3_I0_O)        0.042     1.815 r  SEVEN_SEGMENT_DISPLAY/DIGIT_SELECTOR/q[1]_i_1/O
                         net (fo=1, routed)           0.000     1.815    SEVEN_SEGMENT_DISPLAY/DIGIT_SELECTOR/q[1]_i_1_n_0
    SLICE_X59Y25         FDSE                                         r  SEVEN_SEGMENT_DISPLAY/DIGIT_SELECTOR/q_reg[1]/D
  -------------------------------------------------------------------    -------------------

                         (clock sys_clk_pin rise edge)
                                                      0.000     0.000 r  <hidden>
    W5                                                0.000     0.000 r  clk
                         net (fo=0)                   0.000     0.000    clk
    W5                   IBUF (Prop_ibuf_I_O)         0.414     0.414 r  clk_IBUF_inst/O
                         net (fo=1, routed)           0.685     1.099    clk_IBUF
    BUFGCTRL_X0Y0        BUFG (Prop_bufg_I_O)         0.029     1.128 r  clk_IBUF_BUFG_inst/O
                         net (fo=21, routed)          0.848     1.975    SEVEN_SEGMENT_DISPLAY/DIGIT_SELECTOR/clk_IBUF_BUFG
    SLICE_X59Y25         FDSE                                         r  SEVEN_SEGMENT_DISPLAY/DIGIT_SELECTOR/q_reg[1]/C
                         clock pessimism             -0.511     1.464    <hidden>
    SLICE_X59Y25         FDSE (Hold_fdse_C_D)         0.107     1.571    SEVEN_SEGMENT_DISPLAY/DIGIT_SELECTOR/q_reg[1]
  -------------------------------------------------------------------
                         required time                         -1.571    <hidden>
                         arrival time                           1.815    <hidden>
  -------------------------------------------------------------------
                         slack                                  0.244    <hidden>

Slack (MET) :             0.263ns  (arrival time - required time)
  Source:                 SEVEN_SEGMENT_DISPLAY/DIGIT_SELECTOR/q_reg[0]/C
                            (rising edge-triggered cell FDSE clocked by sys_clk_pin  {rise@0.000ns fall@5.000ns period=10.000ns})
  Destination:            SEVEN_SEGMENT_DISPLAY/DIGIT_SELECTOR/q_reg[0]/D
                            (rising edge-triggered cell FDSE clocked by sys_clk_pin  {rise@0.000ns fall@5.000ns period=10.000ns})
  Path Group:             sys_clk_pin
  Path Type:              Hold (Min at Fast Process Corner)
  Requirement:            0.000ns  (sys_clk_pin rise@0.000ns - sys_clk_pin rise@0.000ns)
  Data Path Delay:        0.354ns  (logic 0.186ns (52.507%)  route 0.168ns (47.493%))
  Logic Levels:           1  (LUT4=1)
  Clock Path Skew:        0.000ns (DCD - SCD - CPR)
    Destination Clock Delay (DCD):    1.975ns
    Source Clock Delay      (SCD):    1.464ns
    Clock Pessimism Removal (CPR):    0.511ns

    Location             Delay type                Incr(ns)  Path(ns)    Netlist Resource(s)
  -------------------------------------------------------------------    -------------------
                         (clock sys_clk_pin rise edge)
                                                      0.000     0.000 r  <hidden>
    W5                                                0.000     0.000 r  clk
                         net (fo=0)                   0.000     0.000    clk
    W5                   IBUF (Prop_ibuf_I_O)         0.226     0.226 r  clk_IBUF_inst/O
                         net (fo=1, routed)           0.631     0.858    clk_IBUF
    BUFGCTRL_X0Y0        BUFG (Prop_bufg_I_O)         0.026     0.884 r  clk_IBUF_BUFG_inst/O
                         net (fo=21, routed)          0.581     1.464    SEVEN_SEGMENT_DISPLAY/DIGIT_SELECTOR/clk_IBUF_BUFG
    SLICE_X59Y25         FDSE                                         r  SEVEN_SEGMENT_DISPLAY/DIGIT_SELECTOR/q_reg[0]/C
  -------------------------------------------------------------------    -------------------
    SLICE_X59Y25         FDSE (Prop_fdse_C_Q)         0.141     1.605 r  SEVEN_SEGMENT_DISPLAY/DIGIT_SELECTOR/q_reg[0]/Q
                         net (fo=13, routed)          0.168     1.773    SEVEN_SEGMENT_DISPLAY/DIGIT_SELECTOR/digit_select[0]
    SLICE_X59Y25         LUT4 (Prop_lut4_I1_O)        0.045     1.818 r  SEVEN_SEGMENT_DISPLAY/DIGIT_SELECTOR/q[0]_i_1/O
                         net (fo=1, routed)           0.000     1.818    SEVEN_SEGMENT_DISPLAY/DIGIT_SELECTOR/q[0]_i_1_n_0
    SLICE_X59Y25         FDSE                                         r  SEVEN_SEGMENT_DISPLAY/DIGIT_SELECTOR/q_reg[0]/D
  -------------------------------------------------------------------    -------------------

                         (clock sys_clk_pin rise edge)
                                                      0.000     0.000 r  <hidden>
    W5                                                0.000     0.000 r  clk
                         net (fo=0)                   0.000     0.000    clk
    W5                   IBUF (Prop_ibuf_I_O)         0.414     0.414 r  clk_IBUF_inst/O
                         net (fo=1, routed)           0.685     1.099    clk_IBUF
    BUFGCTRL_X0Y0        BUFG (Prop_bufg_I_O)         0.029     1.128 r  clk_IBUF_BUFG_inst/O
                         net (fo=21, routed)          0.848     1.975    SEVEN_SEGMENT_DISPLAY/DIGIT_SELECTOR/clk_IBUF_BUFG
    SLICE_X59Y25         FDSE                                         r  SEVEN_SEGMENT_DISPLAY/DIGIT_SELECTOR/q_reg[0]/C
                         clock pessimism             -0.511     1.464    <hidden>
    SLICE_X59Y25         FDSE (Hold_fdse_C_D)         0.091     1.555    SEVEN_SEGMENT_DISPLAY/DIGIT_SELECTOR/q_reg[0]
  -------------------------------------------------------------------
                         required time                         -1.555    <hidden>
                         arrival time                           1.818    <hidden>
  -------------------------------------------------------------------
                         slack                                  0.263    <hidden>

Slack (MET) :             0.276ns  (arrival time - required time)
  Source:                 SEVEN_SEGMENT_DISPLAY/DIGIT_SELECTOR/q_reg[3]/C
                            (rising edge-triggered cell FDRE clocked by sys_clk_pin  {rise@0.000ns fall@5.000ns period=10.000ns})
  Destination:            SEVEN_SEGMENT_DISPLAY/DIGIT_SELECTOR/q_reg[3]/D
                            (rising edge-triggered cell FDRE clocked by sys_clk_pin  {rise@0.000ns fall@5.000ns period=10.000ns})
  Path Group:             sys_clk_pin
  Path Type:              Hold (Min at Fast Process Corner)
  Requirement:            0.000ns  (sys_clk_pin rise@0.000ns - sys_clk_pin rise@0.000ns)
  Data Path Delay:        0.367ns  (logic 0.186ns (50.750%)  route 0.181ns (49.250%))
  Logic Levels:           1  (LUT6=1)
  Clock Path Skew:        0.000ns (DCD - SCD - CPR)
    Destination Clock Delay (DCD):    1.975ns
    Source Clock Delay      (SCD):    1.464ns
    Clock Pessimism Removal (CPR):    0.511ns

    Location             Delay type                Incr(ns)  Path(ns)    Netlist Resource(s)
  -------------------------------------------------------------------    -------------------
                         (clock sys_clk_pin rise edge)
                                                      0.000     0.000 r  <hidden>
    W5                                                0.000     0.000 r  clk
                         net (fo=0)                   0.000     0.000    clk
    W5                   IBUF (Prop_ibuf_I_O)         0.226     0.226 r  clk_IBUF_inst/O
                         net (fo=1, routed)           0.631     0.858    clk_IBUF
    BUFGCTRL_X0Y0        BUFG (Prop_bufg_I_O)         0.026     0.884 r  clk_IBUF_BUFG_inst/O
                         net (fo=21, routed)          0.581     1.464    SEVEN_SEGMENT_DISPLAY/DIGIT_SELECTOR/clk_IBUF_BUFG
    SLICE_X59Y24         FDRE                                         r  SEVEN_SEGMENT_DISPLAY/DIGIT_SELECTOR/q_reg[3]/C
  -------------------------------------------------------------------    -------------------
    SLICE_X59Y24         FDRE (Prop_fdre_C_Q)         0.141     1.605 r  SEVEN_SEGMENT_DISPLAY/DIGIT_SELECTOR/q_reg[3]/Q
                         net (fo=8, routed)           0.181     1.786    SEVEN_SEGMENT_DISPLAY/DIGIT_SELECTOR/d[0]
    SLICE_X59Y24         LUT6 (Prop_lut6_I3_O)        0.045     1.831 r  SEVEN_SEGMENT_DISPLAY/DIGIT_SELECTOR/q[3]_i_1/O
                         net (fo=1, routed)           0.000     1.831    SEVEN_SEGMENT_DISPLAY/DIGIT_SELECTOR/q[3]_i_1_n_0
    SLICE_X59Y24         FDRE                                         r  SEVEN_SEGMENT_DISPLAY/DIGIT_SELECTOR/q_reg[3]/D
  -------------------------------------------------------------------    -------------------

                         (clock sys_clk_pin rise edge)
                                                      0.000     0.000 r  <hidden>
    W5                                                0.000     0.000 r  clk
                         net (fo=0)                   0.000     0.000    clk
    W5                   IBUF (Prop_ibuf_I_O)         0.414     0.414 r  clk_IBUF_inst/O
                         net (fo=1, routed)           0.685     1.099    clk_IBUF
    BUFGCTRL_X0Y0        BUFG (Prop_bufg_I_O)         0.029     1.128 r  clk_IBUF_BUFG_inst/O
                         net (fo=21, routed)          0.848     1.975    SEVEN_SEGMENT_DISPLAY/DIGIT_SELECTOR/clk_IBUF_BUFG
    SLICE_X59Y24         FDRE                                         r  SEVEN_SEGMENT_DISPLAY/DIGIT_SELECTOR/q_reg[3]/C
                         clock pessimism             -0.511     1.464    <hidden>
    SLICE_X59Y24         FDRE (Hold_fdre_C_D)         0.091     1.555    SEVEN_SEGMENT_DISPLAY/DIGIT_SELECTOR/q_reg[3]
  -------------------------------------------------------------------
                         required time                         -1.555    <hidden>
                         arrival time                           1.831    <hidden>
  -------------------------------------------------------------------
                         slack                                  0.276    <hidden>

Slack (MET) :             0.276ns  (arrival time - required time)
  Source:                 SEVEN_SEGMENT_DISPLAY/DIGIT_SELECTOR/q_reg[2]/C
                            (rising edge-triggered cell FDSE clocked by sys_clk_pin  {rise@0.000ns fall@5.000ns period=10.000ns})
  Destination:            SEVEN_SEGMENT_DISPLAY/DIGIT_SELECTOR/q_reg[2]/D
                            (rising edge-triggered cell FDSE clocked by sys_clk_pin  {rise@0.000ns fall@5.000ns period=10.000ns})
  Path Group:             sys_clk_pin
  Path Type:              Hold (Min at Fast Process Corner)
  Requirement:            0.000ns  (sys_clk_pin rise@0.000ns - sys_clk_pin rise@0.000ns)
  Data Path Delay:        0.396ns  (logic 0.209ns (52.728%)  route 0.187ns (47.272%))
  Logic Levels:           1  (LUT4=1)
  Clock Path Skew:        0.000ns (DCD - SCD - CPR)
    Destination Clock Delay (DCD):    1.975ns
    Source Clock Delay      (SCD):    1.464ns
    Clock Pessimism Removal (CPR):    0.511ns

    Location             Delay type                Incr(ns)  Path(ns)    Netlist Resource(s)
  -------------------------------------------------------------------    -------------------
                         (clock sys_clk_pin rise edge)
                                                      0.000     0.000 r  <hidden>
    W5                                                0.000     0.000 r  clk
                         net (fo=0)                   0.000     0.000    clk
    W5                   IBUF (Prop_ibuf_I_O)         0.226     0.226 r  clk_IBUF_inst/O
                         net (fo=1, routed)           0.631     0.858    clk_IBUF
    BUFGCTRL_X0Y0        BUFG (Prop_bufg_I_O)         0.026     0.884 r  clk_IBUF_BUFG_inst/O
                         net (fo=21, routed)          0.581     1.464    SEVEN_SEGMENT_DISPLAY/DIGIT_SELECTOR/clk_IBUF_BUFG
    SLICE_X60Y24         FDSE                                         r  SEVEN_SEGMENT_DISPLAY/DIGIT_SELECTOR/q_reg[2]/C
  -------------------------------------------------------------------    -------------------
    SLICE_X60Y24         FDSE (Prop_fdse_C_Q)         0.164     1.628 r  SEVEN_SEGMENT_DISPLAY/DIGIT_SELECTOR/q_reg[2]/Q
                         net (fo=8, routed)           0.187     1.816    SEVEN_SEGMENT_DISPLAY/DIGIT_SELECTOR/d[1]
    SLICE_X60Y24         LUT4 (Prop_lut4_I3_O)        0.045     1.861 r  SEVEN_SEGMENT_DISPLAY/DIGIT_SELECTOR/q[2]_i_1/O
                         net (fo=1, routed)           0.000     1.861    SEVEN_SEGMENT_DISPLAY/DIGIT_SELECTOR/q[2]_i_1_n_0
    SLICE_X60Y24         FDSE                                         r  SEVEN_SEGMENT_DISPLAY/DIGIT_SELECTOR/q_reg[2]/D
  -------------------------------------------------------------------    -------------------

                         (clock sys_clk_pin rise edge)
                                                      0.000     0.000 r  <hidden>
    W5                                                0.000     0.000 r  clk
                         net (fo=0)                   0.000     0.000    clk
    W5                   IBUF (Prop_ibuf_I_O)         0.414     0.414 r  clk_IBUF_inst/O
                         net (fo=1, routed)           0.685     1.099    clk_IBUF
    BUFGCTRL_X0Y0        BUFG (Prop_bufg_I_O)         0.029     1.128 r  clk_IBUF_BUFG_inst/O
                         net (fo=21, routed)          0.848     1.975    SEVEN_SEGMENT_DISPLAY/DIGIT_SELECTOR/clk_IBUF_BUFG
    SLICE_X60Y24         FDSE                                         r  SEVEN_SEGMENT_DISPLAY/DIGIT_SELECTOR/q_reg[2]/C
                         clock pessimism             -0.511     1.464    <hidden>
    SLICE_X60Y24         FDSE (Hold_fdse_C_D)         0.120     1.584    SEVEN_SEGMENT_DISPLAY/DIGIT_SELECTOR/q_reg[2]
  -------------------------------------------------------------------
                         required time                         -1.584    <hidden>
                         arrival time                           1.861    <hidden>
  -------------------------------------------------------------------
                         slack                                  0.276    <hidden>

Slack (MET) :             0.281ns  (arrival time - required time)
  Source:                 SEVEN_SEGMENT_DISPLAY/DIGIT_SELECTOR/count_reg[2]/C
                            (rising edge-triggered cell FDRE clocked by sys_clk_pin  {rise@0.000ns fall@5.000ns period=10.000ns})
  Destination:            SEVEN_SEGMENT_DISPLAY/DIGIT_SELECTOR/count_reg[2]/D
                            (rising edge-triggered cell FDRE clocked by sys_clk_pin  {rise@0.000ns fall@5.000ns period=10.000ns})
  Path Group:             sys_clk_pin
  Path Type:              Hold (Min at Fast Process Corner)
  Requirement:            0.000ns  (sys_clk_pin rise@0.000ns - sys_clk_pin rise@0.000ns)
  Data Path Delay:        0.386ns  (logic 0.252ns (65.354%)  route 0.134ns (34.646%))
  Logic Levels:           1  (CARRY4=1)
  Clock Path Skew:        0.000ns (DCD - SCD - CPR)
    Destination Clock Delay (DCD):    1.978ns
    Source Clock Delay      (SCD):    1.467ns
    Clock Pessimism Removal (CPR):    0.511ns

    Location             Delay type                Incr(ns)  Path(ns)    Netlist Resource(s)
  -------------------------------------------------------------------    -------------------
                         (clock sys_clk_pin rise edge)
                                                      0.000     0.000 r  <hidden>
    W5                                                0.000     0.000 r  clk
                         net (fo=0)                   0.000     0.000    clk
    W5                   IBUF (Prop_ibuf_I_O)         0.226     0.226 r  clk_IBUF_inst/O
                         net (fo=1, routed)           0.631     0.858    clk_IBUF
    BUFGCTRL_X0Y0        BUFG (Prop_bufg_I_O)         0.026     0.884 r  clk_IBUF_BUFG_inst/O
                         net (fo=21, routed)          0.584     1.467    SEVEN_SEGMENT_DISPLAY/DIGIT_SELECTOR/clk_IBUF_BUFG
    SLICE_X58Y22         FDRE                                         r  SEVEN_SEGMENT_DISPLAY/DIGIT_SELECTOR/count_reg[2]/C
  -------------------------------------------------------------------    -------------------
    SLICE_X58Y22         FDRE (Prop_fdre_C_Q)         0.141     1.608 r  SEVEN_SEGMENT_DISPLAY/DIGIT_SELECTOR/count_reg[2]/Q
                         net (fo=2, routed)           0.134     1.742    SEVEN_SEGMENT_DISPLAY/DIGIT_SELECTOR/count_reg[2]
    SLICE_X58Y22         CARRY4 (Prop_carry4_S[2]_O[2])
                                                      0.111     1.853 r  SEVEN_SEGMENT_DISPLAY/DIGIT_SELECTOR/count_reg[0]_i_1/O[2]
                         net (fo=1, routed)           0.000     1.853    SEVEN_SEGMENT_DISPLAY/DIGIT_SELECTOR/count_reg[0]_i_1_n_5
    SLICE_X58Y22         FDRE                                         r  SEVEN_SEGMENT_DISPLAY/DIGIT_SELECTOR/count_reg[2]/D
  -------------------------------------------------------------------    -------------------

                         (clock sys_clk_pin rise edge)
                                                      0.000     0.000 r  <hidden>
    W5                                                0.000     0.000 r  clk
                         net (fo=0)                   0.000     0.000    clk
    W5                   IBUF (Prop_ibuf_I_O)         0.414     0.414 r  clk_IBUF_inst/O
                         net (fo=1, routed)           0.685     1.099    clk_IBUF
    BUFGCTRL_X0Y0        BUFG (Prop_bufg_I_O)         0.029     1.128 r  clk_IBUF_BUFG_inst/O
                         net (fo=21, routed)          0.851     1.978    SEVEN_SEGMENT_DISPLAY/DIGIT_SELECTOR/clk_IBUF_BUFG
    SLICE_X58Y22         FDRE                                         r  SEVEN_SEGMENT_DISPLAY/DIGIT_SELECTOR/count_reg[2]/C
                         clock pessimism             -0.511     1.467    <hidden>
    SLICE_X58Y22         FDRE (Hold_fdre_C_D)         0.105     1.572    SEVEN_SEGMENT_DISPLAY/DIGIT_SELECTOR/count_reg[2]
  -------------------------------------------------------------------
                         required time                         -1.572    <hidden>
                         arrival time                           1.853    <hidden>
  -------------------------------------------------------------------
                         slack                                  0.281    <hidden>

Slack (MET) :             0.281ns  (arrival time - required time)
  Source:                 SEVEN_SEGMENT_DISPLAY/DIGIT_SELECTOR/count_reg[10]/C
                            (rising edge-triggered cell FDRE clocked by sys_clk_pin  {rise@0.000ns fall@5.000ns period=10.000ns})
  Destination:            SEVEN_SEGMENT_DISPLAY/DIGIT_SELECTOR/count_reg[10]/D
                            (rising edge-triggered cell FDRE clocked by sys_clk_pin  {rise@0.000ns fall@5.000ns period=10.000ns})
  Path Group:             sys_clk_pin
  Path Type:              Hold (Min at Fast Process Corner)
  Requirement:            0.000ns  (sys_clk_pin rise@0.000ns - sys_clk_pin rise@0.000ns)
  Data Path Delay:        0.386ns  (logic 0.252ns (65.354%)  route 0.134ns (34.646%))
  Logic Levels:           1  (CARRY4=1)
  Clock Path Skew:        0.000ns (DCD - SCD - CPR)
    Destination Clock Delay (DCD):    1.975ns
    Source Clock Delay      (SCD):    1.464ns
    Clock Pessimism Removal (CPR):    0.511ns

    Location             Delay type                Incr(ns)  Path(ns)    Netlist Resource(s)
  -------------------------------------------------------------------    -------------------
                         (clock sys_clk_pin rise edge)
                                                      0.000     0.000 r  <hidden>
    W5                                                0.000     0.000 r  clk
                         net (fo=0)                   0.000     0.000    clk
    W5                   IBUF (Prop_ibuf_I_O)         0.226     0.226 r  clk_IBUF_inst/O
                         net (fo=1, routed)           0.631     0.858    clk_IBUF
    BUFGCTRL_X0Y0        BUFG (Prop_bufg_I_O)         0.026     0.884 r  clk_IBUF_BUFG_inst/O
                         net (fo=21, routed)          0.581     1.464    SEVEN_SEGMENT_DISPLAY/DIGIT_SELECTOR/clk_IBUF_BUFG
    SLICE_X58Y24         FDRE                                         r  SEVEN_SEGMENT_DISPLAY/DIGIT_SELECTOR/count_reg[10]/C
  -------------------------------------------------------------------    -------------------
    SLICE_X58Y24         FDRE (Prop_fdre_C_Q)         0.141     1.605 r  SEVEN_SEGMENT_DISPLAY/DIGIT_SELECTOR/count_reg[10]/Q
                         net (fo=3, routed)           0.134     1.739    SEVEN_SEGMENT_DISPLAY/DIGIT_SELECTOR/count_reg[10]
    SLICE_X58Y24         CARRY4 (Prop_carry4_S[2]_O[2])
                                                      0.111     1.850 r  SEVEN_SEGMENT_DISPLAY/DIGIT_SELECTOR/count_reg[8]_i_1/O[2]
                         net (fo=1, routed)           0.000     1.850    SEVEN_SEGMENT_DISPLAY/DIGIT_SELECTOR/count_reg[8]_i_1_n_5
    SLICE_X58Y24         FDRE                                         r  SEVEN_SEGMENT_DISPLAY/DIGIT_SELECTOR/count_reg[10]/D
  -------------------------------------------------------------------    -------------------

                         (clock sys_clk_pin rise edge)
                                                      0.000     0.000 r  <hidden>
    W5                                                0.000     0.000 r  clk
                         net (fo=0)                   0.000     0.000    clk
    W5                   IBUF (Prop_ibuf_I_O)         0.414     0.414 r  clk_IBUF_inst/O
                         net (fo=1, routed)           0.685     1.099    clk_IBUF
    BUFGCTRL_X0Y0        BUFG (Prop_bufg_I_O)         0.029     1.128 r  clk_IBUF_BUFG_inst/O
                         net (fo=21, routed)          0.848     1.975    SEVEN_SEGMENT_DISPLAY/DIGIT_SELECTOR/clk_IBUF_BUFG
    SLICE_X58Y24         FDRE                                         r  SEVEN_SEGMENT_DISPLAY/DIGIT_SELECTOR/count_reg[10]/C
                         clock pessimism             -0.511     1.464    <hidden>
    SLICE_X58Y24         FDRE (Hold_fdre_C_D)         0.105     1.569    SEVEN_SEGMENT_DISPLAY/DIGIT_SELECTOR/count_reg[10]
  -------------------------------------------------------------------
                         required time                         -1.569    <hidden>
                         arrival time                           1.850    <hidden>
  -------------------------------------------------------------------
                         slack                                  0.281    <hidden>

Slack (MET) :             0.281ns  (arrival time - required time)
  Source:                 SEVEN_SEGMENT_DISPLAY/DIGIT_SELECTOR/count_reg[14]/C
                            (rising edge-triggered cell FDRE clocked by sys_clk_pin  {rise@0.000ns fall@5.000ns period=10.000ns})
  Destination:            SEVEN_SEGMENT_DISPLAY/DIGIT_SELECTOR/count_reg[14]/D
                            (rising edge-triggered cell FDRE clocked by sys_clk_pin  {rise@0.000ns fall@5.000ns period=10.000ns})
  Path Group:             sys_clk_pin
  Path Type:              Hold (Min at Fast Process Corner)
  Requirement:            0.000ns  (sys_clk_pin rise@0.000ns - sys_clk_pin rise@0.000ns)
  Data Path Delay:        0.386ns  (logic 0.252ns (65.343%)  route 0.134ns (34.657%))
  Logic Levels:           1  (CARRY4=1)
  Clock Path Skew:        0.000ns (DCD - SCD - CPR)
    Destination Clock Delay (DCD):    1.975ns
    Source Clock Delay      (SCD):    1.464ns
    Clock Pessimism Removal (CPR):    0.511ns

    Location             Delay type                Incr(ns)  Path(ns)    Netlist Resource(s)
  -------------------------------------------------------------------    -------------------
                         (clock sys_clk_pin rise edge)
                                                      0.000     0.000 r  <hidden>
    W5                                                0.000     0.000 r  clk
                         net (fo=0)                   0.000     0.000    clk
    W5                   IBUF (Prop_ibuf_I_O)         0.226     0.226 r  clk_IBUF_inst/O
                         net (fo=1, routed)           0.631     0.858    clk_IBUF
    BUFGCTRL_X0Y0        BUFG (Prop_bufg_I_O)         0.026     0.884 r  clk_IBUF_BUFG_inst/O
                         net (fo=21, routed)          0.581     1.464    SEVEN_SEGMENT_DISPLAY/DIGIT_SELECTOR/clk_IBUF_BUFG
    SLICE_X58Y25         FDRE                                         r  SEVEN_SEGMENT_DISPLAY/DIGIT_SELECTOR/count_reg[14]/C
  -------------------------------------------------------------------    -------------------
    SLICE_X58Y25         FDRE (Prop_fdre_C_Q)         0.141     1.605 r  SEVEN_SEGMENT_DISPLAY/DIGIT_SELECTOR/count_reg[14]/Q
                         net (fo=2, routed)           0.134     1.739    SEVEN_SEGMENT_DISPLAY/DIGIT_SELECTOR/count_reg[14]
    SLICE_X58Y25         CARRY4 (Prop_carry4_S[2]_O[2])
                                                      0.111     1.850 r  SEVEN_SEGMENT_DISPLAY/DIGIT_SELECTOR/count_reg[12]_i_1/O[2]
                         net (fo=1, routed)           0.000     1.850    SEVEN_SEGMENT_DISPLAY/DIGIT_SELECTOR/count_reg[12]_i_1_n_5
    SLICE_X58Y25         FDRE                                         r  SEVEN_SEGMENT_DISPLAY/DIGIT_SELECTOR/count_reg[14]/D
  -------------------------------------------------------------------    -------------------

                         (clock sys_clk_pin rise edge)
                                                      0.000     0.000 r  <hidden>
    W5                                                0.000     0.000 r  clk
                         net (fo=0)                   0.000     0.000    clk
    W5                   IBUF (Prop_ibuf_I_O)         0.414     0.414 r  clk_IBUF_inst/O
                         net (fo=1, routed)           0.685     1.099    clk_IBUF
    BUFGCTRL_X0Y0        BUFG (Prop_bufg_I_O)         0.029     1.128 r  clk_IBUF_BUFG_inst/O
                         net (fo=21, routed)          0.848     1.975    SEVEN_SEGMENT_DISPLAY/DIGIT_SELECTOR/clk_IBUF_BUFG
    SLICE_X58Y25         FDRE                                         r  SEVEN_SEGMENT_DISPLAY/DIGIT_SELECTOR/count_reg[14]/C
                         clock pessimism             -0.511     1.464    <hidden>
    SLICE_X58Y25         FDRE (Hold_fdre_C_D)         0.105     1.569    SEVEN_SEGMENT_DISPLAY/DIGIT_SELECTOR/count_reg[14]
  -------------------------------------------------------------------
                         required time                         -1.569    <hidden>
                         arrival time                           1.850    <hidden>
  -------------------------------------------------------------------
                         slack                                  0.281    <hidden>

Slack (MET) :             0.291ns  (arrival time - required time)
  Source:                 SEVEN_SEGMENT_DISPLAY/DIGIT_SELECTOR/count_reg[6]/C
                            (rising edge-triggered cell FDRE clocked by sys_clk_pin  {rise@0.000ns fall@5.000ns period=10.000ns})
  Destination:            SEVEN_SEGMENT_DISPLAY/DIGIT_SELECTOR/count_reg[6]/D
                            (rising edge-triggered cell FDRE clocked by sys_clk_pin  {rise@0.000ns fall@5.000ns period=10.000ns})
  Path Group:             sys_clk_pin
  Path Type:              Hold (Min at Fast Process Corner)
  Requirement:            0.000ns  (sys_clk_pin rise@0.000ns - sys_clk_pin rise@0.000ns)
  Data Path Delay:        0.396ns  (logic 0.252ns (63.690%)  route 0.144ns (36.310%))
  Logic Levels:           1  (CARRY4=1)
  Clock Path Skew:        0.000ns (DCD - SCD - CPR)
    Destination Clock Delay (DCD):    1.976ns
    Source Clock Delay      (SCD):    1.465ns
    Clock Pessimism Removal (CPR):    0.511ns

    Location             Delay type                Incr(ns)  Path(ns)    Netlist Resource(s)
  -------------------------------------------------------------------    -------------------
                         (clock sys_clk_pin rise edge)
                                                      0.000     0.000 r  <hidden>
    W5                                                0.000     0.000 r  clk
                         net (fo=0)                   0.000     0.000    clk
    W5                   IBUF (Prop_ibuf_I_O)         0.226     0.226 r  clk_IBUF_inst/O
                         net (fo=1, routed)           0.631     0.858    clk_IBUF
    BUFGCTRL_X0Y0        BUFG (Prop_bufg_I_O)         0.026     0.884 r  clk_IBUF_BUFG_inst/O
                         net (fo=21, routed)          0.582     1.465    SEVEN_SEGMENT_DISPLAY/DIGIT_SELECTOR/clk_IBUF_BUFG
    SLICE_X58Y23         FDRE                                         r  SEVEN_SEGMENT_DISPLAY/DIGIT_SELECTOR/count_reg[6]/C
  -------------------------------------------------------------------    -------------------
    SLICE_X58Y23         FDRE (Prop_fdre_C_Q)         0.141     1.606 r  SEVEN_SEGMENT_DISPLAY/DIGIT_SELECTOR/count_reg[6]/Q
                         net (fo=3, routed)           0.144     1.750    SEVEN_SEGMENT_DISPLAY/DIGIT_SELECTOR/count_reg[6]
    SLICE_X58Y23         CARRY4 (Prop_carry4_S[2]_O[2])
                                                      0.111     1.861 r  SEVEN_SEGMENT_DISPLAY/DIGIT_SELECTOR/count_reg[4]_i_1/O[2]
                         net (fo=1, routed)           0.000     1.861    SEVEN_SEGMENT_DISPLAY/DIGIT_SELECTOR/count_reg[4]_i_1_n_5
    SLICE_X58Y23         FDRE                                         r  SEVEN_SEGMENT_DISPLAY/DIGIT_SELECTOR/count_reg[6]/D
  -------------------------------------------------------------------    -------------------

                         (clock sys_clk_pin rise edge)
                                                      0.000     0.000 r  <hidden>
    W5                                                0.000     0.000 r  clk
                         net (fo=0)                   0.000     0.000    clk
    W5                   IBUF (Prop_ibuf_I_O)         0.414     0.414 r  clk_IBUF_inst/O
                         net (fo=1, routed)           0.685     1.099    clk_IBUF
    BUFGCTRL_X0Y0        BUFG (Prop_bufg_I_O)         0.029     1.128 r  clk_IBUF_BUFG_inst/O
                         net (fo=21, routed)          0.849     1.976    SEVEN_SEGMENT_DISPLAY/DIGIT_SELECTOR/clk_IBUF_BUFG
    SLICE_X58Y23         FDRE                                         r  SEVEN_SEGMENT_DISPLAY/DIGIT_SELECTOR/count_reg[6]/C
                         clock pessimism             -0.511     1.465    <hidden>
    SLICE_X58Y23         FDRE (Hold_fdre_C_D)         0.105     1.570    SEVEN_SEGMENT_DISPLAY/DIGIT_SELECTOR/count_reg[6]
  -------------------------------------------------------------------
                         required time                         -1.570    <hidden>
                         arrival time                           1.861    <hidden>
  -------------------------------------------------------------------
                         slack                                  0.291    <hidden>

Slack (MET) :             0.314ns  (arrival time - required time)
  Source:                 SEVEN_SEGMENT_DISPLAY/DIGIT_SELECTOR/count_reg[2]/C
                            (rising edge-triggered cell FDRE clocked by sys_clk_pin  {rise@0.000ns fall@5.000ns period=10.000ns})
  Destination:            SEVEN_SEGMENT_DISPLAY/DIGIT_SELECTOR/count_reg[3]/D
                            (rising edge-triggered cell FDRE clocked by sys_clk_pin  {rise@0.000ns fall@5.000ns period=10.000ns})
  Path Group:             sys_clk_pin
  Path Type:              Hold (Min at Fast Process Corner)
  Requirement:            0.000ns  (sys_clk_pin rise@0.000ns - sys_clk_pin rise@0.000ns)
  Data Path Delay:        0.419ns  (logic 0.285ns (68.085%)  route 0.134ns (31.915%))
  Logic Levels:           1  (CARRY4=1)
  Clock Path Skew:        0.000ns (DCD - SCD - CPR)
    Destination Clock Delay (DCD):    1.978ns
    Source Clock Delay      (SCD):    1.467ns
    Clock Pessimism Removal (CPR):    0.511ns

    Location             Delay type                Incr(ns)  Path(ns)    Netlist Resource(s)
  -------------------------------------------------------------------    -------------------
                         (clock sys_clk_pin rise edge)
                                                      0.000     0.000 r  <hidden>
    W5                                                0.000     0.000 r  clk
                         net (fo=0)                   0.000     0.000    clk
    W5                   IBUF (Prop_ibuf_I_O)         0.226     0.226 r  clk_IBUF_inst/O
                         net (fo=1, routed)           0.631     0.858    clk_IBUF
    BUFGCTRL_X0Y0        BUFG (Prop_bufg_I_O)         0.026     0.884 r  clk_IBUF_BUFG_inst/O
                         net (fo=21, routed)          0.584     1.467    SEVEN_SEGMENT_DISPLAY/DIGIT_SELECTOR/clk_IBUF_BUFG
    SLICE_X58Y22         FDRE                                         r  SEVEN_SEGMENT_DISPLAY/DIGIT_SELECTOR/count_reg[2]/C
  -------------------------------------------------------------------    -------------------
    SLICE_X58Y22         FDRE (Prop_fdre_C_Q)         0.141     1.608 r  SEVEN_SEGMENT_DISPLAY/DIGIT_SELECTOR/count_reg[2]/Q
                         net (fo=2, routed)           0.134     1.742    SEVEN_SEGMENT_DISPLAY/DIGIT_SELECTOR/count_reg[2]
    SLICE_X58Y22         CARRY4 (Prop_carry4_S[2]_O[3])
                                                      0.144     1.886 r  SEVEN_SEGMENT_DISPLAY/DIGIT_SELECTOR/count_reg[0]_i_1/O[3]
                         net (fo=1, routed)           0.000     1.886    SEVEN_SEGMENT_DISPLAY/DIGIT_SELECTOR/count_reg[0]_i_1_n_4
    SLICE_X58Y22         FDRE                                         r  SEVEN_SEGMENT_DISPLAY/DIGIT_SELECTOR/count_reg[3]/D
  -------------------------------------------------------------------    -------------------

                         (clock sys_clk_pin rise edge)
                                                      0.000     0.000 r  <hidden>
    W5                                                0.000     0.000 r  clk
                         net (fo=0)                   0.000     0.000    clk
    W5                   IBUF (Prop_ibuf_I_O)         0.414     0.414 r  clk_IBUF_inst/O
                         net (fo=1, routed)           0.685     1.099    clk_IBUF
    BUFGCTRL_X0Y0        BUFG (Prop_bufg_I_O)         0.029     1.128 r  clk_IBUF_BUFG_inst/O
                         net (fo=21, routed)          0.851     1.978    SEVEN_SEGMENT_DISPLAY/DIGIT_SELECTOR/clk_IBUF_BUFG
    SLICE_X58Y22         FDRE                                         r  SEVEN_SEGMENT_DISPLAY/DIGIT_SELECTOR/count_reg[3]/C
                         clock pessimism             -0.511     1.467    <hidden>
    SLICE_X58Y22         FDRE (Hold_fdre_C_D)         0.105     1.572    SEVEN_SEGMENT_DISPLAY/DIGIT_SELECTOR/count_reg[3]
  -------------------------------------------------------------------
                         required time                         -1.572    <hidden>
                         arrival time                           1.886    <hidden>
  -------------------------------------------------------------------
                         slack                                  0.314    <hidden>

Slack (MET) :             0.314ns  (arrival time - required time)
  Source:                 SEVEN_SEGMENT_DISPLAY/DIGIT_SELECTOR/count_reg[10]/C
                            (rising edge-triggered cell FDRE clocked by sys_clk_pin  {rise@0.000ns fall@5.000ns period=10.000ns})
  Destination:            SEVEN_SEGMENT_DISPLAY/DIGIT_SELECTOR/count_reg[11]/D
                            (rising edge-triggered cell FDRE clocked by sys_clk_pin  {rise@0.000ns fall@5.000ns period=10.000ns})
  Path Group:             sys_clk_pin
  Path Type:              Hold (Min at Fast Process Corner)
  Requirement:            0.000ns  (sys_clk_pin rise@0.000ns - sys_clk_pin rise@0.000ns)
  Data Path Delay:        0.419ns  (logic 0.285ns (68.085%)  route 0.134ns (31.915%))
  Logic Levels:           1  (CARRY4=1)
  Clock Path Skew:        0.000ns (DCD - SCD - CPR)
    Destination Clock Delay (DCD):    1.975ns
    Source Clock Delay      (SCD):    1.464ns
    Clock Pessimism Removal (CPR):    0.511ns

    Location             Delay type                Incr(ns)  Path(ns)    Netlist Resource(s)
  -------------------------------------------------------------------    -------------------
                         (clock sys_clk_pin rise edge)
                                                      0.000     0.000 r  <hidden>
    W5                                                0.000     0.000 r  clk
                         net (fo=0)                   0.000     0.000    clk
    W5                   IBUF (Prop_ibuf_I_O)         0.226     0.226 r  clk_IBUF_inst/O
                         net (fo=1, routed)           0.631     0.858    clk_IBUF
    BUFGCTRL_X0Y0        BUFG (Prop_bufg_I_O)         0.026     0.884 r  clk_IBUF_BUFG_inst/O
                         net (fo=21, routed)          0.581     1.464    SEVEN_SEGMENT_DISPLAY/DIGIT_SELECTOR/clk_IBUF_BUFG
    SLICE_X58Y24         FDRE                                         r  SEVEN_SEGMENT_DISPLAY/DIGIT_SELECTOR/count_reg[10]/C
  -------------------------------------------------------------------    -------------------
    SLICE_X58Y24         FDRE (Prop_fdre_C_Q)         0.141     1.605 r  SEVEN_SEGMENT_DISPLAY/DIGIT_SELECTOR/count_reg[10]/Q
                         net (fo=3, routed)           0.134     1.739    SEVEN_SEGMENT_DISPLAY/DIGIT_SELECTOR/count_reg[10]
    SLICE_X58Y24         CARRY4 (Prop_carry4_S[2]_O[3])
                                                      0.144     1.883 r  SEVEN_SEGMENT_DISPLAY/DIGIT_SELECTOR/count_reg[8]_i_1/O[3]
                         net (fo=1, routed)           0.000     1.883    SEVEN_SEGMENT_DISPLAY/DIGIT_SELECTOR/count_reg[8]_i_1_n_4
    SLICE_X58Y24         FDRE                                         r  SEVEN_SEGMENT_DISPLAY/DIGIT_SELECTOR/count_reg[11]/D
  -------------------------------------------------------------------    -------------------

                         (clock sys_clk_pin rise edge)
                                                      0.000     0.000 r  <hidden>
    W5                                                0.000     0.000 r  clk
                         net (fo=0)                   0.000     0.000    clk
    W5                   IBUF (Prop_ibuf_I_O)         0.414     0.414 r  clk_IBUF_inst/O
                         net (fo=1, routed)           0.685     1.099    clk_IBUF
    BUFGCTRL_X0Y0        BUFG (Prop_bufg_I_O)         0.029     1.128 r  clk_IBUF_BUFG_inst/O
                         net (fo=21, routed)          0.848     1.975    SEVEN_SEGMENT_DISPLAY/DIGIT_SELECTOR/clk_IBUF_BUFG
    SLICE_X58Y24         FDRE                                         r  SEVEN_SEGMENT_DISPLAY/DIGIT_SELECTOR/count_reg[11]/C
                         clock pessimism             -0.511     1.464    <hidden>
    SLICE_X58Y24         FDRE (Hold_fdre_C_D)         0.105     1.569    SEVEN_SEGMENT_DISPLAY/DIGIT_SELECTOR/count_reg[11]
  -------------------------------------------------------------------
                         required time                         -1.569    <hidden>
                         arrival time                           1.883    <hidden>
  -------------------------------------------------------------------
                         slack                                  0.314    <hidden>





Pulse Width Checks
--------------------------------------------------------------------------------------
Clock Name:         sys_clk_pin
Waveform(ns):       { 0.000 5.000 }
Period(ns):         10.000
Sources:            { clk }

Check Type        Corner  Lib Pin  Reference Pin  Required(ns)  Actual(ns)  Slack(ns)  Location       Pin
Min Period        n/a     BUFG/I   n/a            2.155         10.000      7.845      BUFGCTRL_X0Y0  clk_IBUF_BUFG_inst/I
Min Period        n/a     FDRE/C   n/a            1.000         10.000      9.000      SLICE_X58Y22   SEVEN_SEGMENT_DISPLAY/DIGIT_SELECTOR/count_reg[0]/C
Min Period        n/a     FDRE/C   n/a            1.000         10.000      9.000      SLICE_X58Y24   SEVEN_SEGMENT_DISPLAY/DIGIT_SELECTOR/count_reg[10]/C
Min Period        n/a     FDRE/C   n/a            1.000         10.000      9.000      SLICE_X58Y24   SEVEN_SEGMENT_DISPLAY/DIGIT_SELECTOR/count_reg[11]/C
Min Period        n/a     FDRE/C   n/a            1.000         10.000      9.000      SLICE_X58Y25   SEVEN_SEGMENT_DISPLAY/DIGIT_SELECTOR/count_reg[12]/C
Min Period        n/a     FDRE/C   n/a            1.000         10.000      9.000      SLICE_X58Y25   SEVEN_SEGMENT_DISPLAY/DIGIT_SELECTOR/count_reg[13]/C
Min Period        n/a     FDRE/C   n/a            1.000         10.000      9.000      SLICE_X58Y25   SEVEN_SEGMENT_DISPLAY/DIGIT_SELECTOR/count_reg[14]/C
Min Period        n/a     FDRE/C   n/a            1.000         10.000      9.000      SLICE_X58Y25   SEVEN_SEGMENT_DISPLAY/DIGIT_SELECTOR/count_reg[15]/C
Min Period        n/a     FDRE/C   n/a            1.000         10.000      9.000      SLICE_X58Y26   SEVEN_SEGMENT_DISPLAY/DIGIT_SELECTOR/count_reg[16]/C
Min Period        n/a     FDRE/C   n/a            1.000         10.000      9.000      SLICE_X58Y22   SEVEN_SEGMENT_DISPLAY/DIGIT_SELECTOR/count_reg[1]/C
Low Pulse Width   Slow    FDRE/C   n/a            0.500         5.000       4.500      SLICE_X58Y22   SEVEN_SEGMENT_DISPLAY/DIGIT_SELECTOR/count_reg[0]/C
Low Pulse Width   Fast    FDRE/C   n/a            0.500         5.000       4.500      SLICE_X58Y22   SEVEN_SEGMENT_DISPLAY/DIGIT_SELECTOR/count_reg[0]/C
Low Pulse Width   Slow    FDRE/C   n/a            0.500         5.000       4.500      SLICE_X58Y24   SEVEN_SEGMENT_DISPLAY/DIGIT_SELECTOR/count_reg[10]/C
Low Pulse Width   Fast    FDRE/C   n/a            0.500         5.000       4.500      SLICE_X58Y24   SEVEN_SEGMENT_DISPLAY/DIGIT_SELECTOR/count_reg[10]/C
Low Pulse Width   Slow    FDRE/C   n/a            0.500         5.000       4.500      SLICE_X58Y24   SEVEN_SEGMENT_DISPLAY/DIGIT_SELECTOR/count_reg[11]/C
Low Pulse Width   Fast    FDRE/C   n/a            0.500         5.000       4.500      SLICE_X58Y24   SEVEN_SEGMENT_DISPLAY/DIGIT_SELECTOR/count_reg[11]/C
Low Pulse Width   Slow    FDRE/C   n/a            0.500         5.000       4.500      SLICE_X58Y25   SEVEN_SEGMENT_DISPLAY/DIGIT_SELECTOR/count_reg[12]/C
Low Pulse Width   Fast    FDRE/C   n/a            0.500         5.000       4.500      SLICE_X58Y25   SEVEN_SEGMENT_DISPLAY/DIGIT_SELECTOR/count_reg[12]/C
Low Pulse Width   Slow    FDRE/C   n/a            0.500         5.000       4.500      SLICE_X58Y25   SEVEN_SEGMENT_DISPLAY/DIGIT_SELECTOR/count_reg[13]/C
Low Pulse Width   Fast    FDRE/C   n/a            0.500         5.000       4.500      SLICE_X58Y25   SEVEN_SEGMENT_DISPLAY/DIGIT_SELECTOR/count_reg[13]/C
High Pulse Width  Slow    FDRE/C   n/a            0.500         5.000       4.500      SLICE_X58Y22   SEVEN_SEGMENT_DISPLAY/DIGIT_SELECTOR/count_reg[0]/C
High Pulse Width  Fast    FDRE/C   n/a            0.500         5.000       4.500      SLICE_X58Y22   SEVEN_SEGMENT_DISPLAY/DIGIT_SELECTOR/count_reg[0]/C
High Pulse Width  Slow    FDRE/C   n/a            0.500         5.000       4.500      SLICE_X58Y24   SEVEN_SEGMENT_DISPLAY/DIGIT_SELECTOR/count_reg[10]/C
High Pulse Width  Fast    FDRE/C   n/a            0.500         5.000       4.500      SLICE_X58Y24   SEVEN_SEGMENT_DISPLAY/DIGIT_SELECTOR/count_reg[10]/C
High Pulse Width  Slow    FDRE/C   n/a            0.500         5.000       4.500      SLICE_X58Y24   SEVEN_SEGMENT_DISPLAY/DIGIT_SELECTOR/count_reg[11]/C
High Pulse Width  Fast    FDRE/C   n/a            0.500         5.000       4.500      SLICE_X58Y24   SEVEN_SEGMENT_DISPLAY/DIGIT_SELECTOR/count_reg[11]/C
High Pulse Width  Slow    FDRE/C   n/a            0.500         5.000       4.500      SLICE_X58Y25   SEVEN_SEGMENT_DISPLAY/DIGIT_SELECTOR/count_reg[12]/C
High Pulse Width  Fast    FDRE/C   n/a            0.500         5.000       4.500      SLICE_X58Y25   SEVEN_SEGMENT_DISPLAY/DIGIT_SELECTOR/count_reg[12]/C
High Pulse Width  Slow    FDRE/C   n/a            0.500         5.000       4.500      SLICE_X58Y25   SEVEN_SEGMENT_DISPLAY/DIGIT_SELECTOR/count_reg[13]/C
High Pulse Width  Fast    FDRE/C   n/a            0.500         5.000       4.500      SLICE_X58Y25   SEVEN_SEGMENT_DISPLAY/DIGIT_SELECTOR/count_reg[13]/C



--------------------------------------------------------------------------------------
Path Group:  (none)
From Clock:  
  To Clock:  

Max Delay            23 Endpoints
Min Delay            23 Endpoints
--------------------------------------------------------------------------------------


Max Delay Paths
--------------------------------------------------------------------------------------
Slack:                    inf
  Source:                 switches_inputs[1]
                            (input port)
  Destination:            CA
                            (output port)
  Path Group:             (none)
  Path Type:              Max at Slow Process Corner
  Data Path Delay:        12.585ns  (logic 5.456ns (43.352%)  route 7.129ns (56.648%))
  Logic Levels:           4  (IBUF=1 LUT4=1 LUT6=1 OBUF=1)

    Location             Delay type                Incr(ns)  Path(ns)    Netlist Resource(s)
  -------------------------------------------------------------------    -------------------
    V16                                               0.000     0.000 f  switches_inputs[1]
                         net (fo=0)                   0.000     0.000    switches_inputs[1]
    V16                  IBUF (Prop_ibuf_I_O)         1.461     1.461 f  switches_inputs_IBUF[1]_inst/O
                         net (fo=4, routed)           4.340     5.802    SEVEN_SEGMENT_DISPLAY/DIGIT_SELECTOR/led_OBUF[1]
    SLICE_X61Y21         LUT6 (Prop_lut6_I3_O)        0.124     5.926 r  SEVEN_SEGMENT_DISPLAY/DIGIT_SELECTOR/CA_OBUF_inst_i_5/O
                         net (fo=3, routed)           0.811     6.736    SEVEN_SEGMENT_DISPLAY/DIGIT_SELECTOR/CA_OBUF_inst_i_5_n_0
    SLICE_X63Y21         LUT4 (Prop_lut4_I3_O)        0.152     6.888 r  SEVEN_SEGMENT_DISPLAY/DIGIT_SELECTOR/CA_OBUF_inst_i_1/O
                         net (fo=1, routed)           1.978     8.867    CA_OBUF
    W7                   OBUF (Prop_obuf_I_O)         3.719    12.585 r  CA_OBUF_inst/O
                         net (fo=0)                   0.000    12.585    CA
    W7                                                                r  CA
  -------------------------------------------------------------------    -------------------

Slack:                    inf
  Source:                 switches_inputs[1]
                            (input port)
  Destination:            CF
                            (output port)
  Path Group:             (none)
  Path Type:              Max at Slow Process Corner
  Data Path Delay:        12.209ns  (logic 5.214ns (42.705%)  route 6.995ns (57.295%))
  Logic Levels:           4  (IBUF=1 LUT4=1 LUT6=1 OBUF=1)

    Location             Delay type                Incr(ns)  Path(ns)    Netlist Resource(s)
  -------------------------------------------------------------------    -------------------
    V16                                               0.000     0.000 f  switches_inputs[1]
                         net (fo=0)                   0.000     0.000    switches_inputs[1]
    V16                  IBUF (Prop_ibuf_I_O)         1.461     1.461 f  switches_inputs_IBUF[1]_inst/O
                         net (fo=4, routed)           4.340     5.802    SEVEN_SEGMENT_DISPLAY/DIGIT_SELECTOR/led_OBUF[1]
    SLICE_X61Y21         LUT6 (Prop_lut6_I3_O)        0.124     5.926 r  SEVEN_SEGMENT_DISPLAY/DIGIT_SELECTOR/CA_OBUF_inst_i_5/O
                         net (fo=3, routed)           0.811     6.736    SEVEN_SEGMENT_DISPLAY/DIGIT_SELECTOR/CA_OBUF_inst_i_5_n_0
    SLICE_X63Y21         LUT4 (Prop_lut4_I1_O)        0.124     6.860 r  SEVEN_SEGMENT_DISPLAY/DIGIT_SELECTOR/CF_OBUF_inst_i_1/O
                         net (fo=1, routed)           1.844     8.704    CF_OBUF
    V5                   OBUF (Prop_obuf_I_O)         3.504    12.209 r  CF_OBUF_inst/O
                         net (fo=0)                   0.000    12.209    CF
    V5                                                                r  CF
  -------------------------------------------------------------------    -------------------

Slack:                    inf
  Source:                 switches_inputs[1]
                            (input port)
  Destination:            CD
                            (output port)
  Path Group:             (none)
  Path Type:              Max at Slow Process Corner
  Data Path Delay:        12.065ns  (logic 5.473ns (45.362%)  route 6.592ns (54.638%))
  Logic Levels:           4  (IBUF=1 LUT4=1 LUT6=1 OBUF=1)

    Location             Delay type                Incr(ns)  Path(ns)    Netlist Resource(s)
  -------------------------------------------------------------------    -------------------
    V16                                               0.000     0.000 f  switches_inputs[1]
                         net (fo=0)                   0.000     0.000    switches_inputs[1]
    V16                  IBUF (Prop_ibuf_I_O)         1.461     1.461 f  switches_inputs_IBUF[1]_inst/O
                         net (fo=4, routed)           4.340     5.802    SEVEN_SEGMENT_DISPLAY/DIGIT_SELECTOR/led_OBUF[1]
    SLICE_X61Y21         LUT6 (Prop_lut6_I3_O)        0.124     5.926 r  SEVEN_SEGMENT_DISPLAY/DIGIT_SELECTOR/CA_OBUF_inst_i_5/O
                         net (fo=3, routed)           0.589     6.514    SEVEN_SEGMENT_DISPLAY/DIGIT_SELECTOR/CA_OBUF_inst_i_5_n_0
    SLICE_X63Y21         LUT4 (Prop_lut4_I3_O)        0.150     6.664 r  SEVEN_SEGMENT_DISPLAY/DIGIT_SELECTOR/CD_OBUF_inst_i_1/O
                         net (fo=1, routed)           1.663     8.327    CD_OBUF
    V8                   OBUF (Prop_obuf_I_O)         3.738    12.065 r  CD_OBUF_inst/O
                         net (fo=0)                   0.000    12.065    CD
    V8                                                                r  CD
  -------------------------------------------------------------------    -------------------

Slack:                    inf
  Source:                 switches_inputs[1]
                            (input port)
  Destination:            CG
                            (output port)
  Path Group:             (none)
  Path Type:              Max at Slow Process Corner
  Data Path Delay:        12.012ns  (logic 5.241ns (43.631%)  route 6.771ns (56.369%))
  Logic Levels:           4  (IBUF=1 LUT5=2 OBUF=1)

    Location             Delay type                Incr(ns)  Path(ns)    Netlist Resource(s)
  -------------------------------------------------------------------    -------------------
    V16                                               0.000     0.000 f  switches_inputs[1]
                         net (fo=0)                   0.000     0.000    switches_inputs[1]
    V16                  IBUF (Prop_ibuf_I_O)         1.461     1.461 f  switches_inputs_IBUF[1]_inst/O
                         net (fo=4, routed)           3.910     5.371    SEVEN_SEGMENT_DISPLAY/DIGIT_SELECTOR/led_OBUF[1]
    SLICE_X62Y21         LUT5 (Prop_lut5_I1_O)        0.124     5.495 r  SEVEN_SEGMENT_DISPLAY/DIGIT_SELECTOR/CE_OBUF_inst_i_2/O
                         net (fo=2, routed)           0.807     6.303    SEVEN_SEGMENT_DISPLAY/DIGIT_SELECTOR/CE_OBUF_inst_i_2_n_0
    SLICE_X62Y21         LUT5 (Prop_lut5_I3_O)        0.124     6.427 r  SEVEN_SEGMENT_DISPLAY/DIGIT_SELECTOR/CG_OBUF_inst_i_1/O
                         net (fo=1, routed)           2.053     8.480    CG_OBUF
    U7                   OBUF (Prop_obuf_I_O)         3.531    12.012 r  CG_OBUF_inst/O
                         net (fo=0)                   0.000    12.012    CG
    U7                                                                r  CG
  -------------------------------------------------------------------    -------------------

Slack:                    inf
  Source:                 switches_inputs[1]
                            (input port)
  Destination:            CB
                            (output port)
  Path Group:             (none)
  Path Type:              Max at Slow Process Corner
  Data Path Delay:        12.010ns  (logic 5.238ns (43.616%)  route 6.772ns (56.384%))
  Logic Levels:           4  (IBUF=1 LUT4=1 LUT6=1 OBUF=1)

    Location             Delay type                Incr(ns)  Path(ns)    Netlist Resource(s)
  -------------------------------------------------------------------    -------------------
    V16                                               0.000     0.000 r  switches_inputs[1]
                         net (fo=0)                   0.000     0.000    switches_inputs[1]
    V16                  IBUF (Prop_ibuf_I_O)         1.461     1.461 r  switches_inputs_IBUF[1]_inst/O
                         net (fo=4, routed)           4.345     5.807    SEVEN_SEGMENT_DISPLAY/DIGIT_SELECTOR/led_OBUF[1]
    SLICE_X61Y21         LUT6 (Prop_lut6_I2_O)        0.124     5.931 r  SEVEN_SEGMENT_DISPLAY/DIGIT_SELECTOR/CB_OBUF_inst_i_2/O
                         net (fo=2, routed)           0.605     6.535    SEVEN_SEGMENT_DISPLAY/DIGIT_SELECTOR/CB_OBUF_inst_i_2_n_0
    SLICE_X63Y21         LUT4 (Prop_lut4_I2_O)        0.124     6.659 r  SEVEN_SEGMENT_DISPLAY/DIGIT_SELECTOR/CB_OBUF_inst_i_1/O
                         net (fo=1, routed)           1.822     8.481    CB_OBUF
    W6                   OBUF (Prop_obuf_I_O)         3.529    12.010 r  CB_OBUF_inst/O
                         net (fo=0)                   0.000    12.010    CB
    W6                                                                r  CB
  -------------------------------------------------------------------    -------------------

Slack:                    inf
  Source:                 switches_inputs[1]
                            (input port)
  Destination:            CE
                            (output port)
  Path Group:             (none)
  Path Type:              Max at Slow Process Corner
  Data Path Delay:        11.815ns  (logic 5.229ns (44.257%)  route 6.586ns (55.743%))
  Logic Levels:           4  (IBUF=1 LUT5=2 OBUF=1)

    Location             Delay type                Incr(ns)  Path(ns)    Netlist Resource(s)
  -------------------------------------------------------------------    -------------------
    V16                                               0.000     0.000 f  switches_inputs[1]
                         net (fo=0)                   0.000     0.000    switches_inputs[1]
    V16                  IBUF (Prop_ibuf_I_O)         1.461     1.461 f  switches_inputs_IBUF[1]_inst/O
                         net (fo=4, routed)           3.910     5.371    SEVEN_SEGMENT_DISPLAY/DIGIT_SELECTOR/led_OBUF[1]
    SLICE_X62Y21         LUT5 (Prop_lut5_I1_O)        0.124     5.495 r  SEVEN_SEGMENT_DISPLAY/DIGIT_SELECTOR/CE_OBUF_inst_i_2/O
                         net (fo=2, routed)           0.813     6.308    SEVEN_SEGMENT_DISPLAY/DIGIT_SELECTOR/CE_OBUF_inst_i_2_n_0
    SLICE_X62Y21         LUT5 (Prop_lut5_I3_O)        0.124     6.432 r  SEVEN_SEGMENT_DISPLAY/DIGIT_SELECTOR/CE_OBUF_inst_i_1/O
                         net (fo=1, routed)           1.864     8.296    CE_OBUF
    U5                   OBUF (Prop_obuf_I_O)         3.520    11.815 r  CE_OBUF_inst/O
                         net (fo=0)                   0.000    11.815    CE
    U5                                                                r  CE
  -------------------------------------------------------------------    -------------------

Slack:                    inf
  Source:                 switches_inputs[1]
                            (input port)
  Destination:            CC
                            (output port)
  Path Group:             (none)
  Path Type:              Max at Slow Process Corner
  Data Path Delay:        11.572ns  (logic 5.244ns (45.320%)  route 6.328ns (54.680%))
  Logic Levels:           4  (IBUF=1 LUT5=1 LUT6=1 OBUF=1)

    Location             Delay type                Incr(ns)  Path(ns)    Netlist Resource(s)
  -------------------------------------------------------------------    -------------------
    V16                                               0.000     0.000 r  switches_inputs[1]
                         net (fo=0)                   0.000     0.000    switches_inputs[1]
    V16                  IBUF (Prop_ibuf_I_O)         1.461     1.461 r  switches_inputs_IBUF[1]_inst/O
                         net (fo=4, routed)           4.345     5.807    SEVEN_SEGMENT_DISPLAY/DIGIT_SELECTOR/led_OBUF[1]
    SLICE_X61Y21         LUT6 (Prop_lut6_I2_O)        0.124     5.931 r  SEVEN_SEGMENT_DISPLAY/DIGIT_SELECTOR/CB_OBUF_inst_i_2/O
                         net (fo=2, routed)           0.313     6.243    SEVEN_SEGMENT_DISPLAY/DIGIT_SELECTOR/CB_OBUF_inst_i_2_n_0
    SLICE_X62Y21         LUT5 (Prop_lut5_I4_O)        0.124     6.367 r  SEVEN_SEGMENT_DISPLAY/DIGIT_SELECTOR/CC_OBUF_inst_i_1/O
                         net (fo=1, routed)           1.670     8.037    CC_OBUF
    U8                   OBUF (Prop_obuf_I_O)         3.535    11.572 r  CC_OBUF_inst/O
                         net (fo=0)                   0.000    11.572    CC
    U8                                                                r  CC
  -------------------------------------------------------------------    -------------------

Slack:                    inf
  Source:                 switches_inputs[8]
                            (input port)
  Destination:            led[8]
                            (output port)
  Path Group:             (none)
  Path Type:              Max at Slow Process Corner
  Data Path Delay:        10.155ns  (logic 4.959ns (48.830%)  route 5.196ns (51.170%))
  Logic Levels:           2  (IBUF=1 OBUF=1)

    Location             Delay type                Incr(ns)  Path(ns)    Netlist Resource(s)
  -------------------------------------------------------------------    -------------------
    V2                                                0.000     0.000 r  switches_inputs[8]
                         net (fo=0)                   0.000     0.000    switches_inputs[8]
    V2                   IBUF (Prop_ibuf_I_O)         1.454     1.454 r  switches_inputs_IBUF[8]_inst/O
                         net (fo=2, routed)           5.196     6.651    led_OBUF[8]
    V13                  OBUF (Prop_obuf_I_O)         3.504    10.155 r  led_OBUF[8]_inst/O
                         net (fo=0)                   0.000    10.155    led[8]
    V13                                                               r  led[8]
  -------------------------------------------------------------------    -------------------

Slack:                    inf
  Source:                 switches_inputs[12]
                            (input port)
  Destination:            led[12]
                            (output port)
  Path Group:             (none)
  Path Type:              Max at Slow Process Corner
  Data Path Delay:        8.095ns  (logic 4.987ns (61.602%)  route 3.108ns (38.398%))
  Logic Levels:           2  (IBUF=1 OBUF=1)

    Location             Delay type                Incr(ns)  Path(ns)    Netlist Resource(s)
  -------------------------------------------------------------------    -------------------
    W2                                                0.000     0.000 r  switches_inputs[12]
                         net (fo=0)                   0.000     0.000    switches_inputs[12]
    W2                   IBUF (Prop_ibuf_I_O)         1.469     1.469 r  switches_inputs_IBUF[12]_inst/O
                         net (fo=2, routed)           3.108     4.577    led_OBUF[12]
    P3                   OBUF (Prop_obuf_I_O)         3.518     8.095 r  led_OBUF[12]_inst/O
                         net (fo=0)                   0.000     8.095    led[12]
    P3                                                                r  led[12]
  -------------------------------------------------------------------    -------------------

Slack:                    inf
  Source:                 switches_inputs[15]
                            (input port)
  Destination:            led[15]
                            (output port)
  Path Group:             (none)
  Path Type:              Max at Slow Process Corner
  Data Path Delay:        8.042ns  (logic 4.978ns (61.893%)  route 3.065ns (38.107%))
  Logic Levels:           2  (IBUF=1 OBUF=1)

    Location             Delay type                Incr(ns)  Path(ns)    Netlist Resource(s)
  -------------------------------------------------------------------    -------------------
    R2                                                0.000     0.000 r  switches_inputs[15]
                         net (fo=0)                   0.000     0.000    switches_inputs[15]
    R2                   IBUF (Prop_ibuf_I_O)         1.456     1.456 r  switches_inputs_IBUF[15]_inst/O
                         net (fo=2, routed)           3.065     4.521    led_OBUF[15]
    L1                   OBUF (Prop_obuf_I_O)         3.521     8.042 r  led_OBUF[15]_inst/O
                         net (fo=0)                   0.000     8.042    led[15]
    L1                                                                r  led[15]
  -------------------------------------------------------------------    -------------------





Min Delay Paths
--------------------------------------------------------------------------------------
Slack:                    inf
  Source:                 switches_inputs[5]
                            (input port)
  Destination:            led[5]
                            (output port)
  Path Group:             (none)
  Path Type:              Min at Fast Process Corner
  Data Path Delay:        1.889ns  (logic 1.450ns (76.719%)  route 0.440ns (23.281%))
  Logic Levels:           2  (IBUF=1 OBUF=1)

    Location             Delay type                Incr(ns)  Path(ns)    Netlist Resource(s)
  -------------------------------------------------------------------    -------------------
    V15                                               0.000     0.000 r  switches_inputs[5]
                         net (fo=0)                   0.000     0.000    switches_inputs[5]
    V15                  IBUF (Prop_ibuf_I_O)         0.234     0.234 r  switches_inputs_IBUF[5]_inst/O
                         net (fo=4, routed)           0.440     0.674    led_OBUF[5]
    U15                  OBUF (Prop_obuf_I_O)         1.216     1.889 r  led_OBUF[5]_inst/O
                         net (fo=0)                   0.000     1.889    led[5]
    U15                                                               r  led[5]
  -------------------------------------------------------------------    -------------------

Slack:                    inf
  Source:                 switches_inputs[6]
                            (input port)
  Destination:            led[6]
                            (output port)
  Path Group:             (none)
  Path Type:              Min at Fast Process Corner
  Data Path Delay:        1.890ns  (logic 1.425ns (75.388%)  route 0.465ns (24.612%))
  Logic Levels:           2  (IBUF=1 OBUF=1)

    Location             Delay type                Incr(ns)  Path(ns)    Netlist Resource(s)
  -------------------------------------------------------------------    -------------------
    W14                                               0.000     0.000 r  switches_inputs[6]
                         net (fo=0)                   0.000     0.000    switches_inputs[6]
    W14                  IBUF (Prop_ibuf_I_O)         0.218     0.218 r  switches_inputs_IBUF[6]_inst/O
                         net (fo=2, routed)           0.465     0.683    led_OBUF[6]
    U14                  OBUF (Prop_obuf_I_O)         1.207     1.890 r  led_OBUF[6]_inst/O
                         net (fo=0)                   0.000     1.890    led[6]
    U14                                                               r  led[6]
  -------------------------------------------------------------------    -------------------

Slack:                    inf
  Source:                 switches_inputs[0]
                            (input port)
  Destination:            led[0]
                            (output port)
  Path Group:             (none)
  Path Type:              Min at Fast Process Corner
  Data Path Delay:        1.893ns  (logic 1.427ns (75.379%)  route 0.466ns (24.621%))
  Logic Levels:           2  (IBUF=1 OBUF=1)

    Location             Delay type                Incr(ns)  Path(ns)    Netlist Resource(s)
  -------------------------------------------------------------------    -------------------
    V17                                               0.000     0.000 r  switches_inputs[0]
                         net (fo=0)                   0.000     0.000    switches_inputs[0]
    V17                  IBUF (Prop_ibuf_I_O)         0.221     0.221 r  switches_inputs_IBUF[0]_inst/O
                         net (fo=3, routed)           0.466     0.687    led_OBUF[0]
    U16                  OBUF (Prop_obuf_I_O)         1.206     1.893 r  led_OBUF[0]_inst/O
                         net (fo=0)                   0.000     1.893    led[0]
    U16                                                               r  led[0]
  -------------------------------------------------------------------    -------------------

Slack:                    inf
  Source:                 switches_inputs[7]
                            (input port)
  Destination:            led[7]
                            (output port)
  Path Group:             (none)
  Path Type:              Min at Fast Process Corner
  Data Path Delay:        1.893ns  (logic 1.429ns (75.474%)  route 0.464ns (24.526%))
  Logic Levels:           2  (IBUF=1 OBUF=1)

    Location             Delay type                Incr(ns)  Path(ns)    Netlist Resource(s)
  -------------------------------------------------------------------    -------------------
    W13                                               0.000     0.000 r  switches_inputs[7]
                         net (fo=0)                   0.000     0.000    switches_inputs[7]
    W13                  IBUF (Prop_ibuf_I_O)         0.227     0.227 r  switches_inputs_IBUF[7]_inst/O
                         net (fo=2, routed)           0.464     0.691    led_OBUF[7]
    V14                  OBUF (Prop_obuf_I_O)         1.202     1.893 r  led_OBUF[7]_inst/O
                         net (fo=0)                   0.000     1.893    led[7]
    V14                                                               r  led[7]
  -------------------------------------------------------------------    -------------------

Slack:                    inf
  Source:                 switches_inputs[9]
                            (input port)
  Destination:            led[9]
                            (output port)
  Path Group:             (none)
  Path Type:              Min at Fast Process Corner
  Data Path Delay:        1.894ns  (logic 1.430ns (75.489%)  route 0.464ns (24.511%))
  Logic Levels:           2  (IBUF=1 OBUF=1)

    Location             Delay type                Incr(ns)  Path(ns)    Netlist Resource(s)
  -------------------------------------------------------------------    -------------------
    T3                                                0.000     0.000 r  switches_inputs[9]
                         net (fo=0)                   0.000     0.000    switches_inputs[9]
    T3                   IBUF (Prop_ibuf_I_O)         0.220     0.220 r  switches_inputs_IBUF[9]_inst/O
                         net (fo=2, routed)           0.464     0.685    led_OBUF[9]
    V3                   OBUF (Prop_obuf_I_O)         1.209     1.894 r  led_OBUF[9]_inst/O
                         net (fo=0)                   0.000     1.894    led[9]
    V3                                                                r  led[9]
  -------------------------------------------------------------------    -------------------

Slack:                    inf
  Source:                 switches_inputs[3]
                            (input port)
  Destination:            led[3]
                            (output port)
  Path Group:             (none)
  Path Type:              Min at Fast Process Corner
  Data Path Delay:        1.913ns  (logic 1.427ns (74.601%)  route 0.486ns (25.399%))
  Logic Levels:           2  (IBUF=1 OBUF=1)

    Location             Delay type                Incr(ns)  Path(ns)    Netlist Resource(s)
  -------------------------------------------------------------------    -------------------
    W17                                               0.000     0.000 r  switches_inputs[3]
                         net (fo=0)                   0.000     0.000    switches_inputs[3]
    W17                  IBUF (Prop_ibuf_I_O)         0.217     0.217 r  switches_inputs_IBUF[3]_inst/O
                         net (fo=2, routed)           0.486     0.702    led_OBUF[3]
    V19                  OBUF (Prop_obuf_I_O)         1.210     1.913 r  led_OBUF[3]_inst/O
                         net (fo=0)                   0.000     1.913    led[3]
    V19                                                               r  led[3]
  -------------------------------------------------------------------    -------------------

Slack:                    inf
  Source:                 switches_inputs[2]
                            (input port)
  Destination:            led[2]
                            (output port)
  Path Group:             (none)
  Path Type:              Min at Fast Process Corner
  Data Path Delay:        1.920ns  (logic 1.434ns (74.696%)  route 0.486ns (25.304%))
  Logic Levels:           2  (IBUF=1 OBUF=1)

    Location             Delay type                Incr(ns)  Path(ns)    Netlist Resource(s)
  -------------------------------------------------------------------    -------------------
    W16                                               0.000     0.000 r  switches_inputs[2]
                         net (fo=0)                   0.000     0.000    switches_inputs[2]
    W16                  IBUF (Prop_ibuf_I_O)         0.232     0.232 r  switches_inputs_IBUF[2]_inst/O
                         net (fo=2, routed)           0.486     0.718    led_OBUF[2]
    U19                  OBUF (Prop_obuf_I_O)         1.202     1.920 r  led_OBUF[2]_inst/O
                         net (fo=0)                   0.000     1.920    led[2]
    U19                                                               r  led[2]
  -------------------------------------------------------------------    -------------------

Slack:                    inf
  Source:                 switches_inputs[4]
                            (input port)
  Destination:            led[4]
                            (output port)
  Path Group:             (none)
  Path Type:              Min at Fast Process Corner
  Data Path Delay:        1.922ns  (logic 1.429ns (74.313%)  route 0.494ns (25.687%))
  Logic Levels:           2  (IBUF=1 OBUF=1)

    Location             Delay type                Incr(ns)  Path(ns)    Netlist Resource(s)
  -------------------------------------------------------------------    -------------------
    W15                                               0.000     0.000 r  switches_inputs[4]
                         net (fo=0)                   0.000     0.000    switches_inputs[4]
    W15                  IBUF (Prop_ibuf_I_O)         0.219     0.219 r  switches_inputs_IBUF[4]_inst/O
                         net (fo=3, routed)           0.494     0.713    led_OBUF[4]
    W18                  OBUF (Prop_obuf_I_O)         1.210     1.922 r  led_OBUF[4]_inst/O
                         net (fo=0)                   0.000     1.922    led[4]
    W18                                                               r  led[4]
  -------------------------------------------------------------------    -------------------

Slack:                    inf
  Source:                 switches_inputs[10]
                            (input port)
  Destination:            led[10]
                            (output port)
  Path Group:             (none)
  Path Type:              Min at Fast Process Corner
  Data Path Delay:        1.944ns  (logic 1.452ns (74.706%)  route 0.492ns (25.294%))
  Logic Levels:           2  (IBUF=1 OBUF=1)

    Location             Delay type                Incr(ns)  Path(ns)    Netlist Resource(s)
  -------------------------------------------------------------------    -------------------
    T2                                                0.000     0.000 r  switches_inputs[10]
                         net (fo=0)                   0.000     0.000    switches_inputs[10]
    T2                   IBUF (Prop_ibuf_I_O)         0.226     0.226 r  switches_inputs_IBUF[10]_inst/O
                         net (fo=2, routed)           0.492     0.718    led_OBUF[10]
    W3                   OBUF (Prop_obuf_I_O)         1.226     1.944 r  led_OBUF[10]_inst/O
                         net (fo=0)                   0.000     1.944    led[10]
    W3                                                                r  led[10]
  -------------------------------------------------------------------    -------------------

Slack:                    inf
  Source:                 switches_inputs[14]
                            (input port)
  Destination:            led[14]
                            (output port)
  Path Group:             (none)
  Path Type:              Min at Fast Process Corner
  Data Path Delay:        2.018ns  (logic 1.440ns (71.343%)  route 0.578ns (28.657%))
  Logic Levels:           2  (IBUF=1 OBUF=1)

    Location             Delay type                Incr(ns)  Path(ns)    Netlist Resource(s)
  -------------------------------------------------------------------    -------------------
    T1                                                0.000     0.000 r  switches_inputs[14]
                         net (fo=0)                   0.000     0.000    switches_inputs[14]
    T1                   IBUF (Prop_ibuf_I_O)         0.223     0.223 r  switches_inputs_IBUF[14]_inst/O
                         net (fo=2, routed)           0.578     0.802    led_OBUF[14]
    P1                   OBUF (Prop_obuf_I_O)         1.216     2.018 r  led_OBUF[14]_inst/O
                         net (fo=0)                   0.000     2.018    led[14]
    P1                                                                r  led[14]
  -------------------------------------------------------------------    -------------------





--------------------------------------------------------------------------------------
Path Group:  (none)
From Clock:  sys_clk_pin
  To Clock:  

Max Delay            11 Endpoints
Min Delay            11 Endpoints
--------------------------------------------------------------------------------------


Max Delay Paths
--------------------------------------------------------------------------------------
Slack:                    inf
  Source:                 SEVEN_SEGMENT_DISPLAY/DIGIT_SELECTOR/q_reg[0]/C
                            (rising edge-triggered cell FDSE clocked by sys_clk_pin  {rise@0.000ns fall@5.000ns period=10.000ns})
  Destination:            CG
                            (output port)
  Path Group:             (none)
  Path Type:              Max at Slow Process Corner
  Data Path Delay:        9.745ns  (logic 4.359ns (44.735%)  route 5.386ns (55.265%))
  Logic Levels:           4  (LUT4=1 LUT5=1 LUT6=1 OBUF=1)
  Clock Uncertainty:      0.025ns  ((TSJ^2 + TIJ^2)^1/2 + DJ) / 2 + PE
    Total System Jitter     (TSJ):    0.050ns
    Total Input Jitter      (TIJ):    0.000ns
    Discrete Jitter          (DJ):    0.000ns
    Phase Error              (PE):    0.000ns

    Location             Delay type                Incr(ns)  Path(ns)    Netlist Resource(s)
  -------------------------------------------------------------------    -------------------
                         (clock sys_clk_pin rise edge)
                                                      0.000     0.000 r  <hidden>
    W5                                                0.000     0.000 r  clk
                         net (fo=0)                   0.000     0.000    clk
    W5                   IBUF (Prop_ibuf_I_O)         1.458     1.458 r  clk_IBUF_inst/O
                         net (fo=1, routed)           1.967     3.425    clk_IBUF
    BUFGCTRL_X0Y0        BUFG (Prop_bufg_I_O)         0.096     3.521 r  clk_IBUF_BUFG_inst/O
                         net (fo=21, routed)          1.617     5.138    SEVEN_SEGMENT_DISPLAY/DIGIT_SELECTOR/clk_IBUF_BUFG
    SLICE_X59Y25         FDSE                                         r  SEVEN_SEGMENT_DISPLAY/DIGIT_SELECTOR/q_reg[0]/C
  -------------------------------------------------------------------    -------------------
    SLICE_X59Y25         FDSE (Prop_fdse_C_Q)         0.456     5.594 r  SEVEN_SEGMENT_DISPLAY/DIGIT_SELECTOR/q_reg[0]/Q
                         net (fo=13, routed)          1.137     6.731    SEVEN_SEGMENT_DISPLAY/DIGIT_MUX/digit_select[0]
    SLICE_X62Y24         LUT4 (Prop_lut4_I0_O)        0.124     6.855 r  SEVEN_SEGMENT_DISPLAY/DIGIT_MUX/time_digit/O
                         net (fo=8, routed)           1.340     8.195    SEVEN_SEGMENT_DISPLAY/DIGIT_SELECTOR/CG
    SLICE_X60Y21         LUT6 (Prop_lut6_I0_O)        0.124     8.319 r  SEVEN_SEGMENT_DISPLAY/DIGIT_SELECTOR/CA_OBUF_inst_i_3/O
                         net (fo=7, routed)           0.855     9.174    SEVEN_SEGMENT_DISPLAY/DIGIT_SELECTOR/CA_OBUF_inst_i_3_n_0
    SLICE_X62Y21         LUT5 (Prop_lut5_I1_O)        0.124     9.298 r  SEVEN_SEGMENT_DISPLAY/DIGIT_SELECTOR/CG_OBUF_inst_i_1/O
                         net (fo=1, routed)           2.053    11.352    CG_OBUF
    U7                   OBUF (Prop_obuf_I_O)         3.531    14.883 r  CG_OBUF_inst/O
                         net (fo=0)                   0.000    14.883    CG
    U7                                                                r  CG
  -------------------------------------------------------------------    -------------------

Slack:                    inf
  Source:                 SEVEN_SEGMENT_DISPLAY/DIGIT_SELECTOR/q_reg[0]/C
                            (rising edge-triggered cell FDSE clocked by sys_clk_pin  {rise@0.000ns fall@5.000ns period=10.000ns})
  Destination:            CA
                            (output port)
  Path Group:             (none)
  Path Type:              Max at Slow Process Corner
  Data Path Delay:        9.712ns  (logic 4.575ns (47.104%)  route 5.137ns (52.896%))
  Logic Levels:           4  (LUT4=2 LUT6=1 OBUF=1)
  Clock Uncertainty:      0.025ns  ((TSJ^2 + TIJ^2)^1/2 + DJ) / 2 + PE
    Total System Jitter     (TSJ):    0.050ns
    Total Input Jitter      (TIJ):    0.000ns
    Discrete Jitter          (DJ):    0.000ns
    Phase Error              (PE):    0.000ns

    Location             Delay type                Incr(ns)  Path(ns)    Netlist Resource(s)
  -------------------------------------------------------------------    -------------------
                         (clock sys_clk_pin rise edge)
                                                      0.000     0.000 r  <hidden>
    W5                                                0.000     0.000 r  clk
                         net (fo=0)                   0.000     0.000    clk
    W5                   IBUF (Prop_ibuf_I_O)         1.458     1.458 r  clk_IBUF_inst/O
                         net (fo=1, routed)           1.967     3.425    clk_IBUF
    BUFGCTRL_X0Y0        BUFG (Prop_bufg_I_O)         0.096     3.521 r  clk_IBUF_BUFG_inst/O
                         net (fo=21, routed)          1.617     5.138    SEVEN_SEGMENT_DISPLAY/DIGIT_SELECTOR/clk_IBUF_BUFG
    SLICE_X59Y25         FDSE                                         r  SEVEN_SEGMENT_DISPLAY/DIGIT_SELECTOR/q_reg[0]/C
  -------------------------------------------------------------------    -------------------
    SLICE_X59Y25         FDSE (Prop_fdse_C_Q)         0.456     5.594 r  SEVEN_SEGMENT_DISPLAY/DIGIT_SELECTOR/q_reg[0]/Q
                         net (fo=13, routed)          1.137     6.731    SEVEN_SEGMENT_DISPLAY/DIGIT_MUX/digit_select[0]
    SLICE_X62Y24         LUT4 (Prop_lut4_I0_O)        0.124     6.855 r  SEVEN_SEGMENT_DISPLAY/DIGIT_MUX/time_digit/O
                         net (fo=8, routed)           1.340     8.195    SEVEN_SEGMENT_DISPLAY/DIGIT_SELECTOR/CG
    SLICE_X60Y21         LUT6 (Prop_lut6_I0_O)        0.124     8.319 r  SEVEN_SEGMENT_DISPLAY/DIGIT_SELECTOR/CA_OBUF_inst_i_3/O
                         net (fo=7, routed)           0.682     9.001    SEVEN_SEGMENT_DISPLAY/DIGIT_SELECTOR/CA_OBUF_inst_i_3_n_0
    SLICE_X63Y21         LUT4 (Prop_lut4_I1_O)        0.152     9.153 r  SEVEN_SEGMENT_DISPLAY/DIGIT_SELECTOR/CA_OBUF_inst_i_1/O
                         net (fo=1, routed)           1.978    11.132    CA_OBUF
    W7                   OBUF (Prop_obuf_I_O)         3.719    14.850 r  CA_OBUF_inst/O
                         net (fo=0)                   0.000    14.850    CA
    W7                                                                r  CA
  -------------------------------------------------------------------    -------------------

Slack:                    inf
  Source:                 SEVEN_SEGMENT_DISPLAY/DIGIT_SELECTOR/q_reg[0]/C
                            (rising edge-triggered cell FDSE clocked by sys_clk_pin  {rise@0.000ns fall@5.000ns period=10.000ns})
  Destination:            CD
                            (output port)
  Path Group:             (none)
  Path Type:              Max at Slow Process Corner
  Data Path Delay:        9.581ns  (logic 4.594ns (47.947%)  route 4.987ns (52.053%))
  Logic Levels:           4  (LUT4=2 LUT6=1 OBUF=1)
  Clock Uncertainty:      0.025ns  ((TSJ^2 + TIJ^2)^1/2 + DJ) / 2 + PE
    Total System Jitter     (TSJ):    0.050ns
    Total Input Jitter      (TIJ):    0.000ns
    Discrete Jitter          (DJ):    0.000ns
    Phase Error              (PE):    0.000ns

    Location             Delay type                Incr(ns)  Path(ns)    Netlist Resource(s)
  -------------------------------------------------------------------    -------------------
                         (clock sys_clk_pin rise edge)
                                                      0.000     0.000 r  <hidden>
    W5                                                0.000     0.000 r  clk
                         net (fo=0)                   0.000     0.000    clk
    W5                   IBUF (Prop_ibuf_I_O)         1.458     1.458 r  clk_IBUF_inst/O
                         net (fo=1, routed)           1.967     3.425    clk_IBUF
    BUFGCTRL_X0Y0        BUFG (Prop_bufg_I_O)         0.096     3.521 r  clk_IBUF_BUFG_inst/O
                         net (fo=21, routed)          1.617     5.138    SEVEN_SEGMENT_DISPLAY/DIGIT_SELECTOR/clk_IBUF_BUFG
    SLICE_X59Y25         FDSE                                         r  SEVEN_SEGMENT_DISPLAY/DIGIT_SELECTOR/q_reg[0]/C
  -------------------------------------------------------------------    -------------------
    SLICE_X59Y25         FDSE (Prop_fdse_C_Q)         0.456     5.594 r  SEVEN_SEGMENT_DISPLAY/DIGIT_SELECTOR/q_reg[0]/Q
                         net (fo=13, routed)          1.137     6.731    SEVEN_SEGMENT_DISPLAY/DIGIT_MUX/digit_select[0]
    SLICE_X62Y24         LUT4 (Prop_lut4_I0_O)        0.124     6.855 f  SEVEN_SEGMENT_DISPLAY/DIGIT_MUX/time_digit/O
                         net (fo=8, routed)           1.342     8.197    SEVEN_SEGMENT_DISPLAY/DIGIT_SELECTOR/CG
    SLICE_X60Y21         LUT6 (Prop_lut6_I5_O)        0.124     8.321 r  SEVEN_SEGMENT_DISPLAY/DIGIT_SELECTOR/CA_OBUF_inst_i_2/O
                         net (fo=7, routed)           0.845     9.166    SEVEN_SEGMENT_DISPLAY/DIGIT_SELECTOR/CA_OBUF_inst_i_2_n_0
    SLICE_X63Y21         LUT4 (Prop_lut4_I0_O)        0.152     9.318 r  SEVEN_SEGMENT_DISPLAY/DIGIT_SELECTOR/CD_OBUF_inst_i_1/O
                         net (fo=1, routed)           1.663    10.981    CD_OBUF
    V8                   OBUF (Prop_obuf_I_O)         3.738    14.719 r  CD_OBUF_inst/O
                         net (fo=0)                   0.000    14.719    CD
    V8                                                                r  CD
  -------------------------------------------------------------------    -------------------

Slack:                    inf
  Source:                 SEVEN_SEGMENT_DISPLAY/DIGIT_SELECTOR/q_reg[0]/C
                            (rising edge-triggered cell FDSE clocked by sys_clk_pin  {rise@0.000ns fall@5.000ns period=10.000ns})
  Destination:            CE
                            (output port)
  Path Group:             (none)
  Path Type:              Max at Slow Process Corner
  Data Path Delay:        9.542ns  (logic 4.348ns (45.565%)  route 5.194ns (54.435%))
  Logic Levels:           4  (LUT4=1 LUT5=1 LUT6=1 OBUF=1)
  Clock Uncertainty:      0.025ns  ((TSJ^2 + TIJ^2)^1/2 + DJ) / 2 + PE
    Total System Jitter     (TSJ):    0.050ns
    Total Input Jitter      (TIJ):    0.000ns
    Discrete Jitter          (DJ):    0.000ns
    Phase Error              (PE):    0.000ns

    Location             Delay type                Incr(ns)  Path(ns)    Netlist Resource(s)
  -------------------------------------------------------------------    -------------------
                         (clock sys_clk_pin rise edge)
                                                      0.000     0.000 r  <hidden>
    W5                                                0.000     0.000 r  clk
                         net (fo=0)                   0.000     0.000    clk
    W5                   IBUF (Prop_ibuf_I_O)         1.458     1.458 r  clk_IBUF_inst/O
                         net (fo=1, routed)           1.967     3.425    clk_IBUF
    BUFGCTRL_X0Y0        BUFG (Prop_bufg_I_O)         0.096     3.521 r  clk_IBUF_BUFG_inst/O
                         net (fo=21, routed)          1.617     5.138    SEVEN_SEGMENT_DISPLAY/DIGIT_SELECTOR/clk_IBUF_BUFG
    SLICE_X59Y25         FDSE                                         r  SEVEN_SEGMENT_DISPLAY/DIGIT_SELECTOR/q_reg[0]/C
  -------------------------------------------------------------------    -------------------
    SLICE_X59Y25         FDSE (Prop_fdse_C_Q)         0.456     5.594 r  SEVEN_SEGMENT_DISPLAY/DIGIT_SELECTOR/q_reg[0]/Q
                         net (fo=13, routed)          1.137     6.731    SEVEN_SEGMENT_DISPLAY/DIGIT_MUX/digit_select[0]
    SLICE_X62Y24         LUT4 (Prop_lut4_I0_O)        0.124     6.855 r  SEVEN_SEGMENT_DISPLAY/DIGIT_MUX/time_digit/O
                         net (fo=8, routed)           1.340     8.195    SEVEN_SEGMENT_DISPLAY/DIGIT_SELECTOR/CG
    SLICE_X60Y21         LUT6 (Prop_lut6_I0_O)        0.124     8.319 r  SEVEN_SEGMENT_DISPLAY/DIGIT_SELECTOR/CA_OBUF_inst_i_3/O
                         net (fo=7, routed)           0.854     9.173    SEVEN_SEGMENT_DISPLAY/DIGIT_SELECTOR/CA_OBUF_inst_i_3_n_0
    SLICE_X62Y21         LUT5 (Prop_lut5_I2_O)        0.124     9.297 r  SEVEN_SEGMENT_DISPLAY/DIGIT_SELECTOR/CE_OBUF_inst_i_1/O
                         net (fo=1, routed)           1.864    11.161    CE_OBUF
    U5                   OBUF (Prop_obuf_I_O)         3.520    14.680 r  CE_OBUF_inst/O
                         net (fo=0)                   0.000    14.680    CE
    U5                                                                r  CE
  -------------------------------------------------------------------    -------------------

Slack:                    inf
  Source:                 SEVEN_SEGMENT_DISPLAY/DIGIT_SELECTOR/q_reg[0]/C
                            (rising edge-triggered cell FDSE clocked by sys_clk_pin  {rise@0.000ns fall@5.000ns period=10.000ns})
  Destination:            CB
                            (output port)
  Path Group:             (none)
  Path Type:              Max at Slow Process Corner
  Data Path Delay:        9.503ns  (logic 4.357ns (45.850%)  route 5.146ns (54.150%))
  Logic Levels:           4  (LUT4=2 LUT6=1 OBUF=1)
  Clock Uncertainty:      0.025ns  ((TSJ^2 + TIJ^2)^1/2 + DJ) / 2 + PE
    Total System Jitter     (TSJ):    0.050ns
    Total Input Jitter      (TIJ):    0.000ns
    Discrete Jitter          (DJ):    0.000ns
    Phase Error              (PE):    0.000ns

    Location             Delay type                Incr(ns)  Path(ns)    Netlist Resource(s)
  -------------------------------------------------------------------    -------------------
                         (clock sys_clk_pin rise edge)
                                                      0.000     0.000 r  <hidden>
    W5                                                0.000     0.000 r  clk
                         net (fo=0)                   0.000     0.000    clk
    W5                   IBUF (Prop_ibuf_I_O)         1.458     1.458 r  clk_IBUF_inst/O
                         net (fo=1, routed)           1.967     3.425    clk_IBUF
    BUFGCTRL_X0Y0        BUFG (Prop_bufg_I_O)         0.096     3.521 r  clk_IBUF_BUFG_inst/O
                         net (fo=21, routed)          1.617     5.138    SEVEN_SEGMENT_DISPLAY/DIGIT_SELECTOR/clk_IBUF_BUFG
    SLICE_X59Y25         FDSE                                         r  SEVEN_SEGMENT_DISPLAY/DIGIT_SELECTOR/q_reg[0]/C
  -------------------------------------------------------------------    -------------------
    SLICE_X59Y25         FDSE (Prop_fdse_C_Q)         0.456     5.594 r  SEVEN_SEGMENT_DISPLAY/DIGIT_SELECTOR/q_reg[0]/Q
                         net (fo=13, routed)          1.137     6.731    SEVEN_SEGMENT_DISPLAY/DIGIT_MUX/digit_select[0]
    SLICE_X62Y24         LUT4 (Prop_lut4_I0_O)        0.124     6.855 f  SEVEN_SEGMENT_DISPLAY/DIGIT_MUX/time_digit/O
                         net (fo=8, routed)           1.342     8.197    SEVEN_SEGMENT_DISPLAY/DIGIT_SELECTOR/CG
    SLICE_X60Y21         LUT6 (Prop_lut6_I5_O)        0.124     8.321 r  SEVEN_SEGMENT_DISPLAY/DIGIT_SELECTOR/CA_OBUF_inst_i_2/O
                         net (fo=7, routed)           0.845     9.166    SEVEN_SEGMENT_DISPLAY/DIGIT_SELECTOR/CA_OBUF_inst_i_2_n_0
    SLICE_X63Y21         LUT4 (Prop_lut4_I0_O)        0.124     9.290 r  SEVEN_SEGMENT_DISPLAY/DIGIT_SELECTOR/CB_OBUF_inst_i_1/O
                         net (fo=1, routed)           1.822    11.112    CB_OBUF
    W6                   OBUF (Prop_obuf_I_O)         3.529    14.641 r  CB_OBUF_inst/O
                         net (fo=0)                   0.000    14.641    CB
    W6                                                                r  CB
  -------------------------------------------------------------------    -------------------

Slack:                    inf
  Source:                 SEVEN_SEGMENT_DISPLAY/DIGIT_SELECTOR/q_reg[0]/C
                            (rising edge-triggered cell FDSE clocked by sys_clk_pin  {rise@0.000ns fall@5.000ns period=10.000ns})
  Destination:            CF
                            (output port)
  Path Group:             (none)
  Path Type:              Max at Slow Process Corner
  Data Path Delay:        9.335ns  (logic 4.332ns (46.409%)  route 5.003ns (53.591%))
  Logic Levels:           4  (LUT4=2 LUT6=1 OBUF=1)
  Clock Uncertainty:      0.025ns  ((TSJ^2 + TIJ^2)^1/2 + DJ) / 2 + PE
    Total System Jitter     (TSJ):    0.050ns
    Total Input Jitter      (TIJ):    0.000ns
    Discrete Jitter          (DJ):    0.000ns
    Phase Error              (PE):    0.000ns

    Location             Delay type                Incr(ns)  Path(ns)    Netlist Resource(s)
  -------------------------------------------------------------------    -------------------
                         (clock sys_clk_pin rise edge)
                                                      0.000     0.000 r  <hidden>
    W5                                                0.000     0.000 r  clk
                         net (fo=0)                   0.000     0.000    clk
    W5                   IBUF (Prop_ibuf_I_O)         1.458     1.458 r  clk_IBUF_inst/O
                         net (fo=1, routed)           1.967     3.425    clk_IBUF
    BUFGCTRL_X0Y0        BUFG (Prop_bufg_I_O)         0.096     3.521 r  clk_IBUF_BUFG_inst/O
                         net (fo=21, routed)          1.617     5.138    SEVEN_SEGMENT_DISPLAY/DIGIT_SELECTOR/clk_IBUF_BUFG
    SLICE_X59Y25         FDSE                                         r  SEVEN_SEGMENT_DISPLAY/DIGIT_SELECTOR/q_reg[0]/C
  -------------------------------------------------------------------    -------------------
    SLICE_X59Y25         FDSE (Prop_fdse_C_Q)         0.456     5.594 r  SEVEN_SEGMENT_DISPLAY/DIGIT_SELECTOR/q_reg[0]/Q
                         net (fo=13, routed)          1.137     6.731    SEVEN_SEGMENT_DISPLAY/DIGIT_MUX/digit_select[0]
    SLICE_X62Y24         LUT4 (Prop_lut4_I0_O)        0.124     6.855 r  SEVEN_SEGMENT_DISPLAY/DIGIT_MUX/time_digit/O
                         net (fo=8, routed)           1.340     8.195    SEVEN_SEGMENT_DISPLAY/DIGIT_SELECTOR/CG
    SLICE_X60Y21         LUT6 (Prop_lut6_I0_O)        0.124     8.319 r  SEVEN_SEGMENT_DISPLAY/DIGIT_SELECTOR/CA_OBUF_inst_i_3/O
                         net (fo=7, routed)           0.682     9.001    SEVEN_SEGMENT_DISPLAY/DIGIT_SELECTOR/CA_OBUF_inst_i_3_n_0
    SLICE_X63Y21         LUT4 (Prop_lut4_I3_O)        0.124     9.125 r  SEVEN_SEGMENT_DISPLAY/DIGIT_SELECTOR/CF_OBUF_inst_i_1/O
                         net (fo=1, routed)           1.844    10.969    CF_OBUF
    V5                   OBUF (Prop_obuf_I_O)         3.504    14.474 r  CF_OBUF_inst/O
                         net (fo=0)                   0.000    14.474    CF
    V5                                                                r  CF
  -------------------------------------------------------------------    -------------------

Slack:                    inf
  Source:                 SEVEN_SEGMENT_DISPLAY/DIGIT_SELECTOR/q_reg[0]/C
                            (rising edge-triggered cell FDSE clocked by sys_clk_pin  {rise@0.000ns fall@5.000ns period=10.000ns})
  Destination:            CC
                            (output port)
  Path Group:             (none)
  Path Type:              Max at Slow Process Corner
  Data Path Delay:        9.134ns  (logic 4.363ns (47.770%)  route 4.771ns (52.230%))
  Logic Levels:           4  (LUT4=1 LUT5=1 LUT6=1 OBUF=1)
  Clock Uncertainty:      0.025ns  ((TSJ^2 + TIJ^2)^1/2 + DJ) / 2 + PE
    Total System Jitter     (TSJ):    0.050ns
    Total Input Jitter      (TIJ):    0.000ns
    Discrete Jitter          (DJ):    0.000ns
    Phase Error              (PE):    0.000ns

    Location             Delay type                Incr(ns)  Path(ns)    Netlist Resource(s)
  -------------------------------------------------------------------    -------------------
                         (clock sys_clk_pin rise edge)
                                                      0.000     0.000 r  <hidden>
    W5                                                0.000     0.000 r  clk
                         net (fo=0)                   0.000     0.000    clk
    W5                   IBUF (Prop_ibuf_I_O)         1.458     1.458 r  clk_IBUF_inst/O
                         net (fo=1, routed)           1.967     3.425    clk_IBUF
    BUFGCTRL_X0Y0        BUFG (Prop_bufg_I_O)         0.096     3.521 r  clk_IBUF_BUFG_inst/O
                         net (fo=21, routed)          1.617     5.138    SEVEN_SEGMENT_DISPLAY/DIGIT_SELECTOR/clk_IBUF_BUFG
    SLICE_X59Y25         FDSE                                         r  SEVEN_SEGMENT_DISPLAY/DIGIT_SELECTOR/q_reg[0]/C
  -------------------------------------------------------------------    -------------------
    SLICE_X59Y25         FDSE (Prop_fdse_C_Q)         0.456     5.594 r  SEVEN_SEGMENT_DISPLAY/DIGIT_SELECTOR/q_reg[0]/Q
                         net (fo=13, routed)          1.137     6.731    SEVEN_SEGMENT_DISPLAY/DIGIT_MUX/digit_select[0]
    SLICE_X62Y24         LUT4 (Prop_lut4_I0_O)        0.124     6.855 f  SEVEN_SEGMENT_DISPLAY/DIGIT_MUX/time_digit/O
                         net (fo=8, routed)           1.342     8.197    SEVEN_SEGMENT_DISPLAY/DIGIT_SELECTOR/CG
    SLICE_X60Y21         LUT6 (Prop_lut6_I5_O)        0.124     8.321 r  SEVEN_SEGMENT_DISPLAY/DIGIT_SELECTOR/CA_OBUF_inst_i_2/O
                         net (fo=7, routed)           0.622     8.943    SEVEN_SEGMENT_DISPLAY/DIGIT_SELECTOR/CA_OBUF_inst_i_2_n_0
    SLICE_X62Y21         LUT5 (Prop_lut5_I1_O)        0.124     9.067 r  SEVEN_SEGMENT_DISPLAY/DIGIT_SELECTOR/CC_OBUF_inst_i_1/O
                         net (fo=1, routed)           1.670    10.737    CC_OBUF
    U8                   OBUF (Prop_obuf_I_O)         3.535    14.272 r  CC_OBUF_inst/O
                         net (fo=0)                   0.000    14.272    CC
    U8                                                                r  CC
  -------------------------------------------------------------------    -------------------

Slack:                    inf
  Source:                 SEVEN_SEGMENT_DISPLAY/DIGIT_SELECTOR/q_reg[1]/C
                            (rising edge-triggered cell FDSE clocked by sys_clk_pin  {rise@0.000ns fall@5.000ns period=10.000ns})
  Destination:            AN2
                            (output port)
  Path Group:             (none)
  Path Type:              Max at Slow Process Corner
  Data Path Delay:        7.538ns  (logic 4.217ns (55.945%)  route 3.321ns (44.055%))
  Logic Levels:           2  (LUT1=1 OBUF=1)
  Clock Uncertainty:      0.025ns  ((TSJ^2 + TIJ^2)^1/2 + DJ) / 2 + PE
    Total System Jitter     (TSJ):    0.050ns
    Total Input Jitter      (TIJ):    0.000ns
    Discrete Jitter          (DJ):    0.000ns
    Phase Error              (PE):    0.000ns

    Location             Delay type                Incr(ns)  Path(ns)    Netlist Resource(s)
  -------------------------------------------------------------------    -------------------
                         (clock sys_clk_pin rise edge)
                                                      0.000     0.000 r  <hidden>
    W5                                                0.000     0.000 r  clk
                         net (fo=0)                   0.000     0.000    clk
    W5                   IBUF (Prop_ibuf_I_O)         1.458     1.458 r  clk_IBUF_inst/O
                         net (fo=1, routed)           1.967     3.425    clk_IBUF
    BUFGCTRL_X0Y0        BUFG (Prop_bufg_I_O)         0.096     3.521 r  clk_IBUF_BUFG_inst/O
                         net (fo=21, routed)          1.617     5.138    SEVEN_SEGMENT_DISPLAY/DIGIT_SELECTOR/clk_IBUF_BUFG
    SLICE_X59Y25         FDSE                                         r  SEVEN_SEGMENT_DISPLAY/DIGIT_SELECTOR/q_reg[1]/C
  -------------------------------------------------------------------    -------------------
    SLICE_X59Y25         FDSE (Prop_fdse_C_Q)         0.419     5.557 f  SEVEN_SEGMENT_DISPLAY/DIGIT_SELECTOR/q_reg[1]/Q
                         net (fo=13, routed)          1.249     6.806    SEVEN_SEGMENT_DISPLAY/DIGIT_SELECTOR/digit_select[1]
    SLICE_X61Y21         LUT1 (Prop_lut1_I0_O)        0.299     7.105 r  SEVEN_SEGMENT_DISPLAY/DIGIT_SELECTOR/AN2_OBUF_inst_i_1/O
                         net (fo=1, routed)           2.072     9.177    AN2_OBUF
    U4                   OBUF (Prop_obuf_I_O)         3.499    12.676 r  AN2_OBUF_inst/O
                         net (fo=0)                   0.000    12.676    AN2
    U4                                                                r  AN2
  -------------------------------------------------------------------    -------------------

Slack:                    inf
  Source:                 SEVEN_SEGMENT_DISPLAY/DIGIT_SELECTOR/q_reg[0]/C
                            (rising edge-triggered cell FDSE clocked by sys_clk_pin  {rise@0.000ns fall@5.000ns period=10.000ns})
  Destination:            AN1
                            (output port)
  Path Group:             (none)
  Path Type:              Max at Slow Process Corner
  Data Path Delay:        7.303ns  (logic 4.279ns (58.592%)  route 3.024ns (41.408%))
  Logic Levels:           2  (LUT1=1 OBUF=1)
  Clock Uncertainty:      0.025ns  ((TSJ^2 + TIJ^2)^1/2 + DJ) / 2 + PE
    Total System Jitter     (TSJ):    0.050ns
    Total Input Jitter      (TIJ):    0.000ns
    Discrete Jitter          (DJ):    0.000ns
    Phase Error              (PE):    0.000ns

    Location             Delay type                Incr(ns)  Path(ns)    Netlist Resource(s)
  -------------------------------------------------------------------    -------------------
                         (clock sys_clk_pin rise edge)
                                                      0.000     0.000 r  <hidden>
    W5                                                0.000     0.000 r  clk
                         net (fo=0)                   0.000     0.000    clk
    W5                   IBUF (Prop_ibuf_I_O)         1.458     1.458 r  clk_IBUF_inst/O
                         net (fo=1, routed)           1.967     3.425    clk_IBUF
    BUFGCTRL_X0Y0        BUFG (Prop_bufg_I_O)         0.096     3.521 r  clk_IBUF_BUFG_inst/O
                         net (fo=21, routed)          1.617     5.138    SEVEN_SEGMENT_DISPLAY/DIGIT_SELECTOR/clk_IBUF_BUFG
    SLICE_X59Y25         FDSE                                         r  SEVEN_SEGMENT_DISPLAY/DIGIT_SELECTOR/q_reg[0]/C
  -------------------------------------------------------------------    -------------------
    SLICE_X59Y25         FDSE (Prop_fdse_C_Q)         0.456     5.594 f  SEVEN_SEGMENT_DISPLAY/DIGIT_SELECTOR/q_reg[0]/Q
                         net (fo=13, routed)          1.077     6.672    SEVEN_SEGMENT_DISPLAY/DIGIT_SELECTOR/digit_select[0]
    SLICE_X62Y21         LUT1 (Prop_lut1_I0_O)        0.118     6.790 r  SEVEN_SEGMENT_DISPLAY/DIGIT_SELECTOR/AN1_OBUF_inst_i_1/O
                         net (fo=1, routed)           1.947     8.736    AN1_OBUF
    U2                   OBUF (Prop_obuf_I_O)         3.705    12.441 r  AN1_OBUF_inst/O
                         net (fo=0)                   0.000    12.441    AN1
    U2                                                                r  AN1
  -------------------------------------------------------------------    -------------------

Slack:                    inf
  Source:                 SEVEN_SEGMENT_DISPLAY/DIGIT_SELECTOR/q_reg[3]/C
                            (rising edge-triggered cell FDRE clocked by sys_clk_pin  {rise@0.000ns fall@5.000ns period=10.000ns})
  Destination:            AN4
                            (output port)
  Path Group:             (none)
  Path Type:              Max at Slow Process Corner
  Data Path Delay:        6.843ns  (logic 4.090ns (59.771%)  route 2.753ns (40.229%))
  Logic Levels:           2  (LUT1=1 OBUF=1)
  Clock Uncertainty:      0.025ns  ((TSJ^2 + TIJ^2)^1/2 + DJ) / 2 + PE
    Total System Jitter     (TSJ):    0.050ns
    Total Input Jitter      (TIJ):    0.000ns
    Discrete Jitter          (DJ):    0.000ns
    Phase Error              (PE):    0.000ns

    Location             Delay type                Incr(ns)  Path(ns)    Netlist Resource(s)
  -------------------------------------------------------------------    -------------------
                         (clock sys_clk_pin rise edge)
                                                      0.000     0.000 r  <hidden>
    W5                                                0.000     0.000 r  clk
                         net (fo=0)                   0.000     0.000    clk
    W5                   IBUF (Prop_ibuf_I_O)         1.458     1.458 r  clk_IBUF_inst/O
                         net (fo=1, routed)           1.967     3.425    clk_IBUF
    BUFGCTRL_X0Y0        BUFG (Prop_bufg_I_O)         0.096     3.521 r  clk_IBUF_BUFG_inst/O
                         net (fo=21, routed)          1.617     5.138    SEVEN_SEGMENT_DISPLAY/DIGIT_SELECTOR/clk_IBUF_BUFG
    SLICE_X59Y24         FDRE                                         r  SEVEN_SEGMENT_DISPLAY/DIGIT_SELECTOR/q_reg[3]/C
  -------------------------------------------------------------------    -------------------
    SLICE_X59Y24         FDRE (Prop_fdre_C_Q)         0.456     5.594 f  SEVEN_SEGMENT_DISPLAY/DIGIT_SELECTOR/q_reg[3]/Q
                         net (fo=8, routed)           1.076     6.670    SEVEN_SEGMENT_DISPLAY/DIGIT_SELECTOR/d[0]
    SLICE_X64Y26         LUT1 (Prop_lut1_I0_O)        0.124     6.794 r  SEVEN_SEGMENT_DISPLAY/DIGIT_SELECTOR/AN4_OBUF_inst_i_1/O
                         net (fo=1, routed)           1.677     8.471    AN4_OBUF
    W4                   OBUF (Prop_obuf_I_O)         3.510    11.982 r  AN4_OBUF_inst/O
                         net (fo=0)                   0.000    11.982    AN4
    W4                                                                r  AN4
  -------------------------------------------------------------------    -------------------





Min Delay Paths
--------------------------------------------------------------------------------------
Slack:                    inf
  Source:                 SEVEN_SEGMENT_DISPLAY/DIGIT_SELECTOR/q_reg[2]/C
                            (rising edge-triggered cell FDSE clocked by sys_clk_pin  {rise@0.000ns fall@5.000ns period=10.000ns})
  Destination:            AN3
                            (output port)
  Path Group:             (none)
  Path Type:              Min at Fast Process Corner
  Data Path Delay:        2.121ns  (logic 1.497ns (70.579%)  route 0.624ns (29.421%))
  Logic Levels:           2  (LUT1=1 OBUF=1)
  Clock Uncertainty:      0.025ns  ((TSJ^2 + TIJ^2)^1/2 + DJ) / 2 + PE
    Total System Jitter     (TSJ):    0.050ns
    Total Input Jitter      (TIJ):    0.000ns
    Discrete Jitter          (DJ):    0.000ns
    Phase Error              (PE):    0.000ns

    Location             Delay type                Incr(ns)  Path(ns)    Netlist Resource(s)
  -------------------------------------------------------------------    -------------------
                         (clock sys_clk_pin rise edge)
                                                      0.000     0.000 r  <hidden>
    W5                                                0.000     0.000 r  clk
                         net (fo=0)                   0.000     0.000    clk
    W5                   IBUF (Prop_ibuf_I_O)         0.226     0.226 r  clk_IBUF_inst/O
                         net (fo=1, routed)           0.631     0.858    clk_IBUF
    BUFGCTRL_X0Y0        BUFG (Prop_bufg_I_O)         0.026     0.884 r  clk_IBUF_BUFG_inst/O
                         net (fo=21, routed)          0.581     1.464    SEVEN_SEGMENT_DISPLAY/DIGIT_SELECTOR/clk_IBUF_BUFG
    SLICE_X60Y24         FDSE                                         r  SEVEN_SEGMENT_DISPLAY/DIGIT_SELECTOR/q_reg[2]/C
  -------------------------------------------------------------------    -------------------
    SLICE_X60Y24         FDSE (Prop_fdse_C_Q)         0.164     1.628 f  SEVEN_SEGMENT_DISPLAY/DIGIT_SELECTOR/q_reg[2]/Q
                         net (fo=8, routed)           0.187     1.816    SEVEN_SEGMENT_DISPLAY/DIGIT_SELECTOR/d[1]
    SLICE_X60Y24         LUT1 (Prop_lut1_I0_O)        0.043     1.859 r  SEVEN_SEGMENT_DISPLAY/DIGIT_SELECTOR/AN3_OBUF_inst_i_1/O
                         net (fo=1, routed)           0.437     2.295    AN3_OBUF
    V4                   OBUF (Prop_obuf_I_O)         1.290     3.585 r  AN3_OBUF_inst/O
                         net (fo=0)                   0.000     3.585    AN3
    V4                                                                r  AN3
  -------------------------------------------------------------------    -------------------

Slack:                    inf
  Source:                 SEVEN_SEGMENT_DISPLAY/DIGIT_SELECTOR/q_reg[3]/C
                            (rising edge-triggered cell FDRE clocked by sys_clk_pin  {rise@0.000ns fall@5.000ns period=10.000ns})
  Destination:            AN4
                            (output port)
  Path Group:             (none)
  Path Type:              Min at Fast Process Corner
  Data Path Delay:        2.167ns  (logic 1.397ns (64.473%)  route 0.770ns (35.527%))
  Logic Levels:           2  (LUT1=1 OBUF=1)
  Clock Uncertainty:      0.025ns  ((TSJ^2 + TIJ^2)^1/2 + DJ) / 2 + PE
    Total System Jitter     (TSJ):    0.050ns
    Total Input Jitter      (TIJ):    0.000ns
    Discrete Jitter          (DJ):    0.000ns
    Phase Error              (PE):    0.000ns

    Location             Delay type                Incr(ns)  Path(ns)    Netlist Resource(s)
  -------------------------------------------------------------------    -------------------
                         (clock sys_clk_pin rise edge)
                                                      0.000     0.000 r  <hidden>
    W5                                                0.000     0.000 r  clk
                         net (fo=0)                   0.000     0.000    clk
    W5                   IBUF (Prop_ibuf_I_O)         0.226     0.226 r  clk_IBUF_inst/O
                         net (fo=1, routed)           0.631     0.858    clk_IBUF
    BUFGCTRL_X0Y0        BUFG (Prop_bufg_I_O)         0.026     0.884 r  clk_IBUF_BUFG_inst/O
                         net (fo=21, routed)          0.581     1.464    SEVEN_SEGMENT_DISPLAY/DIGIT_SELECTOR/clk_IBUF_BUFG
    SLICE_X59Y24         FDRE                                         r  SEVEN_SEGMENT_DISPLAY/DIGIT_SELECTOR/q_reg[3]/C
  -------------------------------------------------------------------    -------------------
    SLICE_X59Y24         FDRE (Prop_fdre_C_Q)         0.141     1.605 f  SEVEN_SEGMENT_DISPLAY/DIGIT_SELECTOR/q_reg[3]/Q
                         net (fo=8, routed)           0.442     2.047    SEVEN_SEGMENT_DISPLAY/DIGIT_SELECTOR/d[0]
    SLICE_X64Y26         LUT1 (Prop_lut1_I0_O)        0.045     2.092 r  SEVEN_SEGMENT_DISPLAY/DIGIT_SELECTOR/AN4_OBUF_inst_i_1/O
                         net (fo=1, routed)           0.328     2.420    AN4_OBUF
    W4                   OBUF (Prop_obuf_I_O)         1.211     3.632 r  AN4_OBUF_inst/O
                         net (fo=0)                   0.000     3.632    AN4
    W4                                                                r  AN4
  -------------------------------------------------------------------    -------------------

Slack:                    inf
  Source:                 SEVEN_SEGMENT_DISPLAY/DIGIT_SELECTOR/q_reg[1]/C
                            (rising edge-triggered cell FDSE clocked by sys_clk_pin  {rise@0.000ns fall@5.000ns period=10.000ns})
  Destination:            CC
                            (output port)
  Path Group:             (none)
  Path Type:              Min at Fast Process Corner
  Data Path Delay:        2.310ns  (logic 1.508ns (65.285%)  route 0.802ns (34.715%))
  Logic Levels:           3  (LUT5=1 LUT6=1 OBUF=1)
  Clock Uncertainty:      0.025ns  ((TSJ^2 + TIJ^2)^1/2 + DJ) / 2 + PE
    Total System Jitter     (TSJ):    0.050ns
    Total Input Jitter      (TIJ):    0.000ns
    Discrete Jitter          (DJ):    0.000ns
    Phase Error              (PE):    0.000ns

    Location             Delay type                Incr(ns)  Path(ns)    Netlist Resource(s)
  -------------------------------------------------------------------    -------------------
                         (clock sys_clk_pin rise edge)
                                                      0.000     0.000 r  <hidden>
    W5                                                0.000     0.000 r  clk
                         net (fo=0)                   0.000     0.000    clk
    W5                   IBUF (Prop_ibuf_I_O)         0.226     0.226 r  clk_IBUF_inst/O
                         net (fo=1, routed)           0.631     0.858    clk_IBUF
    BUFGCTRL_X0Y0        BUFG (Prop_bufg_I_O)         0.026     0.884 r  clk_IBUF_BUFG_inst/O
                         net (fo=21, routed)          0.581     1.464    SEVEN_SEGMENT_DISPLAY/DIGIT_SELECTOR/clk_IBUF_BUFG
    SLICE_X59Y25         FDSE                                         r  SEVEN_SEGMENT_DISPLAY/DIGIT_SELECTOR/q_reg[1]/C
  -------------------------------------------------------------------    -------------------
    SLICE_X59Y25         FDSE (Prop_fdse_C_Q)         0.128     1.592 r  SEVEN_SEGMENT_DISPLAY/DIGIT_SELECTOR/q_reg[1]/Q
                         net (fo=13, routed)          0.354     1.947    SEVEN_SEGMENT_DISPLAY/DIGIT_SELECTOR/digit_select[1]
    SLICE_X61Y21         LUT6 (Prop_lut6_I3_O)        0.099     2.046 r  SEVEN_SEGMENT_DISPLAY/DIGIT_SELECTOR/CB_OBUF_inst_i_2/O
                         net (fo=2, routed)           0.124     2.169    SEVEN_SEGMENT_DISPLAY/DIGIT_SELECTOR/CB_OBUF_inst_i_2_n_0
    SLICE_X62Y21         LUT5 (Prop_lut5_I4_O)        0.045     2.214 r  SEVEN_SEGMENT_DISPLAY/DIGIT_SELECTOR/CC_OBUF_inst_i_1/O
                         net (fo=1, routed)           0.324     2.538    CC_OBUF
    U8                   OBUF (Prop_obuf_I_O)         1.236     3.774 r  CC_OBUF_inst/O
                         net (fo=0)                   0.000     3.774    CC
    U8                                                                r  CC
  -------------------------------------------------------------------    -------------------

Slack:                    inf
  Source:                 SEVEN_SEGMENT_DISPLAY/DIGIT_SELECTOR/q_reg[2]/C
                            (rising edge-triggered cell FDSE clocked by sys_clk_pin  {rise@0.000ns fall@5.000ns period=10.000ns})
  Destination:            CE
                            (output port)
  Path Group:             (none)
  Path Type:              Min at Fast Process Corner
  Data Path Delay:        2.385ns  (logic 1.475ns (61.846%)  route 0.910ns (38.154%))
  Logic Levels:           3  (LUT4=1 LUT5=1 OBUF=1)
  Clock Uncertainty:      0.025ns  ((TSJ^2 + TIJ^2)^1/2 + DJ) / 2 + PE
    Total System Jitter     (TSJ):    0.050ns
    Total Input Jitter      (TIJ):    0.000ns
    Discrete Jitter          (DJ):    0.000ns
    Phase Error              (PE):    0.000ns

    Location             Delay type                Incr(ns)  Path(ns)    Netlist Resource(s)
  -------------------------------------------------------------------    -------------------
                         (clock sys_clk_pin rise edge)
                                                      0.000     0.000 r  <hidden>
    W5                                                0.000     0.000 r  clk
                         net (fo=0)                   0.000     0.000    clk
    W5                   IBUF (Prop_ibuf_I_O)         0.226     0.226 r  clk_IBUF_inst/O
                         net (fo=1, routed)           0.631     0.858    clk_IBUF
    BUFGCTRL_X0Y0        BUFG (Prop_bufg_I_O)         0.026     0.884 r  clk_IBUF_BUFG_inst/O
                         net (fo=21, routed)          0.581     1.464    SEVEN_SEGMENT_DISPLAY/DIGIT_SELECTOR/clk_IBUF_BUFG
    SLICE_X60Y24         FDSE                                         r  SEVEN_SEGMENT_DISPLAY/DIGIT_SELECTOR/q_reg[2]/C
  -------------------------------------------------------------------    -------------------
    SLICE_X60Y24         FDSE (Prop_fdse_C_Q)         0.164     1.628 r  SEVEN_SEGMENT_DISPLAY/DIGIT_SELECTOR/q_reg[2]/Q
                         net (fo=8, routed)           0.163     1.792    SEVEN_SEGMENT_DISPLAY/DIGIT_MUX/d[1]
    SLICE_X62Y24         LUT4 (Prop_lut4_I2_O)        0.045     1.837 f  SEVEN_SEGMENT_DISPLAY/DIGIT_MUX/time_digit/O
                         net (fo=8, routed)           0.348     2.184    SEVEN_SEGMENT_DISPLAY/DIGIT_SELECTOR/CG
    SLICE_X62Y21         LUT5 (Prop_lut5_I0_O)        0.045     2.229 r  SEVEN_SEGMENT_DISPLAY/DIGIT_SELECTOR/CE_OBUF_inst_i_1/O
                         net (fo=1, routed)           0.399     2.628    CE_OBUF
    U5                   OBUF (Prop_obuf_I_O)         1.221     3.849 r  CE_OBUF_inst/O
                         net (fo=0)                   0.000     3.849    CE
    U5                                                                r  CE
  -------------------------------------------------------------------    -------------------

Slack:                    inf
  Source:                 SEVEN_SEGMENT_DISPLAY/DIGIT_SELECTOR/q_reg[0]/C
                            (rising edge-triggered cell FDSE clocked by sys_clk_pin  {rise@0.000ns fall@5.000ns period=10.000ns})
  Destination:            AN1
                            (output port)
  Path Group:             (none)
  Path Type:              Min at Fast Process Corner
  Data Path Delay:        2.394ns  (logic 1.455ns (60.778%)  route 0.939ns (39.222%))
  Logic Levels:           2  (LUT1=1 OBUF=1)
  Clock Uncertainty:      0.025ns  ((TSJ^2 + TIJ^2)^1/2 + DJ) / 2 + PE
    Total System Jitter     (TSJ):    0.050ns
    Total Input Jitter      (TIJ):    0.000ns
    Discrete Jitter          (DJ):    0.000ns
    Phase Error              (PE):    0.000ns

    Location             Delay type                Incr(ns)  Path(ns)    Netlist Resource(s)
  -------------------------------------------------------------------    -------------------
                         (clock sys_clk_pin rise edge)
                                                      0.000     0.000 r  <hidden>
    W5                                                0.000     0.000 r  clk
                         net (fo=0)                   0.000     0.000    clk
    W5                   IBUF (Prop_ibuf_I_O)         0.226     0.226 r  clk_IBUF_inst/O
                         net (fo=1, routed)           0.631     0.858    clk_IBUF
    BUFGCTRL_X0Y0        BUFG (Prop_bufg_I_O)         0.026     0.884 r  clk_IBUF_BUFG_inst/O
                         net (fo=21, routed)          0.581     1.464    SEVEN_SEGMENT_DISPLAY/DIGIT_SELECTOR/clk_IBUF_BUFG
    SLICE_X59Y25         FDSE                                         r  SEVEN_SEGMENT_DISPLAY/DIGIT_SELECTOR/q_reg[0]/C
  -------------------------------------------------------------------    -------------------
    SLICE_X59Y25         FDSE (Prop_fdse_C_Q)         0.141     1.605 f  SEVEN_SEGMENT_DISPLAY/DIGIT_SELECTOR/q_reg[0]/Q
                         net (fo=13, routed)          0.466     2.072    SEVEN_SEGMENT_DISPLAY/DIGIT_SELECTOR/digit_select[0]
    SLICE_X62Y21         LUT1 (Prop_lut1_I0_O)        0.048     2.120 r  SEVEN_SEGMENT_DISPLAY/DIGIT_SELECTOR/AN1_OBUF_inst_i_1/O
                         net (fo=1, routed)           0.473     2.592    AN1_OBUF
    U2                   OBUF (Prop_obuf_I_O)         1.266     3.858 r  AN1_OBUF_inst/O
                         net (fo=0)                   0.000     3.858    AN1
    U2                                                                r  AN1
  -------------------------------------------------------------------    -------------------

Slack:                    inf
  Source:                 SEVEN_SEGMENT_DISPLAY/DIGIT_SELECTOR/q_reg[1]/C
                            (rising edge-triggered cell FDSE clocked by sys_clk_pin  {rise@0.000ns fall@5.000ns period=10.000ns})
  Destination:            AN2
                            (output port)
  Path Group:             (none)
  Path Type:              Min at Fast Process Corner
  Data Path Delay:        2.437ns  (logic 1.427ns (58.565%)  route 1.010ns (41.435%))
  Logic Levels:           2  (LUT1=1 OBUF=1)
  Clock Uncertainty:      0.025ns  ((TSJ^2 + TIJ^2)^1/2 + DJ) / 2 + PE
    Total System Jitter     (TSJ):    0.050ns
    Total Input Jitter      (TIJ):    0.000ns
    Discrete Jitter          (DJ):    0.000ns
    Phase Error              (PE):    0.000ns

    Location             Delay type                Incr(ns)  Path(ns)    Netlist Resource(s)
  -------------------------------------------------------------------    -------------------
                         (clock sys_clk_pin rise edge)
                                                      0.000     0.000 r  <hidden>
    W5                                                0.000     0.000 r  clk
                         net (fo=0)                   0.000     0.000    clk
    W5                   IBUF (Prop_ibuf_I_O)         0.226     0.226 r  clk_IBUF_inst/O
                         net (fo=1, routed)           0.631     0.858    clk_IBUF
    BUFGCTRL_X0Y0        BUFG (Prop_bufg_I_O)         0.026     0.884 r  clk_IBUF_BUFG_inst/O
                         net (fo=21, routed)          0.581     1.464    SEVEN_SEGMENT_DISPLAY/DIGIT_SELECTOR/clk_IBUF_BUFG
    SLICE_X59Y25         FDSE                                         r  SEVEN_SEGMENT_DISPLAY/DIGIT_SELECTOR/q_reg[1]/C
  -------------------------------------------------------------------    -------------------
    SLICE_X59Y25         FDSE (Prop_fdse_C_Q)         0.128     1.592 f  SEVEN_SEGMENT_DISPLAY/DIGIT_SELECTOR/q_reg[1]/Q
                         net (fo=13, routed)          0.497     2.089    SEVEN_SEGMENT_DISPLAY/DIGIT_SELECTOR/digit_select[1]
    SLICE_X61Y21         LUT1 (Prop_lut1_I0_O)        0.099     2.188 r  SEVEN_SEGMENT_DISPLAY/DIGIT_SELECTOR/AN2_OBUF_inst_i_1/O
                         net (fo=1, routed)           0.513     2.701    AN2_OBUF
    U4                   OBUF (Prop_obuf_I_O)         1.200     3.901 r  AN2_OBUF_inst/O
                         net (fo=0)                   0.000     3.901    AN2
    U4                                                                r  AN2
  -------------------------------------------------------------------    -------------------

Slack:                    inf
  Source:                 SEVEN_SEGMENT_DISPLAY/DIGIT_SELECTOR/q_reg[1]/C
                            (rising edge-triggered cell FDSE clocked by sys_clk_pin  {rise@0.000ns fall@5.000ns period=10.000ns})
  Destination:            CB
                            (output port)
  Path Group:             (none)
  Path Type:              Min at Fast Process Corner
  Data Path Delay:        2.471ns  (logic 1.502ns (60.784%)  route 0.969ns (39.216%))
  Logic Levels:           3  (LUT4=1 LUT6=1 OBUF=1)
  Clock Uncertainty:      0.025ns  ((TSJ^2 + TIJ^2)^1/2 + DJ) / 2 + PE
    Total System Jitter     (TSJ):    0.050ns
    Total Input Jitter      (TIJ):    0.000ns
    Discrete Jitter          (DJ):    0.000ns
    Phase Error              (PE):    0.000ns

    Location             Delay type                Incr(ns)  Path(ns)    Netlist Resource(s)
  -------------------------------------------------------------------    -------------------
                         (clock sys_clk_pin rise edge)
                                                      0.000     0.000 r  <hidden>
    W5                                                0.000     0.000 r  clk
                         net (fo=0)                   0.000     0.000    clk
    W5                   IBUF (Prop_ibuf_I_O)         0.226     0.226 r  clk_IBUF_inst/O
                         net (fo=1, routed)           0.631     0.858    clk_IBUF
    BUFGCTRL_X0Y0        BUFG (Prop_bufg_I_O)         0.026     0.884 r  clk_IBUF_BUFG_inst/O
                         net (fo=21, routed)          0.581     1.464    SEVEN_SEGMENT_DISPLAY/DIGIT_SELECTOR/clk_IBUF_BUFG
    SLICE_X59Y25         FDSE                                         r  SEVEN_SEGMENT_DISPLAY/DIGIT_SELECTOR/q_reg[1]/C
  -------------------------------------------------------------------    -------------------
    SLICE_X59Y25         FDSE (Prop_fdse_C_Q)         0.128     1.592 r  SEVEN_SEGMENT_DISPLAY/DIGIT_SELECTOR/q_reg[1]/Q
                         net (fo=13, routed)          0.354     1.947    SEVEN_SEGMENT_DISPLAY/DIGIT_SELECTOR/digit_select[1]
    SLICE_X61Y21         LUT6 (Prop_lut6_I3_O)        0.099     2.046 r  SEVEN_SEGMENT_DISPLAY/DIGIT_SELECTOR/CB_OBUF_inst_i_2/O
                         net (fo=2, routed)           0.209     2.254    SEVEN_SEGMENT_DISPLAY/DIGIT_SELECTOR/CB_OBUF_inst_i_2_n_0
    SLICE_X63Y21         LUT4 (Prop_lut4_I2_O)        0.045     2.299 r  SEVEN_SEGMENT_DISPLAY/DIGIT_SELECTOR/CB_OBUF_inst_i_1/O
                         net (fo=1, routed)           0.406     2.705    CB_OBUF
    W6                   OBUF (Prop_obuf_I_O)         1.230     3.935 r  CB_OBUF_inst/O
                         net (fo=0)                   0.000     3.935    CB
    W6                                                                r  CB
  -------------------------------------------------------------------    -------------------

Slack:                    inf
  Source:                 SEVEN_SEGMENT_DISPLAY/DIGIT_SELECTOR/q_reg[0]/C
                            (rising edge-triggered cell FDSE clocked by sys_clk_pin  {rise@0.000ns fall@5.000ns period=10.000ns})
  Destination:            CD
                            (output port)
  Path Group:             (none)
  Path Type:              Min at Fast Process Corner
  Data Path Delay:        2.476ns  (logic 1.530ns (61.805%)  route 0.946ns (38.195%))
  Logic Levels:           3  (LUT4=1 LUT6=1 OBUF=1)
  Clock Uncertainty:      0.025ns  ((TSJ^2 + TIJ^2)^1/2 + DJ) / 2 + PE
    Total System Jitter     (TSJ):    0.050ns
    Total Input Jitter      (TIJ):    0.000ns
    Discrete Jitter          (DJ):    0.000ns
    Phase Error              (PE):    0.000ns

    Location             Delay type                Incr(ns)  Path(ns)    Netlist Resource(s)
  -------------------------------------------------------------------    -------------------
                         (clock sys_clk_pin rise edge)
                                                      0.000     0.000 r  <hidden>
    W5                                                0.000     0.000 r  clk
                         net (fo=0)                   0.000     0.000    clk
    W5                   IBUF (Prop_ibuf_I_O)         0.226     0.226 r  clk_IBUF_inst/O
                         net (fo=1, routed)           0.631     0.858    clk_IBUF
    BUFGCTRL_X0Y0        BUFG (Prop_bufg_I_O)         0.026     0.884 r  clk_IBUF_BUFG_inst/O
                         net (fo=21, routed)          0.581     1.464    SEVEN_SEGMENT_DISPLAY/DIGIT_SELECTOR/clk_IBUF_BUFG
    SLICE_X59Y25         FDSE                                         r  SEVEN_SEGMENT_DISPLAY/DIGIT_SELECTOR/q_reg[0]/C
  -------------------------------------------------------------------    -------------------
    SLICE_X59Y25         FDSE (Prop_fdse_C_Q)         0.141     1.605 f  SEVEN_SEGMENT_DISPLAY/DIGIT_SELECTOR/q_reg[0]/Q
                         net (fo=13, routed)          0.415     2.020    SEVEN_SEGMENT_DISPLAY/DIGIT_SELECTOR/digit_select[0]
    SLICE_X61Y21         LUT6 (Prop_lut6_I4_O)        0.045     2.065 r  SEVEN_SEGMENT_DISPLAY/DIGIT_SELECTOR/CA_OBUF_inst_i_5/O
                         net (fo=3, routed)           0.202     2.267    SEVEN_SEGMENT_DISPLAY/DIGIT_SELECTOR/CA_OBUF_inst_i_5_n_0
    SLICE_X63Y21         LUT4 (Prop_lut4_I3_O)        0.046     2.313 r  SEVEN_SEGMENT_DISPLAY/DIGIT_SELECTOR/CD_OBUF_inst_i_1/O
                         net (fo=1, routed)           0.329     2.642    CD_OBUF
    V8                   OBUF (Prop_obuf_I_O)         1.298     3.940 r  CD_OBUF_inst/O
                         net (fo=0)                   0.000     3.940    CD
    V8                                                                r  CD
  -------------------------------------------------------------------    -------------------

Slack:                    inf
  Source:                 SEVEN_SEGMENT_DISPLAY/DIGIT_SELECTOR/q_reg[2]/C
                            (rising edge-triggered cell FDSE clocked by sys_clk_pin  {rise@0.000ns fall@5.000ns period=10.000ns})
  Destination:            CG
                            (output port)
  Path Group:             (none)
  Path Type:              Min at Fast Process Corner
  Data Path Delay:        2.480ns  (logic 1.486ns (59.940%)  route 0.993ns (40.060%))
  Logic Levels:           3  (LUT4=1 LUT5=1 OBUF=1)
  Clock Uncertainty:      0.025ns  ((TSJ^2 + TIJ^2)^1/2 + DJ) / 2 + PE
    Total System Jitter     (TSJ):    0.050ns
    Total Input Jitter      (TIJ):    0.000ns
    Discrete Jitter          (DJ):    0.000ns
    Phase Error              (PE):    0.000ns

    Location             Delay type                Incr(ns)  Path(ns)    Netlist Resource(s)
  -------------------------------------------------------------------    -------------------
                         (clock sys_clk_pin rise edge)
                                                      0.000     0.000 r  <hidden>
    W5                                                0.000     0.000 r  clk
                         net (fo=0)                   0.000     0.000    clk
    W5                   IBUF (Prop_ibuf_I_O)         0.226     0.226 r  clk_IBUF_inst/O
                         net (fo=1, routed)           0.631     0.858    clk_IBUF
    BUFGCTRL_X0Y0        BUFG (Prop_bufg_I_O)         0.026     0.884 r  clk_IBUF_BUFG_inst/O
                         net (fo=21, routed)          0.581     1.464    SEVEN_SEGMENT_DISPLAY/DIGIT_SELECTOR/clk_IBUF_BUFG
    SLICE_X60Y24         FDSE                                         r  SEVEN_SEGMENT_DISPLAY/DIGIT_SELECTOR/q_reg[2]/C
  -------------------------------------------------------------------    -------------------
    SLICE_X60Y24         FDSE (Prop_fdse_C_Q)         0.164     1.628 r  SEVEN_SEGMENT_DISPLAY/DIGIT_SELECTOR/q_reg[2]/Q
                         net (fo=8, routed)           0.163     1.792    SEVEN_SEGMENT_DISPLAY/DIGIT_MUX/d[1]
    SLICE_X62Y24         LUT4 (Prop_lut4_I2_O)        0.045     1.837 r  SEVEN_SEGMENT_DISPLAY/DIGIT_MUX/time_digit/O
                         net (fo=8, routed)           0.341     2.178    SEVEN_SEGMENT_DISPLAY/DIGIT_SELECTOR/CG
    SLICE_X62Y21         LUT5 (Prop_lut5_I2_O)        0.045     2.223 r  SEVEN_SEGMENT_DISPLAY/DIGIT_SELECTOR/CG_OBUF_inst_i_1/O
                         net (fo=1, routed)           0.488     2.712    CG_OBUF
    U7                   OBUF (Prop_obuf_I_O)         1.232     3.944 r  CG_OBUF_inst/O
                         net (fo=0)                   0.000     3.944    CG
    U7                                                                r  CG
  -------------------------------------------------------------------    -------------------

Slack:                    inf
  Source:                 SEVEN_SEGMENT_DISPLAY/DIGIT_SELECTOR/q_reg[1]/C
                            (rising edge-triggered cell FDSE clocked by sys_clk_pin  {rise@0.000ns fall@5.000ns period=10.000ns})
  Destination:            CF
                            (output port)
  Path Group:             (none)
  Path Type:              Min at Fast Process Corner
  Data Path Delay:        2.486ns  (logic 1.478ns (59.437%)  route 1.008ns (40.563%))
  Logic Levels:           3  (LUT4=1 LUT6=1 OBUF=1)
  Clock Uncertainty:      0.025ns  ((TSJ^2 + TIJ^2)^1/2 + DJ) / 2 + PE
    Total System Jitter     (TSJ):    0.050ns
    Total Input Jitter      (TIJ):    0.000ns
    Discrete Jitter          (DJ):    0.000ns
    Phase Error              (PE):    0.000ns

    Location             Delay type                Incr(ns)  Path(ns)    Netlist Resource(s)
  -------------------------------------------------------------------    -------------------
                         (clock sys_clk_pin rise edge)
                                                      0.000     0.000 r  <hidden>
    W5                                                0.000     0.000 r  clk
                         net (fo=0)                   0.000     0.000    clk
    W5                   IBUF (Prop_ibuf_I_O)         0.226     0.226 r  clk_IBUF_inst/O
                         net (fo=1, routed)           0.631     0.858    clk_IBUF
    BUFGCTRL_X0Y0        BUFG (Prop_bufg_I_O)         0.026     0.884 r  clk_IBUF_BUFG_inst/O
                         net (fo=21, routed)          0.581     1.464    SEVEN_SEGMENT_DISPLAY/DIGIT_SELECTOR/clk_IBUF_BUFG
    SLICE_X59Y25         FDSE                                         r  SEVEN_SEGMENT_DISPLAY/DIGIT_SELECTOR/q_reg[1]/C
  -------------------------------------------------------------------    -------------------
    SLICE_X59Y25         FDSE (Prop_fdse_C_Q)         0.128     1.592 r  SEVEN_SEGMENT_DISPLAY/DIGIT_SELECTOR/q_reg[1]/Q
                         net (fo=13, routed)          0.356     1.949    SEVEN_SEGMENT_DISPLAY/DIGIT_SELECTOR/digit_select[1]
    SLICE_X60Y21         LUT6 (Prop_lut6_I3_O)        0.099     2.048 r  SEVEN_SEGMENT_DISPLAY/DIGIT_SELECTOR/CA_OBUF_inst_i_3/O
                         net (fo=7, routed)           0.253     2.301    SEVEN_SEGMENT_DISPLAY/DIGIT_SELECTOR/CA_OBUF_inst_i_3_n_0
    SLICE_X63Y21         LUT4 (Prop_lut4_I3_O)        0.045     2.346 r  SEVEN_SEGMENT_DISPLAY/DIGIT_SELECTOR/CF_OBUF_inst_i_1/O
                         net (fo=1, routed)           0.399     2.744    CF_OBUF
    V5                   OBUF (Prop_obuf_I_O)         1.206     3.950 r  CF_OBUF_inst/O
                         net (fo=0)                   0.000     3.950    CF
    V5                                                                r  CF
  -------------------------------------------------------------------    -------------------





--------------------------------------------------------------------------------------
Path Group:  (none)
From Clock:  
  To Clock:  sys_clk_pin

Max Delay            21 Endpoints
Min Delay            21 Endpoints
--------------------------------------------------------------------------------------


Max Delay Paths
--------------------------------------------------------------------------------------
Slack:                    inf
  Source:                 reset
                            (input port)
  Destination:            SEVEN_SEGMENT_DISPLAY/DIGIT_SELECTOR/q_reg[3]/D
                            (rising edge-triggered cell FDRE clocked by sys_clk_pin  {rise@0.000ns fall@5.000ns period=10.000ns})
  Path Group:             (none)
  Path Type:              Setup (Max at Slow Process Corner)
  Data Path Delay:        6.308ns  (logic 1.565ns (24.813%)  route 4.743ns (75.187%))
  Logic Levels:           2  (IBUF=1 LUT6=1)
  Clock Path Skew:        4.842ns (DCD - SCD + CPR)
    Destination Clock Delay (DCD):    4.842ns
    Source Clock Delay      (SCD):    0.000ns
    Clock Pessimism Removal (CPR):    0.000ns
  Clock Uncertainty:      0.025ns  ((TSJ^2 + TIJ^2)^1/2 + DJ) / 2 + PE
    Total System Jitter     (TSJ):    0.050ns
    Total Input Jitter      (TIJ):    0.000ns
    Discrete Jitter          (DJ):    0.000ns
    Phase Error              (PE):    0.000ns

    Location             Delay type                Incr(ns)  Path(ns)    Netlist Resource(s)
  -------------------------------------------------------------------    -------------------
    U18                                               0.000     0.000 r  reset
                         net (fo=0)                   0.000     0.000    reset
    U18                  IBUF (Prop_ibuf_I_O)         1.441     1.441 r  reset_IBUF_inst/O
                         net (fo=21, routed)          4.743     6.184    SEVEN_SEGMENT_DISPLAY/DIGIT_SELECTOR/reset_IBUF
    SLICE_X59Y24         LUT6 (Prop_lut6_I0_O)        0.124     6.308 r  SEVEN_SEGMENT_DISPLAY/DIGIT_SELECTOR/q[3]_i_1/O
                         net (fo=1, routed)           0.000     6.308    SEVEN_SEGMENT_DISPLAY/DIGIT_SELECTOR/q[3]_i_1_n_0
    SLICE_X59Y24         FDRE                                         r  SEVEN_SEGMENT_DISPLAY/DIGIT_SELECTOR/q_reg[3]/D
  -------------------------------------------------------------------    -------------------

                         (clock sys_clk_pin rise edge)
                                                      0.000     0.000 r  <hidden>
    W5                                                0.000     0.000 r  clk
                         net (fo=0)                   0.000     0.000    clk
    W5                   IBUF (Prop_ibuf_I_O)         1.388     1.388 r  clk_IBUF_inst/O
                         net (fo=1, routed)           1.862     3.250    clk_IBUF
    BUFGCTRL_X0Y0        BUFG (Prop_bufg_I_O)         0.091     3.341 r  clk_IBUF_BUFG_inst/O
                         net (fo=21, routed)          1.501     4.842    SEVEN_SEGMENT_DISPLAY/DIGIT_SELECTOR/clk_IBUF_BUFG
    SLICE_X59Y24         FDRE                                         r  SEVEN_SEGMENT_DISPLAY/DIGIT_SELECTOR/q_reg[3]/C

Slack:                    inf
  Source:                 reset
                            (input port)
  Destination:            SEVEN_SEGMENT_DISPLAY/DIGIT_SELECTOR/count_reg[10]/R
                            (rising edge-triggered cell FDRE clocked by sys_clk_pin  {rise@0.000ns fall@5.000ns period=10.000ns})
  Path Group:             (none)
  Path Type:              Setup (Max at Slow Process Corner)
  Data Path Delay:        5.724ns  (logic 1.441ns (25.181%)  route 4.282ns (74.819%))
  Logic Levels:           1  (IBUF=1)
  Clock Path Skew:        4.842ns (DCD - SCD + CPR)
    Destination Clock Delay (DCD):    4.842ns
    Source Clock Delay      (SCD):    0.000ns
    Clock Pessimism Removal (CPR):    0.000ns
  Clock Uncertainty:      0.025ns  ((TSJ^2 + TIJ^2)^1/2 + DJ) / 2 + PE
    Total System Jitter     (TSJ):    0.050ns
    Total Input Jitter      (TIJ):    0.000ns
    Discrete Jitter          (DJ):    0.000ns
    Phase Error              (PE):    0.000ns

    Location             Delay type                Incr(ns)  Path(ns)    Netlist Resource(s)
  -------------------------------------------------------------------    -------------------
    U18                                               0.000     0.000 r  reset
                         net (fo=0)                   0.000     0.000    reset
    U18                  IBUF (Prop_ibuf_I_O)         1.441     1.441 r  reset_IBUF_inst/O
                         net (fo=21, routed)          4.282     5.724    SEVEN_SEGMENT_DISPLAY/DIGIT_SELECTOR/reset_IBUF
    SLICE_X58Y24         FDRE                                         r  SEVEN_SEGMENT_DISPLAY/DIGIT_SELECTOR/count_reg[10]/R
  -------------------------------------------------------------------    -------------------

                         (clock sys_clk_pin rise edge)
                                                      0.000     0.000 r  <hidden>
    W5                                                0.000     0.000 r  clk
                         net (fo=0)                   0.000     0.000    clk
    W5                   IBUF (Prop_ibuf_I_O)         1.388     1.388 r  clk_IBUF_inst/O
                         net (fo=1, routed)           1.862     3.250    clk_IBUF
    BUFGCTRL_X0Y0        BUFG (Prop_bufg_I_O)         0.091     3.341 r  clk_IBUF_BUFG_inst/O
                         net (fo=21, routed)          1.501     4.842    SEVEN_SEGMENT_DISPLAY/DIGIT_SELECTOR/clk_IBUF_BUFG
    SLICE_X58Y24         FDRE                                         r  SEVEN_SEGMENT_DISPLAY/DIGIT_SELECTOR/count_reg[10]/C

Slack:                    inf
  Source:                 reset
                            (input port)
  Destination:            SEVEN_SEGMENT_DISPLAY/DIGIT_SELECTOR/count_reg[11]/R
                            (rising edge-triggered cell FDRE clocked by sys_clk_pin  {rise@0.000ns fall@5.000ns period=10.000ns})
  Path Group:             (none)
  Path Type:              Setup (Max at Slow Process Corner)
  Data Path Delay:        5.724ns  (logic 1.441ns (25.181%)  route 4.282ns (74.819%))
  Logic Levels:           1  (IBUF=1)
  Clock Path Skew:        4.842ns (DCD - SCD + CPR)
    Destination Clock Delay (DCD):    4.842ns
    Source Clock Delay      (SCD):    0.000ns
    Clock Pessimism Removal (CPR):    0.000ns
  Clock Uncertainty:      0.025ns  ((TSJ^2 + TIJ^2)^1/2 + DJ) / 2 + PE
    Total System Jitter     (TSJ):    0.050ns
    Total Input Jitter      (TIJ):    0.000ns
    Discrete Jitter          (DJ):    0.000ns
    Phase Error              (PE):    0.000ns

    Location             Delay type                Incr(ns)  Path(ns)    Netlist Resource(s)
  -------------------------------------------------------------------    -------------------
    U18                                               0.000     0.000 r  reset
                         net (fo=0)                   0.000     0.000    reset
    U18                  IBUF (Prop_ibuf_I_O)         1.441     1.441 r  reset_IBUF_inst/O
                         net (fo=21, routed)          4.282     5.724    SEVEN_SEGMENT_DISPLAY/DIGIT_SELECTOR/reset_IBUF
    SLICE_X58Y24         FDRE                                         r  SEVEN_SEGMENT_DISPLAY/DIGIT_SELECTOR/count_reg[11]/R
  -------------------------------------------------------------------    -------------------

                         (clock sys_clk_pin rise edge)
                                                      0.000     0.000 r  <hidden>
    W5                                                0.000     0.000 r  clk
                         net (fo=0)                   0.000     0.000    clk
    W5                   IBUF (Prop_ibuf_I_O)         1.388     1.388 r  clk_IBUF_inst/O
                         net (fo=1, routed)           1.862     3.250    clk_IBUF
    BUFGCTRL_X0Y0        BUFG (Prop_bufg_I_O)         0.091     3.341 r  clk_IBUF_BUFG_inst/O
                         net (fo=21, routed)          1.501     4.842    SEVEN_SEGMENT_DISPLAY/DIGIT_SELECTOR/clk_IBUF_BUFG
    SLICE_X58Y24         FDRE                                         r  SEVEN_SEGMENT_DISPLAY/DIGIT_SELECTOR/count_reg[11]/C

Slack:                    inf
  Source:                 reset
                            (input port)
  Destination:            SEVEN_SEGMENT_DISPLAY/DIGIT_SELECTOR/count_reg[8]/R
                            (rising edge-triggered cell FDRE clocked by sys_clk_pin  {rise@0.000ns fall@5.000ns period=10.000ns})
  Path Group:             (none)
  Path Type:              Setup (Max at Slow Process Corner)
  Data Path Delay:        5.724ns  (logic 1.441ns (25.181%)  route 4.282ns (74.819%))
  Logic Levels:           1  (IBUF=1)
  Clock Path Skew:        4.842ns (DCD - SCD + CPR)
    Destination Clock Delay (DCD):    4.842ns
    Source Clock Delay      (SCD):    0.000ns
    Clock Pessimism Removal (CPR):    0.000ns
  Clock Uncertainty:      0.025ns  ((TSJ^2 + TIJ^2)^1/2 + DJ) / 2 + PE
    Total System Jitter     (TSJ):    0.050ns
    Total Input Jitter      (TIJ):    0.000ns
    Discrete Jitter          (DJ):    0.000ns
    Phase Error              (PE):    0.000ns

    Location             Delay type                Incr(ns)  Path(ns)    Netlist Resource(s)
  -------------------------------------------------------------------    -------------------
    U18                                               0.000     0.000 r  reset
                         net (fo=0)                   0.000     0.000    reset
    U18                  IBUF (Prop_ibuf_I_O)         1.441     1.441 r  reset_IBUF_inst/O
                         net (fo=21, routed)          4.282     5.724    SEVEN_SEGMENT_DISPLAY/DIGIT_SELECTOR/reset_IBUF
    SLICE_X58Y24         FDRE                                         r  SEVEN_SEGMENT_DISPLAY/DIGIT_SELECTOR/count_reg[8]/R
  -------------------------------------------------------------------    -------------------

                         (clock sys_clk_pin rise edge)
                                                      0.000     0.000 r  <hidden>
    W5                                                0.000     0.000 r  clk
                         net (fo=0)                   0.000     0.000    clk
    W5                   IBUF (Prop_ibuf_I_O)         1.388     1.388 r  clk_IBUF_inst/O
                         net (fo=1, routed)           1.862     3.250    clk_IBUF
    BUFGCTRL_X0Y0        BUFG (Prop_bufg_I_O)         0.091     3.341 r  clk_IBUF_BUFG_inst/O
                         net (fo=21, routed)          1.501     4.842    SEVEN_SEGMENT_DISPLAY/DIGIT_SELECTOR/clk_IBUF_BUFG
    SLICE_X58Y24         FDRE                                         r  SEVEN_SEGMENT_DISPLAY/DIGIT_SELECTOR/count_reg[8]/C

Slack:                    inf
  Source:                 reset
                            (input port)
  Destination:            SEVEN_SEGMENT_DISPLAY/DIGIT_SELECTOR/count_reg[9]/R
                            (rising edge-triggered cell FDRE clocked by sys_clk_pin  {rise@0.000ns fall@5.000ns period=10.000ns})
  Path Group:             (none)
  Path Type:              Setup (Max at Slow Process Corner)
  Data Path Delay:        5.724ns  (logic 1.441ns (25.181%)  route 4.282ns (74.819%))
  Logic Levels:           1  (IBUF=1)
  Clock Path Skew:        4.842ns (DCD - SCD + CPR)
    Destination Clock Delay (DCD):    4.842ns
    Source Clock Delay      (SCD):    0.000ns
    Clock Pessimism Removal (CPR):    0.000ns
  Clock Uncertainty:      0.025ns  ((TSJ^2 + TIJ^2)^1/2 + DJ) / 2 + PE
    Total System Jitter     (TSJ):    0.050ns
    Total Input Jitter      (TIJ):    0.000ns
    Discrete Jitter          (DJ):    0.000ns
    Phase Error              (PE):    0.000ns

    Location             Delay type                Incr(ns)  Path(ns)    Netlist Resource(s)
  -------------------------------------------------------------------    -------------------
    U18                                               0.000     0.000 r  reset
                         net (fo=0)                   0.000     0.000    reset
    U18                  IBUF (Prop_ibuf_I_O)         1.441     1.441 r  reset_IBUF_inst/O
                         net (fo=21, routed)          4.282     5.724    SEVEN_SEGMENT_DISPLAY/DIGIT_SELECTOR/reset_IBUF
    SLICE_X58Y24         FDRE                                         r  SEVEN_SEGMENT_DISPLAY/DIGIT_SELECTOR/count_reg[9]/R
  -------------------------------------------------------------------    -------------------

                         (clock sys_clk_pin rise edge)
                                                      0.000     0.000 r  <hidden>
    W5                                                0.000     0.000 r  clk
                         net (fo=0)                   0.000     0.000    clk
    W5                   IBUF (Prop_ibuf_I_O)         1.388     1.388 r  clk_IBUF_inst/O
                         net (fo=1, routed)           1.862     3.250    clk_IBUF
    BUFGCTRL_X0Y0        BUFG (Prop_bufg_I_O)         0.091     3.341 r  clk_IBUF_BUFG_inst/O
                         net (fo=21, routed)          1.501     4.842    SEVEN_SEGMENT_DISPLAY/DIGIT_SELECTOR/clk_IBUF_BUFG
    SLICE_X58Y24         FDRE                                         r  SEVEN_SEGMENT_DISPLAY/DIGIT_SELECTOR/count_reg[9]/C

Slack:                    inf
  Source:                 reset
                            (input port)
  Destination:            SEVEN_SEGMENT_DISPLAY/DIGIT_SELECTOR/count_reg[16]/R
                            (rising edge-triggered cell FDRE clocked by sys_clk_pin  {rise@0.000ns fall@5.000ns period=10.000ns})
  Path Group:             (none)
  Path Type:              Setup (Max at Slow Process Corner)
  Data Path Delay:        5.338ns  (logic 1.441ns (26.999%)  route 3.897ns (73.001%))
  Logic Levels:           1  (IBUF=1)
  Clock Path Skew:        4.844ns (DCD - SCD + CPR)
    Destination Clock Delay (DCD):    4.844ns
    Source Clock Delay      (SCD):    0.000ns
    Clock Pessimism Removal (CPR):    0.000ns
  Clock Uncertainty:      0.025ns  ((TSJ^2 + TIJ^2)^1/2 + DJ) / 2 + PE
    Total System Jitter     (TSJ):    0.050ns
    Total Input Jitter      (TIJ):    0.000ns
    Discrete Jitter          (DJ):    0.000ns
    Phase Error              (PE):    0.000ns

    Location             Delay type                Incr(ns)  Path(ns)    Netlist Resource(s)
  -------------------------------------------------------------------    -------------------
    U18                                               0.000     0.000 r  reset
                         net (fo=0)                   0.000     0.000    reset
    U18                  IBUF (Prop_ibuf_I_O)         1.441     1.441 r  reset_IBUF_inst/O
                         net (fo=21, routed)          3.897     5.338    SEVEN_SEGMENT_DISPLAY/DIGIT_SELECTOR/reset_IBUF
    SLICE_X58Y26         FDRE                                         r  SEVEN_SEGMENT_DISPLAY/DIGIT_SELECTOR/count_reg[16]/R
  -------------------------------------------------------------------    -------------------

                         (clock sys_clk_pin rise edge)
                                                      0.000     0.000 r  <hidden>
    W5                                                0.000     0.000 r  clk
                         net (fo=0)                   0.000     0.000    clk
    W5                   IBUF (Prop_ibuf_I_O)         1.388     1.388 r  clk_IBUF_inst/O
                         net (fo=1, routed)           1.862     3.250    clk_IBUF
    BUFGCTRL_X0Y0        BUFG (Prop_bufg_I_O)         0.091     3.341 r  clk_IBUF_BUFG_inst/O
                         net (fo=21, routed)          1.503     4.844    SEVEN_SEGMENT_DISPLAY/DIGIT_SELECTOR/clk_IBUF_BUFG
    SLICE_X58Y26         FDRE                                         r  SEVEN_SEGMENT_DISPLAY/DIGIT_SELECTOR/count_reg[16]/C

Slack:                    inf
  Source:                 reset
                            (input port)
  Destination:            SEVEN_SEGMENT_DISPLAY/DIGIT_SELECTOR/count_reg[12]/R
                            (rising edge-triggered cell FDRE clocked by sys_clk_pin  {rise@0.000ns fall@5.000ns period=10.000ns})
  Path Group:             (none)
  Path Type:              Setup (Max at Slow Process Corner)
  Data Path Delay:        5.214ns  (logic 1.441ns (27.644%)  route 3.773ns (72.356%))
  Logic Levels:           1  (IBUF=1)
  Clock Path Skew:        4.842ns (DCD - SCD + CPR)
    Destination Clock Delay (DCD):    4.842ns
    Source Clock Delay      (SCD):    0.000ns
    Clock Pessimism Removal (CPR):    0.000ns
  Clock Uncertainty:      0.025ns  ((TSJ^2 + TIJ^2)^1/2 + DJ) / 2 + PE
    Total System Jitter     (TSJ):    0.050ns
    Total Input Jitter      (TIJ):    0.000ns
    Discrete Jitter          (DJ):    0.000ns
    Phase Error              (PE):    0.000ns

    Location             Delay type                Incr(ns)  Path(ns)    Netlist Resource(s)
  -------------------------------------------------------------------    -------------------
    U18                                               0.000     0.000 r  reset
                         net (fo=0)                   0.000     0.000    reset
    U18                  IBUF (Prop_ibuf_I_O)         1.441     1.441 r  reset_IBUF_inst/O
                         net (fo=21, routed)          3.773     5.214    SEVEN_SEGMENT_DISPLAY/DIGIT_SELECTOR/reset_IBUF
    SLICE_X58Y25         FDRE                                         r  SEVEN_SEGMENT_DISPLAY/DIGIT_SELECTOR/count_reg[12]/R
  -------------------------------------------------------------------    -------------------

                         (clock sys_clk_pin rise edge)
                                                      0.000     0.000 r  <hidden>
    W5                                                0.000     0.000 r  clk
                         net (fo=0)                   0.000     0.000    clk
    W5                   IBUF (Prop_ibuf_I_O)         1.388     1.388 r  clk_IBUF_inst/O
                         net (fo=1, routed)           1.862     3.250    clk_IBUF
    BUFGCTRL_X0Y0        BUFG (Prop_bufg_I_O)         0.091     3.341 r  clk_IBUF_BUFG_inst/O
                         net (fo=21, routed)          1.501     4.842    SEVEN_SEGMENT_DISPLAY/DIGIT_SELECTOR/clk_IBUF_BUFG
    SLICE_X58Y25         FDRE                                         r  SEVEN_SEGMENT_DISPLAY/DIGIT_SELECTOR/count_reg[12]/C

Slack:                    inf
  Source:                 reset
                            (input port)
  Destination:            SEVEN_SEGMENT_DISPLAY/DIGIT_SELECTOR/count_reg[13]/R
                            (rising edge-triggered cell FDRE clocked by sys_clk_pin  {rise@0.000ns fall@5.000ns period=10.000ns})
  Path Group:             (none)
  Path Type:              Setup (Max at Slow Process Corner)
  Data Path Delay:        5.214ns  (logic 1.441ns (27.644%)  route 3.773ns (72.356%))
  Logic Levels:           1  (IBUF=1)
  Clock Path Skew:        4.842ns (DCD - SCD + CPR)
    Destination Clock Delay (DCD):    4.842ns
    Source Clock Delay      (SCD):    0.000ns
    Clock Pessimism Removal (CPR):    0.000ns
  Clock Uncertainty:      0.025ns  ((TSJ^2 + TIJ^2)^1/2 + DJ) / 2 + PE
    Total System Jitter     (TSJ):    0.050ns
    Total Input Jitter      (TIJ):    0.000ns
    Discrete Jitter          (DJ):    0.000ns
    Phase Error              (PE):    0.000ns

    Location             Delay type                Incr(ns)  Path(ns)    Netlist Resource(s)
  -------------------------------------------------------------------    -------------------
    U18                                               0.000     0.000 r  reset
                         net (fo=0)                   0.000     0.000    reset
    U18                  IBUF (Prop_ibuf_I_O)         1.441     1.441 r  reset_IBUF_inst/O
                         net (fo=21, routed)          3.773     5.214    SEVEN_SEGMENT_DISPLAY/DIGIT_SELECTOR/reset_IBUF
    SLICE_X58Y25         FDRE                                         r  SEVEN_SEGMENT_DISPLAY/DIGIT_SELECTOR/count_reg[13]/R
  -------------------------------------------------------------------    -------------------

                         (clock sys_clk_pin rise edge)
                                                      0.000     0.000 r  <hidden>
    W5                                                0.000     0.000 r  clk
                         net (fo=0)                   0.000     0.000    clk
    W5                   IBUF (Prop_ibuf_I_O)         1.388     1.388 r  clk_IBUF_inst/O
                         net (fo=1, routed)           1.862     3.250    clk_IBUF
    BUFGCTRL_X0Y0        BUFG (Prop_bufg_I_O)         0.091     3.341 r  clk_IBUF_BUFG_inst/O
                         net (fo=21, routed)          1.501     4.842    SEVEN_SEGMENT_DISPLAY/DIGIT_SELECTOR/clk_IBUF_BUFG
    SLICE_X58Y25         FDRE                                         r  SEVEN_SEGMENT_DISPLAY/DIGIT_SELECTOR/count_reg[13]/C

Slack:                    inf
  Source:                 reset
                            (input port)
  Destination:            SEVEN_SEGMENT_DISPLAY/DIGIT_SELECTOR/count_reg[14]/R
                            (rising edge-triggered cell FDRE clocked by sys_clk_pin  {rise@0.000ns fall@5.000ns period=10.000ns})
  Path Group:             (none)
  Path Type:              Setup (Max at Slow Process Corner)
  Data Path Delay:        5.214ns  (logic 1.441ns (27.644%)  route 3.773ns (72.356%))
  Logic Levels:           1  (IBUF=1)
  Clock Path Skew:        4.842ns (DCD - SCD + CPR)
    Destination Clock Delay (DCD):    4.842ns
    Source Clock Delay      (SCD):    0.000ns
    Clock Pessimism Removal (CPR):    0.000ns
  Clock Uncertainty:      0.025ns  ((TSJ^2 + TIJ^2)^1/2 + DJ) / 2 + PE
    Total System Jitter     (TSJ):    0.050ns
    Total Input Jitter      (TIJ):    0.000ns
    Discrete Jitter          (DJ):    0.000ns
    Phase Error              (PE):    0.000ns

    Location             Delay type                Incr(ns)  Path(ns)    Netlist Resource(s)
  -------------------------------------------------------------------    -------------------
    U18                                               0.000     0.000 r  reset
                         net (fo=0)                   0.000     0.000    reset
    U18                  IBUF (Prop_ibuf_I_O)         1.441     1.441 r  reset_IBUF_inst/O
                         net (fo=21, routed)          3.773     5.214    SEVEN_SEGMENT_DISPLAY/DIGIT_SELECTOR/reset_IBUF
    SLICE_X58Y25         FDRE                                         r  SEVEN_SEGMENT_DISPLAY/DIGIT_SELECTOR/count_reg[14]/R
  -------------------------------------------------------------------    -------------------

                         (clock sys_clk_pin rise edge)
                                                      0.000     0.000 r  <hidden>
    W5                                                0.000     0.000 r  clk
                         net (fo=0)                   0.000     0.000    clk
    W5                   IBUF (Prop_ibuf_I_O)         1.388     1.388 r  clk_IBUF_inst/O
                         net (fo=1, routed)           1.862     3.250    clk_IBUF
    BUFGCTRL_X0Y0        BUFG (Prop_bufg_I_O)         0.091     3.341 r  clk_IBUF_BUFG_inst/O
                         net (fo=21, routed)          1.501     4.842    SEVEN_SEGMENT_DISPLAY/DIGIT_SELECTOR/clk_IBUF_BUFG
    SLICE_X58Y25         FDRE                                         r  SEVEN_SEGMENT_DISPLAY/DIGIT_SELECTOR/count_reg[14]/C

Slack:                    inf
  Source:                 reset
                            (input port)
  Destination:            SEVEN_SEGMENT_DISPLAY/DIGIT_SELECTOR/count_reg[15]/R
                            (rising edge-triggered cell FDRE clocked by sys_clk_pin  {rise@0.000ns fall@5.000ns period=10.000ns})
  Path Group:             (none)
  Path Type:              Setup (Max at Slow Process Corner)
  Data Path Delay:        5.214ns  (logic 1.441ns (27.644%)  route 3.773ns (72.356%))
  Logic Levels:           1  (IBUF=1)
  Clock Path Skew:        4.842ns (DCD - SCD + CPR)
    Destination Clock Delay (DCD):    4.842ns
    Source Clock Delay      (SCD):    0.000ns
    Clock Pessimism Removal (CPR):    0.000ns
  Clock Uncertainty:      0.025ns  ((TSJ^2 + TIJ^2)^1/2 + DJ) / 2 + PE
    Total System Jitter     (TSJ):    0.050ns
    Total Input Jitter      (TIJ):    0.000ns
    Discrete Jitter          (DJ):    0.000ns
    Phase Error              (PE):    0.000ns

    Location             Delay type                Incr(ns)  Path(ns)    Netlist Resource(s)
  -------------------------------------------------------------------    -------------------
    U18                                               0.000     0.000 r  reset
                         net (fo=0)                   0.000     0.000    reset
    U18                  IBUF (Prop_ibuf_I_O)         1.441     1.441 r  reset_IBUF_inst/O
                         net (fo=21, routed)          3.773     5.214    SEVEN_SEGMENT_DISPLAY/DIGIT_SELECTOR/reset_IBUF
    SLICE_X58Y25         FDRE                                         r  SEVEN_SEGMENT_DISPLAY/DIGIT_SELECTOR/count_reg[15]/R
  -------------------------------------------------------------------    -------------------

                         (clock sys_clk_pin rise edge)
                                                      0.000     0.000 r  <hidden>
    W5                                                0.000     0.000 r  clk
                         net (fo=0)                   0.000     0.000    clk
    W5                   IBUF (Prop_ibuf_I_O)         1.388     1.388 r  clk_IBUF_inst/O
                         net (fo=1, routed)           1.862     3.250    clk_IBUF
    BUFGCTRL_X0Y0        BUFG (Prop_bufg_I_O)         0.091     3.341 r  clk_IBUF_BUFG_inst/O
                         net (fo=21, routed)          1.501     4.842    SEVEN_SEGMENT_DISPLAY/DIGIT_SELECTOR/clk_IBUF_BUFG
    SLICE_X58Y25         FDRE                                         r  SEVEN_SEGMENT_DISPLAY/DIGIT_SELECTOR/count_reg[15]/C





Min Delay Paths
--------------------------------------------------------------------------------------
Slack:                    inf
  Source:                 reset
                            (input port)
  Destination:            SEVEN_SEGMENT_DISPLAY/DIGIT_SELECTOR/count_reg[0]/R
                            (rising edge-triggered cell FDRE clocked by sys_clk_pin  {rise@0.000ns fall@5.000ns period=10.000ns})
  Path Group:             (none)
  Path Type:              Hold (Min at Fast Process Corner)
  Data Path Delay:        1.802ns  (logic 0.210ns (11.624%)  route 1.593ns (88.376%))
  Logic Levels:           1  (IBUF=1)
  Clock Path Skew:        1.978ns (DCD - SCD - CPR)
    Destination Clock Delay (DCD):    1.978ns
    Source Clock Delay      (SCD):    0.000ns
    Clock Pessimism Removal (CPR):    -0.000ns

    Location             Delay type                Incr(ns)  Path(ns)    Netlist Resource(s)
  -------------------------------------------------------------------    -------------------
    U18                                               0.000     0.000 r  reset
                         net (fo=0)                   0.000     0.000    reset
    U18                  IBUF (Prop_ibuf_I_O)         0.210     0.210 r  reset_IBUF_inst/O
                         net (fo=21, routed)          1.593     1.802    SEVEN_SEGMENT_DISPLAY/DIGIT_SELECTOR/reset_IBUF
    SLICE_X58Y22         FDRE                                         r  SEVEN_SEGMENT_DISPLAY/DIGIT_SELECTOR/count_reg[0]/R
  -------------------------------------------------------------------    -------------------

                         (clock sys_clk_pin rise edge)
                                                      0.000     0.000 r  <hidden>
    W5                                                0.000     0.000 r  clk
                         net (fo=0)                   0.000     0.000    clk
    W5                   IBUF (Prop_ibuf_I_O)         0.414     0.414 r  clk_IBUF_inst/O
                         net (fo=1, routed)           0.685     1.099    clk_IBUF
    BUFGCTRL_X0Y0        BUFG (Prop_bufg_I_O)         0.029     1.128 r  clk_IBUF_BUFG_inst/O
                         net (fo=21, routed)          0.851     1.978    SEVEN_SEGMENT_DISPLAY/DIGIT_SELECTOR/clk_IBUF_BUFG
    SLICE_X58Y22         FDRE                                         r  SEVEN_SEGMENT_DISPLAY/DIGIT_SELECTOR/count_reg[0]/C

Slack:                    inf
  Source:                 reset
                            (input port)
  Destination:            SEVEN_SEGMENT_DISPLAY/DIGIT_SELECTOR/count_reg[1]/R
                            (rising edge-triggered cell FDRE clocked by sys_clk_pin  {rise@0.000ns fall@5.000ns period=10.000ns})
  Path Group:             (none)
  Path Type:              Hold (Min at Fast Process Corner)
  Data Path Delay:        1.802ns  (logic 0.210ns (11.624%)  route 1.593ns (88.376%))
  Logic Levels:           1  (IBUF=1)
  Clock Path Skew:        1.978ns (DCD - SCD - CPR)
    Destination Clock Delay (DCD):    1.978ns
    Source Clock Delay      (SCD):    0.000ns
    Clock Pessimism Removal (CPR):    -0.000ns

    Location             Delay type                Incr(ns)  Path(ns)    Netlist Resource(s)
  -------------------------------------------------------------------    -------------------
    U18                                               0.000     0.000 r  reset
                         net (fo=0)                   0.000     0.000    reset
    U18                  IBUF (Prop_ibuf_I_O)         0.210     0.210 r  reset_IBUF_inst/O
                         net (fo=21, routed)          1.593     1.802    SEVEN_SEGMENT_DISPLAY/DIGIT_SELECTOR/reset_IBUF
    SLICE_X58Y22         FDRE                                         r  SEVEN_SEGMENT_DISPLAY/DIGIT_SELECTOR/count_reg[1]/R
  -------------------------------------------------------------------    -------------------

                         (clock sys_clk_pin rise edge)
                                                      0.000     0.000 r  <hidden>
    W5                                                0.000     0.000 r  clk
                         net (fo=0)                   0.000     0.000    clk
    W5                   IBUF (Prop_ibuf_I_O)         0.414     0.414 r  clk_IBUF_inst/O
                         net (fo=1, routed)           0.685     1.099    clk_IBUF
    BUFGCTRL_X0Y0        BUFG (Prop_bufg_I_O)         0.029     1.128 r  clk_IBUF_BUFG_inst/O
                         net (fo=21, routed)          0.851     1.978    SEVEN_SEGMENT_DISPLAY/DIGIT_SELECTOR/clk_IBUF_BUFG
    SLICE_X58Y22         FDRE                                         r  SEVEN_SEGMENT_DISPLAY/DIGIT_SELECTOR/count_reg[1]/C

Slack:                    inf
  Source:                 reset
                            (input port)
  Destination:            SEVEN_SEGMENT_DISPLAY/DIGIT_SELECTOR/count_reg[2]/R
                            (rising edge-triggered cell FDRE clocked by sys_clk_pin  {rise@0.000ns fall@5.000ns period=10.000ns})
  Path Group:             (none)
  Path Type:              Hold (Min at Fast Process Corner)
  Data Path Delay:        1.802ns  (logic 0.210ns (11.624%)  route 1.593ns (88.376%))
  Logic Levels:           1  (IBUF=1)
  Clock Path Skew:        1.978ns (DCD - SCD - CPR)
    Destination Clock Delay (DCD):    1.978ns
    Source Clock Delay      (SCD):    0.000ns
    Clock Pessimism Removal (CPR):    -0.000ns

    Location             Delay type                Incr(ns)  Path(ns)    Netlist Resource(s)
  -------------------------------------------------------------------    -------------------
    U18                                               0.000     0.000 r  reset
                         net (fo=0)                   0.000     0.000    reset
    U18                  IBUF (Prop_ibuf_I_O)         0.210     0.210 r  reset_IBUF_inst/O
                         net (fo=21, routed)          1.593     1.802    SEVEN_SEGMENT_DISPLAY/DIGIT_SELECTOR/reset_IBUF
    SLICE_X58Y22         FDRE                                         r  SEVEN_SEGMENT_DISPLAY/DIGIT_SELECTOR/count_reg[2]/R
  -------------------------------------------------------------------    -------------------

                         (clock sys_clk_pin rise edge)
                                                      0.000     0.000 r  <hidden>
    W5                                                0.000     0.000 r  clk
                         net (fo=0)                   0.000     0.000    clk
    W5                   IBUF (Prop_ibuf_I_O)         0.414     0.414 r  clk_IBUF_inst/O
                         net (fo=1, routed)           0.685     1.099    clk_IBUF
    BUFGCTRL_X0Y0        BUFG (Prop_bufg_I_O)         0.029     1.128 r  clk_IBUF_BUFG_inst/O
                         net (fo=21, routed)          0.851     1.978    SEVEN_SEGMENT_DISPLAY/DIGIT_SELECTOR/clk_IBUF_BUFG
    SLICE_X58Y22         FDRE                                         r  SEVEN_SEGMENT_DISPLAY/DIGIT_SELECTOR/count_reg[2]/C

Slack:                    inf
  Source:                 reset
                            (input port)
  Destination:            SEVEN_SEGMENT_DISPLAY/DIGIT_SELECTOR/count_reg[3]/R
                            (rising edge-triggered cell FDRE clocked by sys_clk_pin  {rise@0.000ns fall@5.000ns period=10.000ns})
  Path Group:             (none)
  Path Type:              Hold (Min at Fast Process Corner)
  Data Path Delay:        1.802ns  (logic 0.210ns (11.624%)  route 1.593ns (88.376%))
  Logic Levels:           1  (IBUF=1)
  Clock Path Skew:        1.978ns (DCD - SCD - CPR)
    Destination Clock Delay (DCD):    1.978ns
    Source Clock Delay      (SCD):    0.000ns
    Clock Pessimism Removal (CPR):    -0.000ns

    Location             Delay type                Incr(ns)  Path(ns)    Netlist Resource(s)
  -------------------------------------------------------------------    -------------------
    U18                                               0.000     0.000 r  reset
                         net (fo=0)                   0.000     0.000    reset
    U18                  IBUF (Prop_ibuf_I_O)         0.210     0.210 r  reset_IBUF_inst/O
                         net (fo=21, routed)          1.593     1.802    SEVEN_SEGMENT_DISPLAY/DIGIT_SELECTOR/reset_IBUF
    SLICE_X58Y22         FDRE                                         r  SEVEN_SEGMENT_DISPLAY/DIGIT_SELECTOR/count_reg[3]/R
  -------------------------------------------------------------------    -------------------

                         (clock sys_clk_pin rise edge)
                                                      0.000     0.000 r  <hidden>
    W5                                                0.000     0.000 r  clk
                         net (fo=0)                   0.000     0.000    clk
    W5                   IBUF (Prop_ibuf_I_O)         0.414     0.414 r  clk_IBUF_inst/O
                         net (fo=1, routed)           0.685     1.099    clk_IBUF
    BUFGCTRL_X0Y0        BUFG (Prop_bufg_I_O)         0.029     1.128 r  clk_IBUF_BUFG_inst/O
                         net (fo=21, routed)          0.851     1.978    SEVEN_SEGMENT_DISPLAY/DIGIT_SELECTOR/clk_IBUF_BUFG
    SLICE_X58Y22         FDRE                                         r  SEVEN_SEGMENT_DISPLAY/DIGIT_SELECTOR/count_reg[3]/C

Slack:                    inf
  Source:                 reset
                            (input port)
  Destination:            SEVEN_SEGMENT_DISPLAY/DIGIT_SELECTOR/q_reg[2]/S
                            (rising edge-triggered cell FDSE clocked by sys_clk_pin  {rise@0.000ns fall@5.000ns period=10.000ns})
  Path Group:             (none)
  Path Type:              Hold (Min at Fast Process Corner)
  Data Path Delay:        1.853ns  (logic 0.210ns (11.308%)  route 1.643ns (88.692%))
  Logic Levels:           1  (IBUF=1)
  Clock Path Skew:        1.975ns (DCD - SCD - CPR)
    Destination Clock Delay (DCD):    1.975ns
    Source Clock Delay      (SCD):    0.000ns
    Clock Pessimism Removal (CPR):    -0.000ns

    Location             Delay type                Incr(ns)  Path(ns)    Netlist Resource(s)
  -------------------------------------------------------------------    -------------------
    U18                                               0.000     0.000 r  reset
                         net (fo=0)                   0.000     0.000    reset
    U18                  IBUF (Prop_ibuf_I_O)         0.210     0.210 r  reset_IBUF_inst/O
                         net (fo=21, routed)          1.643     1.853    SEVEN_SEGMENT_DISPLAY/DIGIT_SELECTOR/reset_IBUF
    SLICE_X60Y24         FDSE                                         r  SEVEN_SEGMENT_DISPLAY/DIGIT_SELECTOR/q_reg[2]/S
  -------------------------------------------------------------------    -------------------

                         (clock sys_clk_pin rise edge)
                                                      0.000     0.000 r  <hidden>
    W5                                                0.000     0.000 r  clk
                         net (fo=0)                   0.000     0.000    clk
    W5                   IBUF (Prop_ibuf_I_O)         0.414     0.414 r  clk_IBUF_inst/O
                         net (fo=1, routed)           0.685     1.099    clk_IBUF
    BUFGCTRL_X0Y0        BUFG (Prop_bufg_I_O)         0.029     1.128 r  clk_IBUF_BUFG_inst/O
                         net (fo=21, routed)          0.848     1.975    SEVEN_SEGMENT_DISPLAY/DIGIT_SELECTOR/clk_IBUF_BUFG
    SLICE_X60Y24         FDSE                                         r  SEVEN_SEGMENT_DISPLAY/DIGIT_SELECTOR/q_reg[2]/C

Slack:                    inf
  Source:                 reset
                            (input port)
  Destination:            SEVEN_SEGMENT_DISPLAY/DIGIT_SELECTOR/count_reg[4]/R
                            (rising edge-triggered cell FDRE clocked by sys_clk_pin  {rise@0.000ns fall@5.000ns period=10.000ns})
  Path Group:             (none)
  Path Type:              Hold (Min at Fast Process Corner)
  Data Path Delay:        1.867ns  (logic 0.210ns (11.224%)  route 1.657ns (88.776%))
  Logic Levels:           1  (IBUF=1)
  Clock Path Skew:        1.976ns (DCD - SCD - CPR)
    Destination Clock Delay (DCD):    1.976ns
    Source Clock Delay      (SCD):    0.000ns
    Clock Pessimism Removal (CPR):    -0.000ns

    Location             Delay type                Incr(ns)  Path(ns)    Netlist Resource(s)
  -------------------------------------------------------------------    -------------------
    U18                                               0.000     0.000 r  reset
                         net (fo=0)                   0.000     0.000    reset
    U18                  IBUF (Prop_ibuf_I_O)         0.210     0.210 r  reset_IBUF_inst/O
                         net (fo=21, routed)          1.657     1.867    SEVEN_SEGMENT_DISPLAY/DIGIT_SELECTOR/reset_IBUF
    SLICE_X58Y23         FDRE                                         r  SEVEN_SEGMENT_DISPLAY/DIGIT_SELECTOR/count_reg[4]/R
  -------------------------------------------------------------------    -------------------

                         (clock sys_clk_pin rise edge)
                                                      0.000     0.000 r  <hidden>
    W5                                                0.000     0.000 r  clk
                         net (fo=0)                   0.000     0.000    clk
    W5                   IBUF (Prop_ibuf_I_O)         0.414     0.414 r  clk_IBUF_inst/O
                         net (fo=1, routed)           0.685     1.099    clk_IBUF
    BUFGCTRL_X0Y0        BUFG (Prop_bufg_I_O)         0.029     1.128 r  clk_IBUF_BUFG_inst/O
                         net (fo=21, routed)          0.849     1.976    SEVEN_SEGMENT_DISPLAY/DIGIT_SELECTOR/clk_IBUF_BUFG
    SLICE_X58Y23         FDRE                                         r  SEVEN_SEGMENT_DISPLAY/DIGIT_SELECTOR/count_reg[4]/C

Slack:                    inf
  Source:                 reset
                            (input port)
  Destination:            SEVEN_SEGMENT_DISPLAY/DIGIT_SELECTOR/count_reg[5]/R
                            (rising edge-triggered cell FDRE clocked by sys_clk_pin  {rise@0.000ns fall@5.000ns period=10.000ns})
  Path Group:             (none)
  Path Type:              Hold (Min at Fast Process Corner)
  Data Path Delay:        1.867ns  (logic 0.210ns (11.224%)  route 1.657ns (88.776%))
  Logic Levels:           1  (IBUF=1)
  Clock Path Skew:        1.976ns (DCD - SCD - CPR)
    Destination Clock Delay (DCD):    1.976ns
    Source Clock Delay      (SCD):    0.000ns
    Clock Pessimism Removal (CPR):    -0.000ns

    Location             Delay type                Incr(ns)  Path(ns)    Netlist Resource(s)
  -------------------------------------------------------------------    -------------------
    U18                                               0.000     0.000 r  reset
                         net (fo=0)                   0.000     0.000    reset
    U18                  IBUF (Prop_ibuf_I_O)         0.210     0.210 r  reset_IBUF_inst/O
                         net (fo=21, routed)          1.657     1.867    SEVEN_SEGMENT_DISPLAY/DIGIT_SELECTOR/reset_IBUF
    SLICE_X58Y23         FDRE                                         r  SEVEN_SEGMENT_DISPLAY/DIGIT_SELECTOR/count_reg[5]/R
  -------------------------------------------------------------------    -------------------

                         (clock sys_clk_pin rise edge)
                                                      0.000     0.000 r  <hidden>
    W5                                                0.000     0.000 r  clk
                         net (fo=0)                   0.000     0.000    clk
    W5                   IBUF (Prop_ibuf_I_O)         0.414     0.414 r  clk_IBUF_inst/O
                         net (fo=1, routed)           0.685     1.099    clk_IBUF
    BUFGCTRL_X0Y0        BUFG (Prop_bufg_I_O)         0.029     1.128 r  clk_IBUF_BUFG_inst/O
                         net (fo=21, routed)          0.849     1.976    SEVEN_SEGMENT_DISPLAY/DIGIT_SELECTOR/clk_IBUF_BUFG
    SLICE_X58Y23         FDRE                                         r  SEVEN_SEGMENT_DISPLAY/DIGIT_SELECTOR/count_reg[5]/C

Slack:                    inf
  Source:                 reset
                            (input port)
  Destination:            SEVEN_SEGMENT_DISPLAY/DIGIT_SELECTOR/count_reg[6]/R
                            (rising edge-triggered cell FDRE clocked by sys_clk_pin  {rise@0.000ns fall@5.000ns period=10.000ns})
  Path Group:             (none)
  Path Type:              Hold (Min at Fast Process Corner)
  Data Path Delay:        1.867ns  (logic 0.210ns (11.224%)  route 1.657ns (88.776%))
  Logic Levels:           1  (IBUF=1)
  Clock Path Skew:        1.976ns (DCD - SCD - CPR)
    Destination Clock Delay (DCD):    1.976ns
    Source Clock Delay      (SCD):    0.000ns
    Clock Pessimism Removal (CPR):    -0.000ns

    Location             Delay type                Incr(ns)  Path(ns)    Netlist Resource(s)
  -------------------------------------------------------------------    -------------------
    U18                                               0.000     0.000 r  reset
                         net (fo=0)                   0.000     0.000    reset
    U18                  IBUF (Prop_ibuf_I_O)         0.210     0.210 r  reset_IBUF_inst/O
                         net (fo=21, routed)          1.657     1.867    SEVEN_SEGMENT_DISPLAY/DIGIT_SELECTOR/reset_IBUF
    SLICE_X58Y23         FDRE                                         r  SEVEN_SEGMENT_DISPLAY/DIGIT_SELECTOR/count_reg[6]/R
  -------------------------------------------------------------------    -------------------

                         (clock sys_clk_pin rise edge)
                                                      0.000     0.000 r  <hidden>
    W5                                                0.000     0.000 r  clk
                         net (fo=0)                   0.000     0.000    clk
    W5                   IBUF (Prop_ibuf_I_O)         0.414     0.414 r  clk_IBUF_inst/O
                         net (fo=1, routed)           0.685     1.099    clk_IBUF
    BUFGCTRL_X0Y0        BUFG (Prop_bufg_I_O)         0.029     1.128 r  clk_IBUF_BUFG_inst/O
                         net (fo=21, routed)          0.849     1.976    SEVEN_SEGMENT_DISPLAY/DIGIT_SELECTOR/clk_IBUF_BUFG
    SLICE_X58Y23         FDRE                                         r  SEVEN_SEGMENT_DISPLAY/DIGIT_SELECTOR/count_reg[6]/C

Slack:                    inf
  Source:                 reset
                            (input port)
  Destination:            SEVEN_SEGMENT_DISPLAY/DIGIT_SELECTOR/count_reg[7]/R
                            (rising edge-triggered cell FDRE clocked by sys_clk_pin  {rise@0.000ns fall@5.000ns period=10.000ns})
  Path Group:             (none)
  Path Type:              Hold (Min at Fast Process Corner)
  Data Path Delay:        1.867ns  (logic 0.210ns (11.224%)  route 1.657ns (88.776%))
  Logic Levels:           1  (IBUF=1)
  Clock Path Skew:        1.976ns (DCD - SCD - CPR)
    Destination Clock Delay (DCD):    1.976ns
    Source Clock Delay      (SCD):    0.000ns
    Clock Pessimism Removal (CPR):    -0.000ns

    Location             Delay type                Incr(ns)  Path(ns)    Netlist Resource(s)
  -------------------------------------------------------------------    -------------------
    U18                                               0.000     0.000 r  reset
                         net (fo=0)                   0.000     0.000    reset
    U18                  IBUF (Prop_ibuf_I_O)         0.210     0.210 r  reset_IBUF_inst/O
                         net (fo=21, routed)          1.657     1.867    SEVEN_SEGMENT_DISPLAY/DIGIT_SELECTOR/reset_IBUF
    SLICE_X58Y23         FDRE                                         r  SEVEN_SEGMENT_DISPLAY/DIGIT_SELECTOR/count_reg[7]/R
  -------------------------------------------------------------------    -------------------

                         (clock sys_clk_pin rise edge)
                                                      0.000     0.000 r  <hidden>
    W5                                                0.000     0.000 r  clk
                         net (fo=0)                   0.000     0.000    clk
    W5                   IBUF (Prop_ibuf_I_O)         0.414     0.414 r  clk_IBUF_inst/O
                         net (fo=1, routed)           0.685     1.099    clk_IBUF
    BUFGCTRL_X0Y0        BUFG (Prop_bufg_I_O)         0.029     1.128 r  clk_IBUF_BUFG_inst/O
                         net (fo=21, routed)          0.849     1.976    SEVEN_SEGMENT_DISPLAY/DIGIT_SELECTOR/clk_IBUF_BUFG
    SLICE_X58Y23         FDRE                                         r  SEVEN_SEGMENT_DISPLAY/DIGIT_SELECTOR/count_reg[7]/C

Slack:                    inf
  Source:                 reset
                            (input port)
  Destination:            SEVEN_SEGMENT_DISPLAY/DIGIT_SELECTOR/q_reg[0]/S
                            (rising edge-triggered cell FDSE clocked by sys_clk_pin  {rise@0.000ns fall@5.000ns period=10.000ns})
  Path Group:             (none)
  Path Type:              Hold (Min at Fast Process Corner)
  Data Path Delay:        2.005ns  (logic 0.210ns (10.451%)  route 1.795ns (89.549%))
  Logic Levels:           1  (IBUF=1)
  Clock Path Skew:        1.975ns (DCD - SCD - CPR)
    Destination Clock Delay (DCD):    1.975ns
    Source Clock Delay      (SCD):    0.000ns
    Clock Pessimism Removal (CPR):    -0.000ns

    Location             Delay type                Incr(ns)  Path(ns)    Netlist Resource(s)
  -------------------------------------------------------------------    -------------------
    U18                                               0.000     0.000 r  reset
                         net (fo=0)                   0.000     0.000    reset
    U18                  IBUF (Prop_ibuf_I_O)         0.210     0.210 r  reset_IBUF_inst/O
                         net (fo=21, routed)          1.795     2.005    SEVEN_SEGMENT_DISPLAY/DIGIT_SELECTOR/reset_IBUF
    SLICE_X59Y25         FDSE                                         r  SEVEN_SEGMENT_DISPLAY/DIGIT_SELECTOR/q_reg[0]/S
  -------------------------------------------------------------------    -------------------

                         (clock sys_clk_pin rise edge)
                                                      0.000     0.000 r  <hidden>
    W5                                                0.000     0.000 r  clk
                         net (fo=0)                   0.000     0.000    clk
    W5                   IBUF (Prop_ibuf_I_O)         0.414     0.414 r  clk_IBUF_inst/O
                         net (fo=1, routed)           0.685     1.099    clk_IBUF
    BUFGCTRL_X0Y0        BUFG (Prop_bufg_I_O)         0.029     1.128 r  clk_IBUF_BUFG_inst/O
                         net (fo=21, routed)          0.848     1.975    SEVEN_SEGMENT_DISPLAY/DIGIT_SELECTOR/clk_IBUF_BUFG
    SLICE_X59Y25         FDSE                                         r  SEVEN_SEGMENT_DISPLAY/DIGIT_SELECTOR/q_reg[0]/C





